frame,seconds,midi,note,velocity,instrument,pan
0,0.000,76,E5,0.67,0,0.16
15,0.500,74,D5,0.48,0,0.16
30,1.000,72,C5,0.67,0,0.16
45,1.500,76,E5,0.48,0,0.16
0,0.000,36,C2,0.6,1,-0.12
30,1.000,43,G2,0.39,1,-0.12
0,0.000,60,C4,0.22,0,-0.24
5,0.167,67,G4,0.22,0,-0.24
10,0.333,64,E4,0.22,0,-0.24
15,0.500,67,G4,0.22,0,-0.24
20,0.667,60,C4,0.22,0,-0.24
25,0.833,67,G4,0.22,0,-0.24
30,1.000,64,E4,0.22,0,-0.24
35,1.167,67,G4,0.22,0,-0.24
40,1.333,60,C4,0.22,0,-0.24
45,1.500,67,G4,0.22,0,-0.24
50,1.667,64,E4,0.22,0,-0.24
55,1.833,67,G4,0.22,0,-0.24
0,0.000,0,C-1,0.1,2,0
15,0.500,0,C-1,0.1,3,0
30,1.000,0,C-1,0.1,2,0
45,1.500,0,C-1,0.1,3,0
60,2.000,77,F5,0.67,0,0.16
75,2.500,76,E5,0.48,0,0.16
90,3.000,74,D5,0.67,0,0.16
105,3.500,72,C5,0.48,0,0.16
60,2.000,41,F2,0.6,1,-0.12
90,3.000,48,C3,0.39,1,-0.12
60,2.000,65,F4,0.22,0,-0.24
65,2.167,72,C5,0.22,0,-0.24
70,2.333,69,A4,0.22,0,-0.24
75,2.500,72,C5,0.22,0,-0.24
80,2.667,65,F4,0.22,0,-0.24
85,2.833,72,C5,0.22,0,-0.24
90,3.000,69,A4,0.22,0,-0.24
95,3.167,72,C5,0.22,0,-0.24
100,3.333,65,F4,0.22,0,-0.24
105,3.500,72,C5,0.22,0,-0.24
110,3.667,69,A4,0.22,0,-0.24
115,3.833,72,C5,0.22,0,-0.24
60,2.000,0,C-1,0.1,2,0
75,2.500,0,C-1,0.1,3,0
90,3.000,0,C-1,0.1,2,0
105,3.500,0,C-1,0.1,3,0
120,4.000,74,D5,0.67,0,0.16
135,4.500,76,E5,0.48,0,0.16
150,5.000,74,D5,0.67,0,0.16
165,5.500,79,G5,0.48,0,0.16
120,4.000,43,G2,0.6,1,-0.12
150,5.000,50,D3,0.39,1,-0.12
120,4.000,67,G4,0.22,0,-0.24
125,4.167,74,D5,0.22,0,-0.24
130,4.333,71,B4,0.22,0,-0.24
135,4.500,74,D5,0.22,0,-0.24
140,4.667,67,G4,0.22,0,-0.24
145,4.833,74,D5,0.22,0,-0.24
150,5.000,71,B4,0.22,0,-0.24
155,5.167,74,D5,0.22,0,-0.24
160,5.333,67,G4,0.22,0,-0.24
165,5.500,74,D5,0.22,0,-0.24
170,5.667,71,B4,0.22,0,-0.24
175,5.833,74,D5,0.22,0,-0.24
120,4.000,0,C-1,0.1,2,0
135,4.500,0,C-1,0.1,3,0
150,5.000,0,C-1,0.1,2,0
165,5.500,0,C-1,0.1,3,0
180,6.000,76,E5,0.67,0,0.16
195,6.500,74,D5,0.48,0,0.16
210,7.000,72,C5,0.67,0,0.16
225,7.500,72,C5,0.48,0,0.16
180,6.000,36,C2,0.6,1,-0.12
210,7.000,43,G2,0.39,1,-0.12
180,6.000,60,C4,0.22,0,-0.24
185,6.167,67,G4,0.22,0,-0.24
190,6.333,64,E4,0.22,0,-0.24
195,6.500,67,G4,0.22,0,-0.24
200,6.667,60,C4,0.22,0,-0.24
205,6.833,67,G4,0.22,0,-0.24
210,7.000,64,E4,0.22,0,-0.24
215,7.167,67,G4,0.22,0,-0.24
220,7.333,60,C4,0.22,0,-0.24
225,7.500,67,G4,0.22,0,-0.24
230,7.667,64,E4,0.22,0,-0.24
235,7.833,67,G4,0.22,0,-0.24
180,6.000,0,C-1,0.1,2,0
195,6.500,0,C-1,0.1,3,0
210,7.000,0,C-1,0.1,2,0
225,7.500,0,C-1,0.1,3,0
240,8.000,79,G5,0.67,0,0.16
255,8.500,76,E5,0.48,0,0.16
270,9.000,74,D5,0.67,0,0.16
285,9.500,72,C5,0.48,0,0.16
240,8.000,36,C2,0.6,1,-0.12
270,9.000,43,G2,0.39,1,-0.12
240,8.000,60,C4,0.22,0,-0.24
245,8.167,67,G4,0.22,0,-0.24
250,8.333,64,E4,0.22,0,-0.24
255,8.500,67,G4,0.22,0,-0.24
260,8.667,60,C4,0.22,0,-0.24
265,8.833,67,G4,0.22,0,-0.24
270,9.000,64,E4,0.22,0,-0.24
275,9.167,67,G4,0.22,0,-0.24
280,9.333,60,C4,0.22,0,-0.24
285,9.500,67,G4,0.22,0,-0.24
290,9.667,64,E4,0.22,0,-0.24
295,9.833,67,G4,0.22,0,-0.24
240,8.000,0,C-1,0.1,2,0
255,8.500,0,C-1,0.1,3,0
270,9.000,0,C-1,0.1,2,0
285,9.500,0,C-1,0.1,3,0
300,10.000,77,F5,0.67,0,0.16
315,10.500,79,G5,0.48,0,0.16
330,11.000,81,A5,0.67,0,0.16
345,11.500,77,F5,0.48,0,0.16
300,10.000,41,F2,0.6,1,-0.12
330,11.000,48,C3,0.39,1,-0.12
300,10.000,65,F4,0.22,0,-0.24
305,10.167,72,C5,0.22,0,-0.24
310,10.333,69,A4,0.22,0,-0.24
315,10.500,72,C5,0.22,0,-0.24
320,10.667,65,F4,0.22,0,-0.24
325,10.833,72,C5,0.22,0,-0.24
330,11.000,69,A4,0.22,0,-0.24
335,11.167,72,C5,0.22,0,-0.24
340,11.333,65,F4,0.22,0,-0.24
345,11.500,72,C5,0.22,0,-0.24
350,11.667,69,A4,0.22,0,-0.24
355,11.833,72,C5,0.22,0,-0.24
300,10.000,0,C-1,0.1,2,0
315,10.500,0,C-1,0.1,3,0
330,11.000,0,C-1,0.1,2,0
345,11.500,0,C-1,0.1,3,0
360,12.000,79,G5,0.67,0,0.16
375,12.500,77,F5,0.48,0,0.16
390,13.000,74,D5,0.67,0,0.16
405,13.500,79,G5,0.48,0,0.16
360,12.000,43,G2,0.6,1,-0.12
390,13.000,50,D3,0.39,1,-0.12
360,12.000,67,G4,0.22,0,-0.24
365,12.167,74,D5,0.22,0,-0.24
370,12.333,71,B4,0.22,0,-0.24
375,12.500,74,D5,0.22,0,-0.24
380,12.667,67,G4,0.22,0,-0.24
385,12.833,74,D5,0.22,0,-0.24
390,13.000,71,B4,0.22,0,-0.24
395,13.167,74,D5,0.22,0,-0.24
400,13.333,67,G4,0.22,0,-0.24
405,13.500,74,D5,0.22,0,-0.24
410,13.667,71,B4,0.22,0,-0.24
415,13.833,74,D5,0.22,0,-0.24
360,12.000,0,C-1,0.1,2,0
375,12.500,0,C-1,0.1,3,0
390,13.000,0,C-1,0.1,2,0
405,13.500,0,C-1,0.1,3,0
420,14.000,76,E5,0.67,0,0.16
435,14.500,74,D5,0.48,0,0.16
450,15.000,72,C5,0.67,0,0.16
465,15.500,72,C5,0.48,0,0.16
420,14.000,36,C2,0.6,1,-0.12
450,15.000,43,G2,0.39,1,-0.12
420,14.000,60,C4,0.22,0,-0.24
425,14.167,67,G4,0.22,0,-0.24
430,14.333,64,E4,0.22,0,-0.24
435,14.500,67,G4,0.22,0,-0.24
440,14.667,60,C4,0.22,0,-0.24
445,14.833,67,G4,0.22,0,-0.24
450,15.000,64,E4,0.22,0,-0.24
455,15.167,67,G4,0.22,0,-0.24
460,15.333,60,C4,0.22,0,-0.24
465,15.500,67,G4,0.22,0,-0.24
470,15.667,64,E4,0.22,0,-0.24
475,15.833,67,G4,0.22,0,-0.24
420,14.000,0,C-1,0.1,2,0
435,14.500,0,C-1,0.1,3,0
450,15.000,0,C-1,0.1,2,0
465,15.500,0,C-1,0.1,3,0
480,16.000,76,E5,0.67,0,0.16
495,16.500,74,D5,0.48,0,0.16
510,17.000,72,C5,0.67,0,0.16
525,17.500,76,E5,0.48,0,0.16
480,16.000,36,C2,0.6,1,-0.12
510,17.000,43,G2,0.39,1,-0.12
480,16.000,60,C4,0.22,0,-0.24
485,16.167,67,G4,0.22,0,-0.24
490,16.333,64,E4,0.22,0,-0.24
495,16.500,67,G4,0.22,0,-0.24
500,16.667,60,C4,0.22,0,-0.24
505,16.833,67,G4,0.22,0,-0.24
510,17.000,64,E4,0.22,0,-0.24
515,17.167,67,G4,0.22,0,-0.24
520,17.333,60,C4,0.22,0,-0.24
525,17.500,67,G4,0.22,0,-0.24
530,17.667,64,E4,0.22,0,-0.24
535,17.833,67,G4,0.22,0,-0.24
480,16.000,0,C-1,0.1,2,0
495,16.500,0,C-1,0.1,3,0
510,17.000,0,C-1,0.1,2,0
525,17.500,0,C-1,0.1,3,0
540,18.000,77,F5,0.67,0,0.16
555,18.500,76,E5,0.48,0,0.16
570,19.000,74,D5,0.67,0,0.16
585,19.500,72,C5,0.48,0,0.16
540,18.000,41,F2,0.6,1,-0.12
570,19.000,48,C3,0.39,1,-0.12
540,18.000,65,F4,0.22,0,-0.24
545,18.167,72,C5,0.22,0,-0.24
550,18.333,69,A4,0.22,0,-0.24
555,18.500,72,C5,0.22,0,-0.24
560,18.667,65,F4,0.22,0,-0.24
565,18.833,72,C5,0.22,0,-0.24
570,19.000,69,A4,0.22,0,-0.24
575,19.167,72,C5,0.22,0,-0.24
580,19.333,65,F4,0.22,0,-0.24
585,19.500,72,C5,0.22,0,-0.24
590,19.667,69,A4,0.22,0,-0.24
595,19.833,72,C5,0.22,0,-0.24
540,18.000,0,C-1,0.1,2,0
555,18.500,0,C-1,0.1,3,0
570,19.000,0,C-1,0.1,2,0
585,19.500,0,C-1,0.1,3,0
600,20.000,74,D5,0.67,0,0.16
615,20.500,76,E5,0.48,0,0.16
630,21.000,74,D5,0.67,0,0.16
645,21.500,79,G5,0.48,0,0.16
600,20.000,43,G2,0.6,1,-0.12
630,21.000,50,D3,0.39,1,-0.12
600,20.000,67,G4,0.22,0,-0.24
605,20.167,74,D5,0.22,0,-0.24
610,20.333,71,B4,0.22,0,-0.24
615,20.500,74,D5,0.22,0,-0.24
620,20.667,67,G4,0.22,0,-0.24
625,20.833,74,D5,0.22,0,-0.24
630,21.000,71,B4,0.22,0,-0.24
635,21.167,74,D5,0.22,0,-0.24
640,21.333,67,G4,0.22,0,-0.24
645,21.500,74,D5,0.22,0,-0.24
650,21.667,71,B4,0.22,0,-0.24
655,21.833,74,D5,0.22,0,-0.24
600,20.000,0,C-1,0.1,2,0
615,20.500,0,C-1,0.1,3,0
630,21.000,0,C-1,0.1,2,0
645,21.500,0,C-1,0.1,3,0
660,22.000,76,E5,0.67,0,0.16
675,22.500,74,D5,0.48,0,0.16
690,23.000,72,C5,0.67,0,0.16
705,23.500,72,C5,0.48,0,0.16
660,22.000,36,C2,0.6,1,-0.12
690,23.000,43,G2,0.39,1,-0.12
660,22.000,60,C4,0.22,0,-0.24
665,22.167,67,G4,0.22,0,-0.24
670,22.333,64,E4,0.22,0,-0.24
675,22.500,67,G4,0.22,0,-0.24
680,22.667,60,C4,0.22,0,-0.24
685,22.833,67,G4,0.22,0,-0.24
690,23.000,64,E4,0.22,0,-0.24
695,23.167,67,G4,0.22,0,-0.24
700,23.333,60,C4,0.22,0,-0.24
705,23.500,67,G4,0.22,0,-0.24
710,23.667,64,E4,0.22,0,-0.24
715,23.833,67,G4,0.22,0,-0.24
660,22.000,0,C-1,0.1,2,0
675,22.500,0,C-1,0.1,3,0
690,23.000,0,C-1,0.1,2,0
705,23.500,0,C-1,0.1,3,0
720,24.000,79,G5,0.67,0,0.16
735,24.500,76,E5,0.48,0,0.16
750,25.000,74,D5,0.67,0,0.16
765,25.500,72,C5,0.48,0,0.16
720,24.000,36,C2,0.6,1,-0.12
750,25.000,43,G2,0.39,1,-0.12
720,24.000,60,C4,0.22,0,-0.24
725,24.167,67,G4,0.22,0,-0.24
730,24.333,64,E4,0.22,0,-0.24
735,24.500,67,G4,0.22,0,-0.24
740,24.667,60,C4,0.22,0,-0.24
745,24.833,67,G4,0.22,0,-0.24
750,25.000,64,E4,0.22,0,-0.24
755,25.167,67,G4,0.22,0,-0.24
760,25.333,60,C4,0.22,0,-0.24
765,25.500,67,G4,0.22,0,-0.24
770,25.667,64,E4,0.22,0,-0.24
775,25.833,67,G4,0.22,0,-0.24
720,24.000,0,C-1,0.1,2,0
735,24.500,0,C-1,0.1,3,0
750,25.000,0,C-1,0.1,2,0
765,25.500,0,C-1,0.1,3,0
780,26.000,77,F5,0.67,0,0.16
795,26.500,79,G5,0.48,0,0.16
810,27.000,81,A5,0.67,0,0.16
825,27.500,77,F5,0.48,0,0.16
780,26.000,41,F2,0.6,1,-0.12
810,27.000,48,C3,0.39,1,-0.12
780,26.000,65,F4,0.22,0,-0.24
785,26.167,72,C5,0.22,0,-0.24
790,26.333,69,A4,0.22,0,-0.24
795,26.500,72,C5,0.22,0,-0.24
800,26.667,65,F4,0.22,0,-0.24
805,26.833,72,C5,0.22,0,-0.24
810,27.000,69,A4,0.22,0,-0.24
815,27.167,72,C5,0.22,0,-0.24
820,27.333,65,F4,0.22,0,-0.24
825,27.500,72,C5,0.22,0,-0.24
830,27.667,69,A4,0.22,0,-0.24
835,27.833,72,C5,0.22,0,-0.24
780,26.000,0,C-1,0.1,2,0
795,26.500,0,C-1,0.1,3,0
810,27.000,0,C-1,0.1,2,0
825,27.500,0,C-1,0.1,3,0
840,28.000,79,G5,0.67,0,0.16
855,28.500,77,F5,0.48,0,0.16
870,29.000,74,D5,0.67,0,0.16
885,29.500,79,G5,0.48,0,0.16
840,28.000,43,G2,0.6,1,-0.12
870,29.000,50,D3,0.39,1,-0.12
840,28.000,67,G4,0.22,0,-0.24
845,28.167,74,D5,0.22,0,-0.24
850,28.333,71,B4,0.22,0,-0.24
855,28.500,74,D5,0.22,0,-0.24
860,28.667,67,G4,0.22,0,-0.24
865,28.833,74,D5,0.22,0,-0.24
870,29.000,71,B4,0.22,0,-0.24
875,29.167,74,D5,0.22,0,-0.24
880,29.333,67,G4,0.22,0,-0.24
885,29.500,74,D5,0.22,0,-0.24
890,29.667,71,B4,0.22,0,-0.24
895,29.833,74,D5,0.22,0,-0.24
840,28.000,0,C-1,0.1,2,0
855,28.500,0,C-1,0.1,3,0
870,29.000,0,C-1,0.1,2,0
885,29.500,0,C-1,0.1,3,0
900,30.000,76,E5,0.67,0,0.16
915,30.500,74,D5,0.48,0,0.16
930,31.000,72,C5,0.67,0,0.16
945,31.500,72,C5,0.48,0,0.16
900,30.000,36,C2,0.6,1,-0.12
930,31.000,43,G2,0.39,1,-0.12
960,32.000,76,E5,0.67,0,0.16
975,32.500,74,D5,0.48,0,0.16
990,33.000,72,C5,0.67,0,0.16
1005,33.500,76,E5,0.48,0,0.16
960,32.000,36,C2,0.6,1,-0.12
990,33.000,43,G2,0.39,1,-0.12
1020,34.000,77,F5,0.67,0,0.16
1035,34.500,76,E5,0.48,0,0.16
1050,35.000,74,D5,0.67,0,0.16
1065,35.500,72,C5,0.48,0,0.16
1020,34.000,41,F2,0.6,1,-0.12
1050,35.000,48,C3,0.39,1,-0.12
1080,36.000,74,D5,0.67,0,0.16
1095,36.500,76,E5,0.48,0,0.16
1110,37.000,74,D5,0.67,0,0.16
1125,37.500,79,G5,0.48,0,0.16
1080,36.000,43,G2,0.6,1,-0.12
1110,37.000,50,D3,0.39,1,-0.12
1140,38.000,76,E5,0.67,0,0.16
1155,38.500,74,D5,0.48,0,0.16
1170,39.000,72,C5,0.67,0,0.16
1185,39.500,72,C5,0.48,0,0.16
1140,38.000,36,C2,0.6,1,-0.12
1170,39.000,43,G2,0.39,1,-0.12
1200,40.000,79,G5,0.67,0,0.16
1215,40.500,76,E5,0.48,0,0.16
1230,41.000,74,D5,0.67,0,0.16
1245,41.500,72,C5,0.48,0,0.16
1200,40.000,36,C2,0.6,1,-0.12
1230,41.000,43,G2,0.39,1,-0.12
1260,42.000,77,F5,0.67,0,0.16
1275,42.500,79,G5,0.48,0,0.16
1290,43.000,81,A5,0.67,0,0.16
1305,43.500,77,F5,0.48,0,0.16
1260,42.000,41,F2,0.6,1,-0.12
1290,43.000,48,C3,0.39,1,-0.12
1320,44.000,79,G5,0.67,0,0.16
1335,44.500,77,F5,0.48,0,0.16
1350,45.000,74,D5,0.67,0,0.16
1365,45.500,79,G5,0.48,0,0.16
1320,44.000,43,G2,0.6,1,-0.12
1350,45.000,50,D3,0.39,1,-0.12
1380,46.000,76,E5,0.67,0,0.16
1395,46.500,74,D5,0.48,0,0.16
1410,47.000,72,C5,0.67,0,0.16
1425,47.500,72,C5,0.48,0,0.16
1380,46.000,36,C2,0.6,1,-0.12
1410,47.000,43,G2,0.39,1,-0.12
1440,48.000,76,E5,0.67,0,0.16
1455,48.500,74,D5,0.48,0,0.16
1470,49.000,72,C5,0.67,0,0.16
1485,49.500,76,E5,0.48,0,0.16
1440,48.000,36,C2,0.6,1,-0.12
1470,49.000,43,G2,0.39,1,-0.12
1500,50.000,77,F5,0.67,0,0.16
1515,50.500,76,E5,0.48,0,0.16
1530,51.000,74,D5,0.67,0,0.16
1545,51.500,72,C5,0.48,0,0.16
1500,50.000,41,F2,0.6,1,-0.12
1530,51.000,48,C3,0.39,1,-0.12
1560,52.000,74,D5,0.67,0,0.16
1575,52.500,76,E5,0.48,0,0.16
1590,53.000,74,D5,0.67,0,0.16
1605,53.500,79,G5,0.48,0,0.16
1560,52.000,43,G2,0.6,1,-0.12
1590,53.000,50,D3,0.39,1,-0.12
1620,54.000,76,E5,0.67,0,0.16
1635,54.500,74,D5,0.48,0,0.16
1650,55.000,72,C5,0.67,0,0.16
1665,55.500,72,C5,0.48,0,0.16
1620,54.000,36,C2,0.6,1,-0.12
1650,55.000,43,G2,0.39,1,-0.12
1680,56.000,79,G5,0.67,0,0.16
1695,56.500,76,E5,0.48,0,0.16
1710,57.000,74,D5,0.67,0,0.16
1725,57.500,72,C5,0.48,0,0.16
1680,56.000,36,C2,0.6,1,-0.12
1710,57.000,43,G2,0.39,1,-0.12
1740,58.000,77,F5,0.67,0,0.16
1755,58.500,79,G5,0.48,0,0.16
1770,59.000,81,A5,0.67,0,0.16
1785,59.500,77,F5,0.48,0,0.16
1740,58.000,41,F2,0.6,1,-0.12
1770,59.000,48,C3,0.39,1,-0.12
1800,60.000,79,G5,0.67,0,0.16
1815,60.500,77,F5,0.48,0,0.16
1830,61.000,74,D5,0.67,0,0.16
1845,61.500,79,G5,0.48,0,0.16
1800,60.000,43,G2,0.6,1,-0.12
1830,61.000,50,D3,0.39,1,-0.12
1860,62.000,76,E5,0.67,0,0.16
1875,62.500,74,D5,0.48,0,0.16
1890,63.000,72,C5,0.67,0,0.16
1905,63.500,72,C5,0.48,0,0.16
1860,62.000,36,C2,0.6,1,-0.12
1890,63.000,43,G2,0.39,1,-0.12
1920,64.000,76,E5,0.67,0,0.16
1935,64.500,74,D5,0.48,0,0.16
1950,65.000,72,C5,0.67,0,0.16
1965,65.500,76,E5,0.48,0,0.16
1920,64.000,36,C2,0.6,1,-0.12
1950,65.000,43,G2,0.39,1,-0.12
1980,66.000,77,F5,0.67,0,0.16
1995,66.500,76,E5,0.48,0,0.16
2010,67.000,74,D5,0.67,0,0.16
2025,67.500,72,C5,0.48,0,0.16
1980,66.000,41,F2,0.6,1,-0.12
2010,67.000,48,C3,0.39,1,-0.12
2040,68.000,74,D5,0.67,0,0.16
2055,68.500,76,E5,0.48,0,0.16
2070,69.000,74,D5,0.67,0,0.16
2085,69.500,79,G5,0.48,0,0.16
2040,68.000,43,G2,0.6,1,-0.12
2070,69.000,50,D3,0.39,1,-0.12
2100,70.000,76,E5,0.67,0,0.16
2115,70.500,74,D5,0.48,0,0.16
2130,71.000,72,C5,0.67,0,0.16
2145,71.500,72,C5,0.48,0,0.16
2100,70.000,36,C2,0.6,1,-0.12
2130,71.000,43,G2,0.39,1,-0.12
2160,72.000,79,G5,0.67,0,0.16
2175,72.500,76,E5,0.48,0,0.16
2190,73.000,74,D5,0.67,0,0.16
2205,73.500,72,C5,0.48,0,0.16
2160,72.000,36,C2,0.6,1,-0.12
2190,73.000,43,G2,0.39,1,-0.12
2220,74.000,77,F5,0.67,0,0.16
2235,74.500,79,G5,0.48,0,0.16
2250,75.000,81,A5,0.67,0,0.16
2265,75.500,77,F5,0.48,0,0.16
2220,74.000,41,F2,0.6,1,-0.12
2250,75.000,48,C3,0.39,1,-0.12
2280,76.000,79,G5,0.67,0,0.16
2295,76.500,77,F5,0.48,0,0.16
2310,77.000,74,D5,0.67,0,0.16
2325,77.500,79,G5,0.48,0,0.16
2280,76.000,43,G2,0.6,1,-0.12
2310,77.000,50,D3,0.39,1,-0.12
2340,78.000,76,E5,0.67,0,0.16
2355,78.500,74,D5,0.48,0,0.16
2370,79.000,72,C5,0.67,0,0.16
2385,79.500,72,C5,0.48,0,0.16
2340,78.000,36,C2,0.6,1,-0.12
2370,79.000,43,G2,0.39,1,-0.12
2400,80.000,76,E5,0.67,0,0.16
2415,80.500,74,D5,0.48,0,0.16
2430,81.000,72,C5,0.67,0,0.16
2445,81.500,76,E5,0.48,0,0.16
2400,80.000,36,C2,0.6,1,-0.12
2430,81.000,43,G2,0.39,1,-0.12
2460,82.000,77,F5,0.67,0,0.16
2475,82.500,76,E5,0.48,0,0.16
2490,83.000,74,D5,0.67,0,0.16
2505,83.500,72,C5,0.48,0,0.16
2460,82.000,41,F2,0.6,1,-0.12
2490,83.000,48,C3,0.39,1,-0.12
2520,84.000,74,D5,0.67,0,0.16
2535,84.500,76,E5,0.48,0,0.16
2550,85.000,74,D5,0.67,0,0.16
2565,85.500,79,G5,0.48,0,0.16
2520,84.000,43,G2,0.6,1,-0.12
2550,85.000,50,D3,0.39,1,-0.12
2580,86.000,76,E5,0.67,0,0.16
2595,86.500,74,D5,0.48,0,0.16
2610,87.000,72,C5,0.67,0,0.16
2625,87.500,72,C5,0.48,0,0.16
2580,86.000,36,C2,0.6,1,-0.12
2610,87.000,43,G2,0.39,1,-0.12
2640,88.000,79,G5,0.67,0,0.16
2655,88.500,76,E5,0.48,0,0.16
2670,89.000,74,D5,0.67,0,0.16
2685,89.500,72,C5,0.48,0,0.16
2640,88.000,36,C2,0.6,1,-0.12
2670,89.000,43,G2,0.39,1,-0.12
2700,90.000,77,F5,0.67,0,0.16
2715,90.500,79,G5,0.48,0,0.16
2730,91.000,81,A5,0.67,0,0.16
2745,91.500,77,F5,0.48,0,0.16
2700,90.000,41,F2,0.6,1,-0.12
2730,91.000,48,C3,0.39,1,-0.12
2760,92.000,79,G5,0.67,0,0.16
2775,92.500,77,F5,0.48,0,0.16
2790,93.000,74,D5,0.67,0,0.16
2805,93.500,79,G5,0.48,0,0.16
2760,92.000,43,G2,0.6,1,-0.12
2790,93.000,50,D3,0.39,1,-0.12
2820,94.000,76,E5,0.67,0,0.16
2835,94.500,74,D5,0.48,0,0.16
2850,95.000,72,C5,0.67,0,0.16
2865,95.500,72,C5,0.48,0,0.16
2820,94.000,36,C2,0.6,1,-0.12
2850,95.000,43,G2,0.39,1,-0.12
2880,96.000,76,E5,0.67,0,0.16
2895,96.500,74,D5,0.48,0,0.16
2910,97.000,72,C5,0.67,0,0.16
2925,97.500,76,E5,0.48,0,0.16
2880,96.000,36,C2,0.6,1,-0.12
2910,97.000,43,G2,0.39,1,-0.12
2940,98.000,77,F5,0.67,0,0.16
2955,98.500,76,E5,0.48,0,0.16
2970,99.000,74,D5,0.67,0,0.16
2985,99.500,72,C5,0.48,0,0.16
2940,98.000,41,F2,0.6,1,-0.12
2970,99.000,48,C3,0.39,1,-0.12
3000,100.000,74,D5,0.67,0,0.16
3015,100.500,76,E5,0.48,0,0.16
3030,101.000,74,D5,0.67,0,0.16
3045,101.500,79,G5,0.48,0,0.16
3000,100.000,43,G2,0.6,1,-0.12
3030,101.000,50,D3,0.39,1,-0.12
3060,102.000,76,E5,0.67,0,0.16
3075,102.500,74,D5,0.48,0,0.16
3090,103.000,72,C5,0.67,0,0.16
3105,103.500,72,C5,0.48,0,0.16
3060,102.000,36,C2,0.6,1,-0.12
3090,103.000,43,G2,0.39,1,-0.12
3120,104.000,79,G5,0.67,0,0.16
3135,104.500,76,E5,0.48,0,0.16
3150,105.000,74,D5,0.67,0,0.16
3165,105.500,72,C5,0.48,0,0.16
3120,104.000,36,C2,0.6,1,-0.12
3150,105.000,43,G2,0.39,1,-0.12
3180,106.000,77,F5,0.67,0,0.16
3195,106.500,79,G5,0.48,0,0.16
3210,107.000,81,A5,0.67,0,0.16
3225,107.500,77,F5,0.48,0,0.16
3180,106.000,41,F2,0.6,1,-0.12
3210,107.000,48,C3,0.39,1,-0.12
3240,108.000,79,G5,0.67,0,0.16
3255,108.500,77,F5,0.48,0,0.16
3270,109.000,74,D5,0.67,0,0.16
3285,109.500,79,G5,0.48,0,0.16
3240,108.000,43,G2,0.6,1,-0.12
3270,109.000,50,D3,0.39,1,-0.12
3300,110.000,76,E5,0.67,0,0.16
3315,110.500,74,D5,0.48,0,0.16
3330,111.000,72,C5,0.67,0,0.16
3345,111.500,72,C5,0.48,0,0.16
3300,110.000,36,C2,0.6,1,-0.12
3330,111.000,43,G2,0.39,1,-0.12
3360,112.000,76,E5,0.67,0,0.16
3375,112.500,74,D5,0.48,0,0.16
3390,113.000,72,C5,0.67,0,0.16
3405,113.500,76,E5,0.48,0,0.16
3360,112.000,36,C2,0.6,1,-0.12
3390,113.000,43,G2,0.39,1,-0.12
3420,114.000,77,F5,0.67,0,0.16
3435,114.500,76,E5,0.48,0,0.16
3450,115.000,74,D5,0.67,0,0.16
3465,115.500,72,C5,0.48,0,0.16
3420,114.000,41,F2,0.6,1,-0.12
3450,115.000,48,C3,0.39,1,-0.12
3480,116.000,74,D5,0.67,0,0.16
3495,116.500,76,E5,0.48,0,0.16
3510,117.000,74,D5,0.67,0,0.16
3525,117.500,79,G5,0.48,0,0.16
3480,116.000,43,G2,0.6,1,-0.12
3510,117.000,50,D3,0.39,1,-0.12
3540,118.000,76,E5,0.67,0,0.16
3555,118.500,74,D5,0.48,0,0.16
3570,119.000,72,C5,0.67,0,0.16
3585,119.500,72,C5,0.48,0,0.16
3540,118.000,36,C2,0.6,1,-0.12
3570,119.000,43,G2,0.39,1,-0.12
3600,120.000,79,G5,0.67,0,0.16
3615,120.500,76,E5,0.48,0,0.16
3630,121.000,74,D5,0.67,0,0.16
3645,121.500,72,C5,0.48,0,0.16
3600,120.000,36,C2,0.6,1,-0.12
3630,121.000,43,G2,0.39,1,-0.12
3660,122.000,77,F5,0.67,0,0.16
3675,122.500,79,G5,0.48,0,0.16
3690,123.000,81,A5,0.67,0,0.16
3705,123.500,77,F5,0.48,0,0.16
3660,122.000,41,F2,0.6,1,-0.12
3690,123.000,48,C3,0.39,1,-0.12
3720,124.000,79,G5,0.67,0,0.16
3735,124.500,77,F5,0.48,0,0.16
3750,125.000,74,D5,0.67,0,0.16
3765,125.500,79,G5,0.48,0,0.16
3720,124.000,43,G2,0.6,1,-0.12
3750,125.000,50,D3,0.39,1,-0.12
3780,126.000,76,E5,0.67,0,0.16
3795,126.500,74,D5,0.48,0,0.16
3810,127.000,72,C5,0.67,0,0.16
3825,127.500,72,C5,0.48,0,0.16
3780,126.000,36,C2,0.6,1,-0.12
3810,127.000,43,G2,0.39,1,-0.12
3840,128.000,76,E5,0.67,0,0.16
3855,128.500,74,D5,0.48,0,0.16
3870,129.000,72,C5,0.67,0,0.16
3885,129.500,76,E5,0.48,0,0.16
3840,128.000,36,C2,0.6,1,-0.12
3870,129.000,43,G2,0.39,1,-0.12
3900,130.000,77,F5,0.67,0,0.16
3915,130.500,76,E5,0.48,0,0.16
3930,131.000,74,D5,0.67,0,0.16
3945,131.500,72,C5,0.48,0,0.16
3900,130.000,41,F2,0.6,1,-0.12
3930,131.000,48,C3,0.39,1,-0.12
3960,132.000,74,D5,0.67,0,0.16
3975,132.500,76,E5,0.48,0,0.16
3990,133.000,74,D5,0.67,0,0.16
4005,133.500,79,G5,0.48,0,0.16
3960,132.000,43,G2,0.6,1,-0.12
3990,133.000,50,D3,0.39,1,-0.12
4020,134.000,76,E5,0.67,0,0.16
4035,134.500,74,D5,0.48,0,0.16
4050,135.000,72,C5,0.67,0,0.16
4065,135.500,72,C5,0.48,0,0.16
4020,134.000,36,C2,0.6,1,-0.12
4050,135.000,43,G2,0.39,1,-0.12
4080,136.000,79,G5,0.67,0,0.16
4095,136.500,76,E5,0.48,0,0.16
4110,137.000,74,D5,0.67,0,0.16
4125,137.500,72,C5,0.48,0,0.16
4080,136.000,36,C2,0.6,1,-0.12
4110,137.000,43,G2,0.39,1,-0.12
4140,138.000,77,F5,0.67,0,0.16
4155,138.500,79,G5,0.48,0,0.16
4170,139.000,81,A5,0.67,0,0.16
4185,139.500,77,F5,0.48,0,0.16
4140,138.000,41,F2,0.6,1,-0.12
4170,139.000,48,C3,0.39,1,-0.12
4200,140.000,79,G5,0.67,0,0.16
4215,140.500,77,F5,0.48,0,0.16
4230,141.000,74,D5,0.67,0,0.16
4245,141.500,79,G5,0.48,0,0.16
4200,140.000,43,G2,0.6,1,-0.12
4230,141.000,50,D3,0.39,1,-0.12
4260,142.000,76,E5,0.67,0,0.16
4275,142.500,74,D5,0.48,0,0.16
4290,143.000,72,C5,0.67,0,0.16
4305,143.500,72,C5,0.48,0,0.16
4260,142.000,36,C2,0.6,1,-0.12
4290,143.000,43,G2,0.39,1,-0.12
4320,144.000,76,E5,0.67,0,0.16
4335,144.500,74,D5,0.48,0,0.16
4350,145.000,72,C5,0.67,0,0.16
4365,145.500,76,E5,0.48,0,0.16
4320,144.000,36,C2,0.6,1,-0.12
4350,145.000,43,G2,0.39,1,-0.12
4380,146.000,77,F5,0.67,0,0.16
4395,146.500,76,E5,0.48,0,0.16
4410,147.000,74,D5,0.67,0,0.16
4425,147.500,72,C5,0.48,0,0.16
4380,146.000,41,F2,0.6,1,-0.12
4410,147.000,48,C3,0.39,1,-0.12
4440,148.000,74,D5,0.67,0,0.16
4455,148.500,76,E5,0.48,0,0.16
4470,149.000,74,D5,0.67,0,0.16
4485,149.500,79,G5,0.48,0,0.16
4440,148.000,43,G2,0.6,1,-0.12
4470,149.000,50,D3,0.39,1,-0.12
4500,150.000,76,E5,0.67,0,0.16
4515,150.500,74,D5,0.48,0,0.16
4530,151.000,72,C5,0.67,0,0.16
4545,151.500,72,C5,0.48,0,0.16
4500,150.000,36,C2,0.6,1,-0.12
4530,151.000,43,G2,0.39,1,-0.12
4560,152.000,79,G5,0.67,0,0.16
4575,152.500,76,E5,0.48,0,0.16
4590,153.000,74,D5,0.67,0,0.16
4605,153.500,72,C5,0.48,0,0.16
4560,152.000,36,C2,0.6,1,-0.12
4590,153.000,43,G2,0.39,1,-0.12
4620,154.000,77,F5,0.67,0,0.16
4635,154.500,79,G5,0.48,0,0.16
4650,155.000,81,A5,0.67,0,0.16
4665,155.500,77,F5,0.48,0,0.16
4620,154.000,41,F2,0.6,1,-0.12
4650,155.000,48,C3,0.39,1,-0.12
4680,156.000,79,G5,0.67,0,0.16
4695,156.500,77,F5,0.48,0,0.16
4710,157.000,74,D5,0.67,0,0.16
4725,157.500,79,G5,0.48,0,0.16
4680,156.000,43,G2,0.6,1,-0.12
4710,157.000,50,D3,0.39,1,-0.12
4740,158.000,76,E5,0.67,0,0.16
4755,158.500,74,D5,0.48,0,0.16
4770,159.000,72,C5,0.67,0,0.16
4785,159.500,72,C5,0.48,0,0.16
4740,158.000,36,C2,0.6,1,-0.12
4770,159.000,43,G2,0.39,1,-0.12
4800,160.000,76,E5,0.67,0,0.16
4815,160.500,74,D5,0.48,0,0.16
4830,161.000,72,C5,0.67,0,0.16
4845,161.500,76,E5,0.48,0,0.16
4800,160.000,36,C2,0.6,1,-0.12
4830,161.000,43,G2,0.39,1,-0.12
4860,162.000,77,F5,0.67,0,0.16
4875,162.500,76,E5,0.48,0,0.16
4890,163.000,74,D5,0.67,0,0.16
4905,163.500,72,C5,0.48,0,0.16
4860,162.000,41,F2,0.6,1,-0.12
4890,163.000,48,C3,0.39,1,-0.12
4920,164.000,74,D5,0.67,0,0.16
4935,164.500,76,E5,0.48,0,0.16
4950,165.000,74,D5,0.67,0,0.16
4965,165.500,79,G5,0.48,0,0.16
4920,164.000,43,G2,0.6,1,-0.12
4950,165.000,50,D3,0.39,1,-0.12
4980,166.000,76,E5,0.67,0,0.16
4995,166.500,74,D5,0.48,0,0.16
5010,167.000,72,C5,0.67,0,0.16
5025,167.500,72,C5,0.48,0,0.16
4980,166.000,36,C2,0.6,1,-0.12
5010,167.000,43,G2,0.39,1,-0.12
5040,168.000,79,G5,0.67,0,0.16
5055,168.500,76,E5,0.48,0,0.16
5070,169.000,74,D5,0.67,0,0.16
5085,169.500,72,C5,0.48,0,0.16
5040,168.000,36,C2,0.6,1,-0.12
5070,169.000,43,G2,0.39,1,-0.12
5100,170.000,77,F5,0.67,0,0.16
5115,170.500,79,G5,0.48,0,0.16
5130,171.000,81,A5,0.67,0,0.16
5145,171.500,77,F5,0.48,0,0.16
5100,170.000,41,F2,0.6,1,-0.12
5130,171.000,48,C3,0.39,1,-0.12
5160,172.000,79,G5,0.67,0,0.16
5175,172.500,77,F5,0.48,0,0.16
5190,173.000,74,D5,0.67,0,0.16
5205,173.500,79,G5,0.48,0,0.16
5160,172.000,43,G2,0.6,1,-0.12
5190,173.000,50,D3,0.39,1,-0.12
5220,174.000,76,E5,0.67,0,0.16
5235,174.500,74,D5,0.48,0,0.16
5250,175.000,72,C5,0.67,0,0.16
5265,175.500,72,C5,0.48,0,0.16
5220,174.000,36,C2,0.6,1,-0.12
5250,175.000,43,G2,0.39,1,-0.12
5280,176.000,76,E5,0.67,0,0.16
5295,176.500,74,D5,0.48,0,0.16
5310,177.000,72,C5,0.67,0,0.16
5325,177.500,76,E5,0.48,0,0.16
5280,176.000,36,C2,0.6,1,-0.12
5310,177.000,43,G2,0.39,1,-0.12
5340,178.000,77,F5,0.67,0,0.16
5355,178.500,76,E5,0.48,0,0.16
5370,179.000,74,D5,0.67,0,0.16
5385,179.500,72,C5,0.48,0,0.16
5340,178.000,41,F2,0.6,1,-0.12
5370,179.000,48,C3,0.39,1,-0.12
5400,180.000,74,D5,0.67,0,0.16
5415,180.500,76,E5,0.48,0,0.16
5430,181.000,74,D5,0.67,0,0.16
5445,181.500,79,G5,0.48,0,0.16
5400,180.000,43,G2,0.6,1,-0.12
5430,181.000,50,D3,0.39,1,-0.12
5460,182.000,76,E5,0.67,0,0.16
5475,182.500,74,D5,0.48,0,0.16
5490,183.000,72,C5,0.67,0,0.16
5505,183.500,72,C5,0.48,0,0.16
5460,182.000,36,C2,0.6,1,-0.12
5490,183.000,43,G2,0.39,1,-0.12
5520,184.000,79,G5,0.67,0,0.16
5535,184.500,76,E5,0.48,0,0.16
5550,185.000,74,D5,0.67,0,0.16
5565,185.500,72,C5,0.48,0,0.16
5520,184.000,36,C2,0.6,1,-0.12
5550,185.000,43,G2,0.39,1,-0.12
5580,186.000,77,F5,0.67,0,0.16
5595,186.500,79,G5,0.48,0,0.16
5610,187.000,81,A5,0.67,0,0.16
5625,187.500,77,F5,0.48,0,0.16
5580,186.000,41,F2,0.6,1,-0.12
5610,187.000,48,C3,0.39,1,-0.12
5640,188.000,79,G5,0.67,0,0.16
5655,188.500,77,F5,0.48,0,0.16
5670,189.000,74,D5,0.67,0,0.16
5685,189.500,79,G5,0.48,0,0.16
5640,188.000,43,G2,0.6,1,-0.12
5670,189.000,50,D3,0.39,1,-0.12
5700,190.000,76,E5,0.67,0,0.16
5715,190.500,74,D5,0.48,0,0.16
5730,191.000,72,C5,0.67,0,0.16
5745,191.500,72,C5,0.48,0,0.16
5700,190.000,36,C2,0.6,1,-0.12
5730,191.000,43,G2,0.39,1,-0.12
5760,192.000,76,E5,0.67,0,0.16
5775,192.500,74,D5,0.48,0,0.16
5790,193.000,72,C5,0.67,0,0.16
5805,193.500,76,E5,0.48,0,0.16
5760,192.000,36,C2,0.6,1,-0.12
5790,193.000,43,G2,0.39,1,-0.12
5820,194.000,77,F5,0.67,0,0.16
5835,194.500,76,E5,0.48,0,0.16
5850,195.000,74,D5,0.67,0,0.16
5865,195.500,72,C5,0.48,0,0.16
5820,194.000,41,F2,0.6,1,-0.12
5850,195.000,48,C3,0.39,1,-0.12
5880,196.000,74,D5,0.67,0,0.16
5895,196.500,76,E5,0.48,0,0.16
5910,197.000,74,D5,0.67,0,0.16
5925,197.500,79,G5,0.48,0,0.16
5880,196.000,43,G2,0.6,1,-0.12
5910,197.000,50,D3,0.39,1,-0.12
5940,198.000,76,E5,0.67,0,0.16
5955,198.500,74,D5,0.48,0,0.16
5970,199.000,72,C5,0.67,0,0.16
5985,199.500,72,C5,0.48,0,0.16
5940,198.000,36,C2,0.6,1,-0.12
5970,199.000,43,G2,0.39,1,-0.12
6000,200.000,79,G5,0.67,0,0.16
6015,200.500,76,E5,0.48,0,0.16
6030,201.000,74,D5,0.67,0,0.16
6045,201.500,72,C5,0.48,0,0.16
6000,200.000,36,C2,0.6,1,-0.12
6030,201.000,43,G2,0.39,1,-0.12
6060,202.000,77,F5,0.67,0,0.16
6075,202.500,79,G5,0.48,0,0.16
6090,203.000,81,A5,0.67,0,0.16
6105,203.500,77,F5,0.48,0,0.16
6060,202.000,41,F2,0.6,1,-0.12
6090,203.000,48,C3,0.39,1,-0.12
6120,204.000,79,G5,0.67,0,0.16
6135,204.500,77,F5,0.48,0,0.16
6150,205.000,74,D5,0.67,0,0.16
6165,205.500,79,G5,0.48,0,0.16
6120,204.000,43,G2,0.6,1,-0.12
6150,205.000,50,D3,0.39,1,-0.12
6180,206.000,76,E5,0.67,0,0.16
6195,206.500,74,D5,0.48,0,0.16
6210,207.000,72,C5,0.67,0,0.16
6225,207.500,72,C5,0.48,0,0.16
6180,206.000,36,C2,0.6,1,-0.12
6210,207.000,43,G2,0.39,1,-0.12
6240,208.000,76,E5,0.67,0,0.16
6255,208.500,74,D5,0.48,0,0.16
6270,209.000,72,C5,0.67,0,0.16
6285,209.500,76,E5,0.48,0,0.16
6240,208.000,36,C2,0.6,1,-0.12
6270,209.000,43,G2,0.39,1,-0.12
6300,210.000,77,F5,0.67,0,0.16
6315,210.500,76,E5,0.48,0,0.16
6330,211.000,74,D5,0.67,0,0.16
6345,211.500,72,C5,0.48,0,0.16
6300,210.000,41,F2,0.6,1,-0.12
6330,211.000,48,C3,0.39,1,-0.12
6360,212.000,74,D5,0.67,0,0.16
6375,212.500,76,E5,0.48,0,0.16
6390,213.000,74,D5,0.67,0,0.16
6405,213.500,79,G5,0.48,0,0.16
6360,212.000,43,G2,0.6,1,-0.12
6390,213.000,50,D3,0.39,1,-0.12
6420,214.000,76,E5,0.67,0,0.16
6435,214.500,74,D5,0.48,0,0.16
6450,215.000,72,C5,0.67,0,0.16
6465,215.500,72,C5,0.48,0,0.16
6420,214.000,36,C2,0.6,1,-0.12
6450,215.000,43,G2,0.39,1,-0.12
6480,216.000,79,G5,0.67,0,0.16
6495,216.500,76,E5,0.48,0,0.16
6510,217.000,74,D5,0.67,0,0.16
6525,217.500,72,C5,0.48,0,0.16
6480,216.000,36,C2,0.6,1,-0.12
6510,217.000,43,G2,0.39,1,-0.12
6540,218.000,77,F5,0.67,0,0.16
6555,218.500,79,G5,0.48,0,0.16
6570,219.000,81,A5,0.67,0,0.16
6585,219.500,77,F5,0.48,0,0.16
6540,218.000,41,F2,0.6,1,-0.12
6570,219.000,48,C3,0.39,1,-0.12
6600,220.000,79,G5,0.67,0,0.16
6615,220.500,77,F5,0.48,0,0.16
6630,221.000,74,D5,0.67,0,0.16
6645,221.500,79,G5,0.48,0,0.16
6600,220.000,43,G2,0.6,1,-0.12
6630,221.000,50,D3,0.39,1,-0.12
6660,222.000,76,E5,0.67,0,0.16
6675,222.500,74,D5,0.48,0,0.16
6690,223.000,72,C5,0.67,0,0.16
6705,223.500,72,C5,0.48,0,0.16
6660,222.000,36,C2,0.6,1,-0.12
6690,223.000,43,G2,0.39,1,-0.12
6720,224.000,76,E5,0.67,0,0.16
6735,224.500,74,D5,0.48,0,0.16
6750,225.000,72,C5,0.67,0,0.16
6765,225.500,76,E5,0.48,0,0.16
6720,224.000,36,C2,0.6,1,-0.12
6750,225.000,43,G2,0.39,1,-0.12
6780,226.000,77,F5,0.67,0,0.16
6795,226.500,76,E5,0.48,0,0.16
6810,227.000,74,D5,0.67,0,0.16
6825,227.500,72,C5,0.48,0,0.16
6780,226.000,41,F2,0.6,1,-0.12
6810,227.000,48,C3,0.39,1,-0.12
6840,228.000,74,D5,0.67,0,0.16
6855,228.500,76,E5,0.48,0,0.16
6870,229.000,74,D5,0.67,0,0.16
6885,229.500,79,G5,0.48,0,0.16
6840,228.000,43,G2,0.6,1,-0.12
6870,229.000,50,D3,0.39,1,-0.12
6900,230.000,76,E5,0.67,0,0.16
6915,230.500,74,D5,0.48,0,0.16
6930,231.000,72,C5,0.67,0,0.16
6945,231.500,72,C5,0.48,0,0.16
6900,230.000,36,C2,0.6,1,-0.12
6930,231.000,43,G2,0.39,1,-0.12
6960,232.000,79,G5,0.67,0,0.16
6975,232.500,76,E5,0.48,0,0.16
6990,233.000,74,D5,0.67,0,0.16
7005,233.500,72,C5,0.48,0,0.16
6960,232.000,36,C2,0.6,1,-0.12
6990,233.000,43,G2,0.39,1,-0.12
7020,234.000,77,F5,0.67,0,0.16
7035,234.500,79,G5,0.48,0,0.16
7050,235.000,81,A5,0.67,0,0.16
7065,235.500,77,F5,0.48,0,0.16
7020,234.000,41,F2,0.6,1,-0.12
7050,235.000,48,C3,0.39,1,-0.12
7080,236.000,79,G5,0.67,0,0.16
7095,236.500,77,F5,0.48,0,0.16
7110,237.000,74,D5,0.67,0,0.16
7125,237.500,79,G5,0.48,0,0.16
7080,236.000,43,G2,0.6,1,-0.12
7110,237.000,50,D3,0.39,1,-0.12
7140,238.000,76,E5,0.67,0,0.16
7155,238.500,74,D5,0.48,0,0.16
7170,239.000,72,C5,0.67,0,0.16
7185,239.500,72,C5,0.48,0,0.16
7140,238.000,36,C2,0.6,1,-0.12
7170,239.000,43,G2,0.39,1,-0.12
7200,240.000,76,E5,0.67,0,0.16
7215,240.500,74,D5,0.48,0,0.16
7230,241.000,72,C5,0.67,0,0.16
7245,241.500,76,E5,0.48,0,0.16
7200,240.000,36,C2,0.6,1,-0.12
7230,241.000,43,G2,0.39,1,-0.12
7260,242.000,77,F5,0.67,0,0.16
7275,242.500,76,E5,0.48,0,0.16
7290,243.000,74,D5,0.67,0,0.16
7305,243.500,72,C5,0.48,0,0.16
7260,242.000,41,F2,0.6,1,-0.12
7290,243.000,48,C3,0.39,1,-0.12
7320,244.000,74,D5,0.67,0,0.16
7335,244.500,76,E5,0.48,0,0.16
7350,245.000,74,D5,0.67,0,0.16
7365,245.500,79,G5,0.48,0,0.16
7320,244.000,43,G2,0.6,1,-0.12
7350,245.000,50,D3,0.39,1,-0.12
7380,246.000,76,E5,0.67,0,0.16
7395,246.500,74,D5,0.48,0,0.16
7410,247.000,72,C5,0.67,0,0.16
7425,247.500,72,C5,0.48,0,0.16
7380,246.000,36,C2,0.6,1,-0.12
7410,247.000,43,G2,0.39,1,-0.12
7440,248.000,79,G5,0.67,0,0.16
7455,248.500,76,E5,0.48,0,0.16
7470,249.000,74,D5,0.67,0,0.16
7485,249.500,72,C5,0.48,0,0.16
7440,248.000,36,C2,0.6,1,-0.12
7470,249.000,43,G2,0.39,1,-0.12
7500,250.000,77,F5,0.67,0,0.16
7515,250.500,79,G5,0.48,0,0.16
7530,251.000,81,A5,0.67,0,0.16
7545,251.500,77,F5,0.48,0,0.16
7500,250.000,41,F2,0.6,1,-0.12
7530,251.000,48,C3,0.39,1,-0.12
7560,252.000,79,G5,0.67,0,0.16
7575,252.500,77,F5,0.48,0,0.16
7590,253.000,74,D5,0.67,0,0.16
7605,253.500,79,G5,0.48,0,0.16
7560,252.000,43,G2,0.6,1,-0.12
7590,253.000,50,D3,0.39,1,-0.12
7620,254.000,76,E5,0.67,0,0.16
7635,254.500,74,D5,0.48,0,0.16
7650,255.000,72,C5,0.67,0,0.16
7665,255.500,72,C5,0.48,0,0.16
7620,254.000,36,C2,0.6,1,-0.12
7650,255.000,43,G2,0.39,1,-0.12
7680,256.000,76,E5,0.67,0,0.16
7695,256.500,74,D5,0.48,0,0.16
7710,257.000,72,C5,0.67,0,0.16
7725,257.500,76,E5,0.48,0,0.16
7680,256.000,36,C2,0.6,1,-0.12
7710,257.000,43,G2,0.39,1,-0.12
7740,258.000,77,F5,0.67,0,0.16
7755,258.500,76,E5,0.48,0,0.16
7770,259.000,74,D5,0.67,0,0.16
7785,259.500,72,C5,0.48,0,0.16
7740,258.000,41,F2,0.6,1,-0.12
7770,259.000,48,C3,0.39,1,-0.12
7800,260.000,74,D5,0.67,0,0.16
7815,260.500,76,E5,0.48,0,0.16
7830,261.000,74,D5,0.67,0,0.16
7845,261.500,79,G5,0.48,0,0.16
7800,260.000,43,G2,0.6,1,-0.12
7830,261.000,50,D3,0.39,1,-0.12
7860,262.000,76,E5,0.67,0,0.16
7875,262.500,74,D5,0.48,0,0.16
7890,263.000,72,C5,0.67,0,0.16
7905,263.500,72,C5,0.48,0,0.16
7860,262.000,36,C2,0.6,1,-0.12
7890,263.000,43,G2,0.39,1,-0.12
7920,264.000,79,G5,0.67,0,0.16
7935,264.500,76,E5,0.48,0,0.16
7950,265.000,74,D5,0.67,0,0.16
7965,265.500,72,C5,0.48,0,0.16
7920,264.000,36,C2,0.6,1,-0.12
7950,265.000,43,G2,0.39,1,-0.12
7980,266.000,77,F5,0.67,0,0.16
7995,266.500,79,G5,0.48,0,0.16
8010,267.000,81,A5,0.67,0,0.16
8025,267.500,77,F5,0.48,0,0.16
7980,266.000,41,F2,0.6,1,-0.12
8010,267.000,48,C3,0.39,1,-0.12
8040,268.000,79,G5,0.67,0,0.16
8055,268.500,77,F5,0.48,0,0.16
8070,269.000,74,D5,0.67,0,0.16
8085,269.500,79,G5,0.48,0,0.16
8040,268.000,43,G2,0.6,1,-0.12
8070,269.000,50,D3,0.39,1,-0.12
8100,270.000,76,E5,0.67,0,0.16
8115,270.500,74,D5,0.48,0,0.16
8130,271.000,72,C5,0.67,0,0.16
8145,271.500,72,C5,0.48,0,0.16
8100,270.000,36,C2,0.6,1,-0.12
8130,271.000,43,G2,0.39,1,-0.12
8160,272.000,76,E5,0.67,0,0.16
8175,272.500,74,D5,0.48,0,0.16
8190,273.000,72,C5,0.67,0,0.16
8205,273.500,76,E5,0.48,0,0.16
8160,272.000,36,C2,0.6,1,-0.12
8190,273.000,43,G2,0.39,1,-0.12
8220,274.000,77,F5,0.67,0,0.16
8235,274.500,76,E5,0.48,0,0.16
8250,275.000,74,D5,0.67,0,0.16
8265,275.500,72,C5,0.48,0,0.16
8220,274.000,41,F2,0.6,1,-0.12
8250,275.000,48,C3,0.39,1,-0.12
8280,276.000,74,D5,0.67,0,0.16
8295,276.500,76,E5,0.48,0,0.16
8310,277.000,74,D5,0.67,0,0.16
8325,277.500,79,G5,0.48,0,0.16
8280,276.000,43,G2,0.6,1,-0.12
8310,277.000,50,D3,0.39,1,-0.12
8340,278.000,76,E5,0.67,0,0.16
8355,278.500,74,D5,0.48,0,0.16
8370,279.000,72,C5,0.67,0,0.16
8385,279.500,72,C5,0.48,0,0.16
8340,278.000,36,C2,0.6,1,-0.12
8370,279.000,43,G2,0.39,1,-0.12
8400,280.000,79,G5,0.67,0,0.16
8415,280.500,76,E5,0.48,0,0.16
8430,281.000,74,D5,0.67,0,0.16
8445,281.500,72,C5,0.48,0,0.16
8400,280.000,36,C2,0.6,1,-0.12
8430,281.000,43,G2,0.39,1,-0.12
8460,282.000,77,F5,0.67,0,0.16
8475,282.500,79,G5,0.48,0,0.16
8490,283.000,81,A5,0.67,0,0.16
8505,283.500,77,F5,0.48,0,0.16
8460,282.000,41,F2,0.6,1,-0.12
8490,283.000,48,C3,0.39,1,-0.12
8520,284.000,79,G5,0.67,0,0.16
8535,284.500,77,F5,0.48,0,0.16
8550,285.000,74,D5,0.67,0,0.16
8565,285.500,79,G5,0.48,0,0.16
8520,284.000,43,G2,0.6,1,-0.12
8550,285.000,50,D3,0.39,1,-0.12
8580,286.000,76,E5,0.67,0,0.16
8595,286.500,74,D5,0.48,0,0.16
8610,287.000,72,C5,0.67,0,0.16
8625,287.500,72,C5,0.48,0,0.16
8580,286.000,36,C2,0.6,1,-0.12
8610,287.000,43,G2,0.39,1,-0.12
8640,288.000,76,E5,0.67,0,0.16
8655,288.500,74,D5,0.48,0,0.16
8670,289.000,72,C5,0.67,0,0.16
8685,289.500,76,E5,0.48,0,0.16
8640,288.000,36,C2,0.6,1,-0.12
8670,289.000,43,G2,0.39,1,-0.12
8700,290.000,77,F5,0.67,0,0.16
8715,290.500,76,E5,0.48,0,0.16
8730,291.000,74,D5,0.67,0,0.16
8745,291.500,72,C5,0.48,0,0.16
8700,290.000,41,F2,0.6,1,-0.12
8730,291.000,48,C3,0.39,1,-0.12
8760,292.000,74,D5,0.67,0,0.16
8775,292.500,76,E5,0.48,0,0.16
8790,293.000,74,D5,0.67,0,0.16
8805,293.500,79,G5,0.48,0,0.16
8760,292.000,43,G2,0.6,1,-0.12
8790,293.000,50,D3,0.39,1,-0.12
8820,294.000,76,E5,0.67,0,0.16
8835,294.500,74,D5,0.48,0,0.16
8850,295.000,72,C5,0.67,0,0.16
8865,295.500,72,C5,0.48,0,0.16
8820,294.000,36,C2,0.6,1,-0.12
8850,295.000,43,G2,0.39,1,-0.12
8880,296.000,79,G5,0.67,0,0.16
8895,296.500,76,E5,0.48,0,0.16
8910,297.000,74,D5,0.67,0,0.16
8925,297.500,72,C5,0.48,0,0.16
8880,296.000,36,C2,0.6,1,-0.12
8910,297.000,43,G2,0.39,1,-0.12
8940,298.000,77,F5,0.67,0,0.16
8955,298.500,79,G5,0.48,0,0.16
8970,299.000,81,A5,0.67,0,0.16
8985,299.500,77,F5,0.48,0,0.16
8940,298.000,41,F2,0.6,1,-0.12
8970,299.000,48,C3,0.39,1,-0.12
9000,300.000,79,G5,0.67,0,0.16
9015,300.500,77,F5,0.48,0,0.16
9030,301.000,74,D5,0.67,0,0.16
9045,301.500,79,G5,0.48,0,0.16
9000,300.000,43,G2,0.6,1,-0.12
9030,301.000,50,D3,0.39,1,-0.12
9060,302.000,76,E5,0.67,0,0.16
9075,302.500,74,D5,0.48,0,0.16
9090,303.000,72,C5,0.67,0,0.16
9105,303.500,72,C5,0.48,0,0.16
9060,302.000,36,C2,0.6,1,-0.12
9090,303.000,43,G2,0.39,1,-0.12
9120,304.000,76,E5,0.67,0,0.16
9135,304.500,74,D5,0.48,0,0.16
9150,305.000,72,C5,0.67,0,0.16
9165,305.500,76,E5,0.48,0,0.16
9120,304.000,36,C2,0.6,1,-0.12
9150,305.000,43,G2,0.39,1,-0.12
9180,306.000,77,F5,0.67,0,0.16
9195,306.500,76,E5,0.48,0,0.16
9210,307.000,74,D5,0.67,0,0.16
9225,307.500,72,C5,0.48,0,0.16
9180,306.000,41,F2,0.6,1,-0.12
9210,307.000,48,C3,0.39,1,-0.12
9240,308.000,74,D5,0.67,0,0.16
9255,308.500,76,E5,0.48,0,0.16
9270,309.000,74,D5,0.67,0,0.16
9285,309.500,79,G5,0.48,0,0.16
9240,308.000,43,G2,0.6,1,-0.12
9270,309.000,50,D3,0.39,1,-0.12
9300,310.000,76,E5,0.67,0,0.16
9315,310.500,74,D5,0.48,0,0.16
9330,311.000,72,C5,0.67,0,0.16
9345,311.500,72,C5,0.48,0,0.16
9300,310.000,36,C2,0.6,1,-0.12
9330,311.000,43,G2,0.39,1,-0.12
9360,312.000,79,G5,0.67,0,0.16
9375,312.500,76,E5,0.48,0,0.16
9390,313.000,74,D5,0.67,0,0.16
9405,313.500,72,C5,0.48,0,0.16
9360,312.000,36,C2,0.6,1,-0.12
9390,313.000,43,G2,0.39,1,-0.12
9420,314.000,77,F5,0.67,0,0.16
9435,314.500,79,G5,0.48,0,0.16
9450,315.000,81,A5,0.67,0,0.16
9465,315.500,77,F5,0.48,0,0.16
9420,314.000,41,F2,0.6,1,-0.12
9450,315.000,48,C3,0.39,1,-0.12
9480,316.000,79,G5,0.67,0,0.16
9495,316.500,77,F5,0.48,0,0.16
9510,317.000,74,D5,0.67,0,0.16
9525,317.500,79,G5,0.48,0,0.16
9480,316.000,43,G2,0.6,1,-0.12
9510,317.000,50,D3,0.39,1,-0.12
9540,318.000,76,E5,0.67,0,0.16
9555,318.500,74,D5,0.48,0,0.16
9570,319.000,72,C5,0.67,0,0.16
9585,319.500,72,C5,0.48,0,0.16
9540,318.000,36,C2,0.6,1,-0.12
9570,319.000,43,G2,0.39,1,-0.12
9600,320.000,76,E5,0.67,0,0.16
9615,320.500,74,D5,0.48,0,0.16
9630,321.000,72,C5,0.67,0,0.16
9645,321.500,76,E5,0.48,0,0.16
9600,320.000,36,C2,0.6,1,-0.12
9630,321.000,43,G2,0.39,1,-0.12
9660,322.000,77,F5,0.67,0,0.16
9675,322.500,76,E5,0.48,0,0.16
9690,323.000,74,D5,0.67,0,0.16
9705,323.500,72,C5,0.48,0,0.16
9660,322.000,41,F2,0.6,1,-0.12
9690,323.000,48,C3,0.39,1,-0.12
9720,324.000,74,D5,0.67,0,0.16
9735,324.500,76,E5,0.48,0,0.16
9750,325.000,74,D5,0.67,0,0.16
9765,325.500,79,G5,0.48,0,0.16
9720,324.000,43,G2,0.6,1,-0.12
9750,325.000,50,D3,0.39,1,-0.12
9780,326.000,76,E5,0.67,0,0.16
9795,326.500,74,D5,0.48,0,0.16
9810,327.000,72,C5,0.67,0,0.16
9825,327.500,72,C5,0.48,0,0.16
9780,326.000,36,C2,0.6,1,-0.12
9810,327.000,43,G2,0.39,1,-0.12
9840,328.000,79,G5,0.67,0,0.16
9855,328.500,76,E5,0.48,0,0.16
9870,329.000,74,D5,0.67,0,0.16
9885,329.500,72,C5,0.48,0,0.16
9840,328.000,36,C2,0.6,1,-0.12
9870,329.000,43,G2,0.39,1,-0.12
9900,330.000,77,F5,0.67,0,0.16
9915,330.500,79,G5,0.48,0,0.16
9930,331.000,81,A5,0.67,0,0.16
9945,331.500,77,F5,0.48,0,0.16
9900,330.000,41,F2,0.6,1,-0.12
9930,331.000,48,C3,0.39,1,-0.12
9960,332.000,79,G5,0.67,0,0.16
9975,332.500,77,F5,0.48,0,0.16
9990,333.000,74,D5,0.67,0,0.16
10005,333.500,79,G5,0.48,0,0.16
9960,332.000,43,G2,0.6,1,-0.12
9990,333.000,50,D3,0.39,1,-0.12
10020,334.000,76,E5,0.67,0,0.16
10035,334.500,74,D5,0.48,0,0.16
10050,335.000,72,C5,0.67,0,0.16
10065,335.500,72,C5,0.48,0,0.16
10020,334.000,36,C2,0.6,1,-0.12
10050,335.000,43,G2,0.39,1,-0.12
10080,336.000,76,E5,0.67,0,0.16
10095,336.500,74,D5,0.48,0,0.16
10110,337.000,72,C5,0.67,0,0.16
10125,337.500,76,E5,0.48,0,0.16
10080,336.000,36,C2,0.6,1,-0.12
10110,337.000,43,G2,0.39,1,-0.12
10140,338.000,77,F5,0.67,0,0.16
10155,338.500,76,E5,0.48,0,0.16
10170,339.000,74,D5,0.67,0,0.16
10185,339.500,72,C5,0.48,0,0.16
10140,338.000,41,F2,0.6,1,-0.12
10170,339.000,48,C3,0.39,1,-0.12
10200,340.000,74,D5,0.67,0,0.16
10215,340.500,76,E5,0.48,0,0.16
10230,341.000,74,D5,0.67,0,0.16
10245,341.500,79,G5,0.48,0,0.16
10200,340.000,43,G2,0.6,1,-0.12
10230,341.000,50,D3,0.39,1,-0.12
10260,342.000,76,E5,0.67,0,0.16
10275,342.500,74,D5,0.48,0,0.16
10290,343.000,72,C5,0.67,0,0.16
10305,343.500,72,C5,0.48,0,0.16
10260,342.000,36,C2,0.6,1,-0.12
10290,343.000,43,G2,0.39,1,-0.12
10320,344.000,79,G5,0.67,0,0.16
10335,344.500,76,E5,0.48,0,0.16
10350,345.000,74,D5,0.67,0,0.16
10365,345.500,72,C5,0.48,0,0.16
10320,344.000,36,C2,0.6,1,-0.12
10350,345.000,43,G2,0.39,1,-0.12
10380,346.000,77,F5,0.67,0,0.16
10395,346.500,79,G5,0.48,0,0.16
10410,347.000,81,A5,0.67,0,0.16
10425,347.500,77,F5,0.48,0,0.16
10380,346.000,41,F2,0.6,1,-0.12
10410,347.000,48,C3,0.39,1,-0.12
10440,348.000,79,G5,0.67,0,0.16
10455,348.500,77,F5,0.48,0,0.16
10470,349.000,74,D5,0.67,0,0.16
10485,349.500,79,G5,0.48,0,0.16
10440,348.000,43,G2,0.6,1,-0.12
10470,349.000,50,D3,0.39,1,-0.12
10500,350.000,76,E5,0.67,0,0.16
10515,350.500,74,D5,0.48,0,0.16
10530,351.000,72,C5,0.67,0,0.16
10545,351.500,72,C5,0.48,0,0.16
10500,350.000,36,C2,0.6,1,-0.12
10530,351.000,43,G2,0.39,1,-0.12
10560,352.000,76,E5,0.67,0,0.16
10575,352.500,74,D5,0.48,0,0.16
10590,353.000,72,C5,0.67,0,0.16
10605,353.500,76,E5,0.48,0,0.16
10560,352.000,36,C2,0.6,1,-0.12
10590,353.000,43,G2,0.39,1,-0.12
10620,354.000,77,F5,0.67,0,0.16
10635,354.500,76,E5,0.48,0,0.16
10650,355.000,74,D5,0.67,0,0.16
10665,355.500,72,C5,0.48,0,0.16
10620,354.000,41,F2,0.6,1,-0.12
10650,355.000,48,C3,0.39,1,-0.12
10680,356.000,74,D5,0.67,0,0.16
10695,356.500,76,E5,0.48,0,0.16
10710,357.000,74,D5,0.67,0,0.16
10725,357.500,79,G5,0.48,0,0.16
10680,356.000,43,G2,0.6,1,-0.12
10710,357.000,50,D3,0.39,1,-0.12
10740,358.000,76,E5,0.67,0,0.16
10755,358.500,74,D5,0.48,0,0.16
10770,359.000,72,C5,0.67,0,0.16
10785,359.500,72,C5,0.48,0,0.16
10740,358.000,36,C2,0.6,1,-0.12
10770,359.000,43,G2,0.39,1,-0.12
10800,360.000,79,G5,0.67,0,0.16
10815,360.500,76,E5,0.48,0,0.16
10830,361.000,74,D5,0.67,0,0.16
10845,361.500,72,C5,0.48,0,0.16
10800,360.000,36,C2,0.6,1,-0.12
10830,361.000,43,G2,0.39,1,-0.12
10860,362.000,77,F5,0.67,0,0.16
10875,362.500,79,G5,0.48,0,0.16
10890,363.000,81,A5,0.67,0,0.16
10905,363.500,77,F5,0.48,0,0.16
10860,362.000,41,F2,0.6,1,-0.12
10890,363.000,48,C3,0.39,1,-0.12
10920,364.000,79,G5,0.67,0,0.16
10935,364.500,77,F5,0.48,0,0.16
10950,365.000,74,D5,0.67,0,0.16
10965,365.500,79,G5,0.48,0,0.16
10920,364.000,43,G2,0.6,1,-0.12
10950,365.000,50,D3,0.39,1,-0.12
10980,366.000,76,E5,0.67,0,0.16
10995,366.500,74,D5,0.48,0,0.16
11010,367.000,72,C5,0.67,0,0.16
11025,367.500,72,C5,0.48,0,0.16
10980,366.000,36,C2,0.6,1,-0.12
11010,367.000,43,G2,0.39,1,-0.12
11040,368.000,76,E5,0.67,0,0.16
11055,368.500,74,D5,0.48,0,0.16
11070,369.000,72,C5,0.67,0,0.16
11085,369.500,76,E5,0.48,0,0.16
11040,368.000,36,C2,0.6,1,-0.12
11070,369.000,43,G2,0.39,1,-0.12
11100,370.000,77,F5,0.67,0,0.16
11115,370.500,76,E5,0.48,0,0.16
11130,371.000,74,D5,0.67,0,0.16
11145,371.500,72,C5,0.48,0,0.16
11100,370.000,41,F2,0.6,1,-0.12
11130,371.000,48,C3,0.39,1,-0.12
11160,372.000,74,D5,0.67,0,0.16
11175,372.500,76,E5,0.48,0,0.16
11190,373.000,74,D5,0.67,0,0.16
11205,373.500,79,G5,0.48,0,0.16
11160,372.000,43,G2,0.6,1,-0.12
11190,373.000,50,D3,0.39,1,-0.12
11220,374.000,76,E5,0.67,0,0.16
11235,374.500,74,D5,0.48,0,0.16
11250,375.000,72,C5,0.67,0,0.16
11265,375.500,72,C5,0.48,0,0.16
11220,374.000,36,C2,0.6,1,-0.12
11250,375.000,43,G2,0.39,1,-0.12
11280,376.000,79,G5,0.67,0,0.16
11295,376.500,76,E5,0.48,0,0.16
11310,377.000,74,D5,0.67,0,0.16
11325,377.500,72,C5,0.48,0,0.16
11280,376.000,36,C2,0.6,1,-0.12
11310,377.000,43,G2,0.39,1,-0.12
11340,378.000,77,F5,0.67,0,0.16
11355,378.500,79,G5,0.48,0,0.16
11370,379.000,81,A5,0.67,0,0.16
11385,379.500,77,F5,0.48,0,0.16
11340,378.000,41,F2,0.6,1,-0.12
11370,379.000,48,C3,0.39,1,-0.12
11400,380.000,79,G5,0.67,0,0.16
11415,380.500,77,F5,0.48,0,0.16
11430,381.000,74,D5,0.67,0,0.16
11445,381.500,79,G5,0.48,0,0.16
11400,380.000,43,G2,0.6,1,-0.12
11430,381.000,50,D3,0.39,1,-0.12
11460,382.000,76,E5,0.67,0,0.16
11475,382.500,74,D5,0.48,0,0.16
11490,383.000,72,C5,0.67,0,0.16
11505,383.500,72,C5,0.48,0,0.16
11460,382.000,36,C2,0.6,1,-0.12
11490,383.000,43,G2,0.39,1,-0.12
11520,384.000,76,E5,0.67,0,0.16
11535,384.500,74,D5,0.48,0,0.16
11550,385.000,72,C5,0.67,0,0.16
11565,385.500,76,E5,0.48,0,0.16
11520,384.000,36,C2,0.6,1,-0.12
11550,385.000,43,G2,0.39,1,-0.12
11580,386.000,77,F5,0.67,0,0.16
11595,386.500,76,E5,0.48,0,0.16
11610,387.000,74,D5,0.67,0,0.16
11625,387.500,72,C5,0.48,0,0.16
11580,386.000,41,F2,0.6,1,-0.12
11610,387.000,48,C3,0.39,1,-0.12
11640,388.000,74,D5,0.67,0,0.16
11655,388.500,76,E5,0.48,0,0.16
11670,389.000,74,D5,0.67,0,0.16
11685,389.500,79,G5,0.48,0,0.16
11640,388.000,43,G2,0.6,1,-0.12
11670,389.000,50,D3,0.39,1,-0.12
11700,390.000,76,E5,0.67,0,0.16
11715,390.500,74,D5,0.48,0,0.16
11730,391.000,72,C5,0.67,0,0.16
11745,391.500,72,C5,0.48,0,0.16
11700,390.000,36,C2,0.6,1,-0.12
11730,391.000,43,G2,0.39,1,-0.12
11760,392.000,79,G5,0.67,0,0.16
11775,392.500,76,E5,0.48,0,0.16
11790,393.000,74,D5,0.67,0,0.16
11805,393.500,72,C5,0.48,0,0.16
11760,392.000,36,C2,0.6,1,-0.12
11790,393.000,43,G2,0.39,1,-0.12
11820,394.000,77,F5,0.67,0,0.16
11835,394.500,79,G5,0.48,0,0.16
11850,395.000,81,A5,0.67,0,0.16
11865,395.500,77,F5,0.48,0,0.16
11820,394.000,41,F2,0.6,1,-0.12
11850,395.000,48,C3,0.39,1,-0.12
11880,396.000,79,G5,0.67,0,0.16
11895,396.500,77,F5,0.48,0,0.16
11910,397.000,74,D5,0.67,0,0.16
11925,397.500,79,G5,0.48,0,0.16
11880,396.000,43,G2,0.6,1,-0.12
11910,397.000,50,D3,0.39,1,-0.12
11940,398.000,76,E5,0.67,0,0.16
11955,398.500,74,D5,0.48,0,0.16
11970,399.000,72,C5,0.67,0,0.16
11985,399.500,72,C5,0.48,0,0.16
11940,398.000,36,C2,0.6,1,-0.12
11970,399.000,43,G2,0.39,1,-0.12
12000,400.000,76,E5,0.67,0,0.16
12015,400.500,74,D5,0.48,0,0.16
12030,401.000,72,C5,0.67,0,0.16
12045,401.500,76,E5,0.48,0,0.16
12000,400.000,36,C2,0.6,1,-0.12
12030,401.000,43,G2,0.39,1,-0.12
12060,402.000,77,F5,0.67,0,0.16
12075,402.500,76,E5,0.48,0,0.16
12090,403.000,74,D5,0.67,0,0.16
12105,403.500,72,C5,0.48,0,0.16
12060,402.000,41,F2,0.6,1,-0.12
12090,403.000,48,C3,0.39,1,-0.12
12120,404.000,74,D5,0.67,0,0.16
12135,404.500,76,E5,0.48,0,0.16
12150,405.000,74,D5,0.67,0,0.16
12165,405.500,79,G5,0.48,0,0.16
12120,404.000,43,G2,0.6,1,-0.12
12150,405.000,50,D3,0.39,1,-0.12
12180,406.000,76,E5,0.67,0,0.16
12195,406.500,74,D5,0.48,0,0.16
12210,407.000,72,C5,0.67,0,0.16
12225,407.500,72,C5,0.48,0,0.16
12180,406.000,36,C2,0.6,1,-0.12
12210,407.000,43,G2,0.39,1,-0.12
12240,408.000,79,G5,0.67,0,0.16
12255,408.500,76,E5,0.48,0,0.16
12270,409.000,74,D5,0.67,0,0.16
12285,409.500,72,C5,0.48,0,0.16
12240,408.000,36,C2,0.6,1,-0.12
12270,409.000,43,G2,0.39,1,-0.12
12300,410.000,77,F5,0.67,0,0.16
12315,410.500,79,G5,0.48,0,0.16
12330,411.000,81,A5,0.67,0,0.16
12345,411.500,77,F5,0.48,0,0.16
12300,410.000,41,F2,0.6,1,-0.12
12330,411.000,48,C3,0.39,1,-0.12
12360,412.000,79,G5,0.67,0,0.16
12375,412.500,77,F5,0.48,0,0.16
12390,413.000,74,D5,0.67,0,0.16
12405,413.500,79,G5,0.48,0,0.16
12360,412.000,43,G2,0.6,1,-0.12
12390,413.000,50,D3,0.39,1,-0.12
12420,414.000,76,E5,0.67,0,0.16
12435,414.500,74,D5,0.48,0,0.16
12450,415.000,72,C5,0.67,0,0.16
12465,415.500,72,C5,0.48,0,0.16
12420,414.000,36,C2,0.6,1,-0.12
12450,415.000,43,G2,0.39,1,-0.12
12480,416.000,76,E5,0.67,0,0.16
12495,416.500,74,D5,0.48,0,0.16
12510,417.000,72,C5,0.67,0,0.16
12525,417.500,76,E5,0.48,0,0.16
12480,416.000,36,C2,0.6,1,-0.12
12510,417.000,43,G2,0.39,1,-0.12
12540,418.000,77,F5,0.67,0,0.16
12555,418.500,76,E5,0.48,0,0.16
12570,419.000,74,D5,0.67,0,0.16
12585,419.500,72,C5,0.48,0,0.16
12540,418.000,41,F2,0.6,1,-0.12
12570,419.000,48,C3,0.39,1,-0.12
12600,420.000,74,D5,0.67,0,0.16
12615,420.500,76,E5,0.48,0,0.16
12630,421.000,74,D5,0.67,0,0.16
12645,421.500,79,G5,0.48,0,0.16
12600,420.000,43,G2,0.6,1,-0.12
12630,421.000,50,D3,0.39,1,-0.12
12660,422.000,76,E5,0.67,0,0.16
12675,422.500,74,D5,0.48,0,0.16
12690,423.000,72,C5,0.67,0,0.16
12705,423.500,72,C5,0.48,0,0.16
12660,422.000,36,C2,0.6,1,-0.12
12690,423.000,43,G2,0.39,1,-0.12
12720,424.000,79,G5,0.67,0,0.16
12735,424.500,76,E5,0.48,0,0.16
12750,425.000,74,D5,0.67,0,0.16
12765,425.500,72,C5,0.48,0,0.16
12720,424.000,36,C2,0.6,1,-0.12
12750,425.000,43,G2,0.39,1,-0.12
12780,426.000,77,F5,0.67,0,0.16
12795,426.500,79,G5,0.48,0,0.16
12810,427.000,81,A5,0.67,0,0.16
12825,427.500,77,F5,0.48,0,0.16
12780,426.000,41,F2,0.6,1,-0.12
12810,427.000,48,C3,0.39,1,-0.12
12840,428.000,79,G5,0.67,0,0.16
12855,428.500,77,F5,0.48,0,0.16
12870,429.000,74,D5,0.67,0,0.16
12885,429.500,79,G5,0.48,0,0.16
12840,428.000,43,G2,0.6,1,-0.12
12870,429.000,50,D3,0.39,1,-0.12
12900,430.000,76,E5,0.67,0,0.16
12915,430.500,74,D5,0.48,0,0.16
12930,431.000,72,C5,0.67,0,0.16
12945,431.500,72,C5,0.48,0,0.16
12900,430.000,36,C2,0.6,1,-0.12
12930,431.000,43,G2,0.39,1,-0.12
12960,432.000,76,E5,0.67,0,0.16
12975,432.500,74,D5,0.48,0,0.16
12990,433.000,72,C5,0.67,0,0.16
13005,433.500,76,E5,0.48,0,0.16
12960,432.000,36,C2,0.6,1,-0.12
12990,433.000,43,G2,0.39,1,-0.12
13020,434.000,77,F5,0.67,0,0.16
13035,434.500,76,E5,0.48,0,0.16
13050,435.000,74,D5,0.67,0,0.16
13065,435.500,72,C5,0.48,0,0.16
13020,434.000,41,F2,0.6,1,-0.12
13050,435.000,48,C3,0.39,1,-0.12
13080,436.000,74,D5,0.67,0,0.16
13095,436.500,76,E5,0.48,0,0.16
13110,437.000,74,D5,0.67,0,0.16
13125,437.500,79,G5,0.48,0,0.16
13080,436.000,43,G2,0.6,1,-0.12
13110,437.000,50,D3,0.39,1,-0.12
13140,438.000,76,E5,0.67,0,0.16
13155,438.500,74,D5,0.48,0,0.16
13170,439.000,72,C5,0.67,0,0.16
13185,439.500,72,C5,0.48,0,0.16
13140,438.000,36,C2,0.6,1,-0.12
13170,439.000,43,G2,0.39,1,-0.12
13200,440.000,79,G5,0.67,0,0.16
13215,440.500,76,E5,0.48,0,0.16
13230,441.000,74,D5,0.67,0,0.16
13245,441.500,72,C5,0.48,0,0.16
13200,440.000,36,C2,0.6,1,-0.12
13230,441.000,43,G2,0.39,1,-0.12
13260,442.000,77,F5,0.67,0,0.16
13275,442.500,79,G5,0.48,0,0.16
13290,443.000,81,A5,0.67,0,0.16
13305,443.500,77,F5,0.48,0,0.16
13260,442.000,41,F2,0.6,1,-0.12
13290,443.000,48,C3,0.39,1,-0.12
13320,444.000,79,G5,0.67,0,0.16
13335,444.500,77,F5,0.48,0,0.16
13350,445.000,74,D5,0.67,0,0.16
13365,445.500,79,G5,0.48,0,0.16
13320,444.000,43,G2,0.6,1,-0.12
13350,445.000,50,D3,0.39,1,-0.12
13380,446.000,76,E5,0.67,0,0.16
13395,446.500,74,D5,0.48,0,0.16
13410,447.000,72,C5,0.67,0,0.16
13425,447.500,72,C5,0.48,0,0.16
13380,446.000,36,C2,0.6,1,-0.12
13410,447.000,43,G2,0.39,1,-0.12
13440,448.000,76,E5,0.67,0,0.16
13455,448.500,74,D5,0.48,0,0.16
13470,449.000,72,C5,0.67,0,0.16
13485,449.500,76,E5,0.48,0,0.16
13440,448.000,36,C2,0.6,1,-0.12
13470,449.000,43,G2,0.39,1,-0.12
13500,450.000,77,F5,0.67,0,0.16
13515,450.500,76,E5,0.48,0,0.16
13530,451.000,74,D5,0.67,0,0.16
13545,451.500,72,C5,0.48,0,0.16
13500,450.000,41,F2,0.6,1,-0.12
13530,451.000,48,C3,0.39,1,-0.12
13560,452.000,74,D5,0.67,0,0.16
13575,452.500,76,E5,0.48,0,0.16
13590,453.000,74,D5,0.67,0,0.16
13605,453.500,79,G5,0.48,0,0.16
13560,452.000,43,G2,0.6,1,-0.12
13590,453.000,50,D3,0.39,1,-0.12
13620,454.000,76,E5,0.67,0,0.16
13635,454.500,74,D5,0.48,0,0.16
13650,455.000,72,C5,0.67,0,0.16
13665,455.500,72,C5,0.48,0,0.16
13620,454.000,36,C2,0.6,1,-0.12
13650,455.000,43,G2,0.39,1,-0.12
13680,456.000,79,G5,0.67,0,0.16
13695,456.500,76,E5,0.48,0,0.16
13710,457.000,74,D5,0.67,0,0.16
13725,457.500,72,C5,0.48,0,0.16
13680,456.000,36,C2,0.6,1,-0.12
13710,457.000,43,G2,0.39,1,-0.12
13740,458.000,77,F5,0.67,0,0.16
13755,458.500,79,G5,0.48,0,0.16
13770,459.000,81,A5,0.67,0,0.16
13785,459.500,77,F5,0.48,0,0.16
13740,458.000,41,F2,0.6,1,-0.12
13770,459.000,48,C3,0.39,1,-0.12
13800,460.000,79,G5,0.67,0,0.16
13815,460.500,77,F5,0.48,0,0.16
13830,461.000,74,D5,0.67,0,0.16
13845,461.500,79,G5,0.48,0,0.16
13800,460.000,43,G2,0.6,1,-0.12
13830,461.000,50,D3,0.39,1,-0.12
13860,462.000,76,E5,0.67,0,0.16
13875,462.500,74,D5,0.48,0,0.16
13890,463.000,72,C5,0.67,0,0.16
13905,463.500,72,C5,0.48,0,0.16
13860,462.000,36,C2,0.6,1,-0.12
13890,463.000,43,G2,0.39,1,-0.12
13920,464.000,76,E5,0.67,0,0.16
13935,464.500,74,D5,0.48,0,0.16
13950,465.000,72,C5,0.67,0,0.16
13965,465.500,76,E5,0.48,0,0.16
13920,464.000,36,C2,0.6,1,-0.12
13950,465.000,43,G2,0.39,1,-0.12
13980,466.000,77,F5,0.67,0,0.16
13995,466.500,76,E5,0.48,0,0.16
14010,467.000,74,D5,0.67,0,0.16
14025,467.500,72,C5,0.48,0,0.16
13980,466.000,41,F2,0.6,1,-0.12
14010,467.000,48,C3,0.39,1,-0.12
14040,468.000,74,D5,0.67,0,0.16
14055,468.500,76,E5,0.48,0,0.16
14070,469.000,74,D5,0.67,0,0.16
14085,469.500,79,G5,0.48,0,0.16
14040,468.000,43,G2,0.6,1,-0.12
14070,469.000,50,D3,0.39,1,-0.12
14100,470.000,76,E5,0.67,0,0.16
14115,470.500,74,D5,0.48,0,0.16
14130,471.000,72,C5,0.67,0,0.16
14145,471.500,72,C5,0.48,0,0.16
14100,470.000,36,C2,0.6,1,-0.12
14130,471.000,43,G2,0.39,1,-0.12
14160,472.000,79,G5,0.67,0,0.16
14175,472.500,76,E5,0.48,0,0.16
14190,473.000,74,D5,0.67,0,0.16
14205,473.500,72,C5,0.48,0,0.16
14160,472.000,36,C2,0.6,1,-0.12
14190,473.000,43,G2,0.39,1,-0.12
14220,474.000,77,F5,0.67,0,0.16
14235,474.500,79,G5,0.48,0,0.16
14250,475.000,81,A5,0.67,0,0.16
14265,475.500,77,F5,0.48,0,0.16
14220,474.000,41,F2,0.6,1,-0.12
14250,475.000,48,C3,0.39,1,-0.12
14280,476.000,79,G5,0.67,0,0.16
14295,476.500,77,F5,0.48,0,0.16
14310,477.000,74,D5,0.67,0,0.16
14325,477.500,79,G5,0.48,0,0.16
14280,476.000,43,G2,0.6,1,-0.12
14310,477.000,50,D3,0.39,1,-0.12
14340,478.000,76,E5,0.67,0,0.16
14355,478.500,74,D5,0.48,0,0.16
14370,479.000,72,C5,0.67,0,0.16
14385,479.500,72,C5,0.48,0,0.16
14340,478.000,36,C2,0.6,1,-0.12
14370,479.000,43,G2,0.39,1,-0.12
14400,480.000,76,E5,0.67,0,0.16
14415,480.500,74,D5,0.48,0,0.16
14430,481.000,72,C5,0.67,0,0.16
14445,481.500,76,E5,0.48,0,0.16
14400,480.000,36,C2,0.6,1,-0.12
14430,481.000,43,G2,0.39,1,-0.12
14460,482.000,77,F5,0.67,0,0.16
14475,482.500,76,E5,0.48,0,0.16
14490,483.000,74,D5,0.67,0,0.16
14505,483.500,72,C5,0.48,0,0.16
14460,482.000,41,F2,0.6,1,-0.12
14490,483.000,48,C3,0.39,1,-0.12
14520,484.000,74,D5,0.67,0,0.16
14535,484.500,76,E5,0.48,0,0.16
14550,485.000,74,D5,0.67,0,0.16
14565,485.500,79,G5,0.48,0,0.16
14520,484.000,43,G2,0.6,1,-0.12
14550,485.000,50,D3,0.39,1,-0.12
14580,486.000,76,E5,0.67,0,0.16
14595,486.500,74,D5,0.48,0,0.16
14610,487.000,72,C5,0.67,0,0.16
14625,487.500,72,C5,0.48,0,0.16
14580,486.000,36,C2,0.6,1,-0.12
14610,487.000,43,G2,0.39,1,-0.12
14640,488.000,79,G5,0.67,0,0.16
14655,488.500,76,E5,0.48,0,0.16
14670,489.000,74,D5,0.67,0,0.16
14685,489.500,72,C5,0.48,0,0.16
14640,488.000,36,C2,0.6,1,-0.12
14670,489.000,43,G2,0.39,1,-0.12
14700,490.000,77,F5,0.67,0,0.16
14715,490.500,79,G5,0.48,0,0.16
14730,491.000,81,A5,0.67,0,0.16
14745,491.500,77,F5,0.48,0,0.16
14700,490.000,41,F2,0.6,1,-0.12
14730,491.000,48,C3,0.39,1,-0.12
14760,492.000,79,G5,0.67,0,0.16
14775,492.500,77,F5,0.48,0,0.16
14790,493.000,74,D5,0.67,0,0.16
14805,493.500,79,G5,0.48,0,0.16
14760,492.000,43,G2,0.6,1,-0.12
14790,493.000,50,D3,0.39,1,-0.12
14820,494.000,76,E5,0.67,0,0.16
14835,494.500,74,D5,0.48,0,0.16
14850,495.000,72,C5,0.67,0,0.16
14865,495.500,72,C5,0.48,0,0.16
14820,494.000,36,C2,0.6,1,-0.12
14850,495.000,43,G2,0.39,1,-0.12
14880,496.000,76,E5,0.67,0,0.16
14895,496.500,74,D5,0.48,0,0.16
14910,497.000,72,C5,0.67,0,0.16
14925,497.500,76,E5,0.48,0,0.16
14880,496.000,36,C2,0.6,1,-0.12
14910,497.000,43,G2,0.39,1,-0.12
14940,498.000,77,F5,0.67,0,0.16
14955,498.500,76,E5,0.48,0,0.16
14970,499.000,74,D5,0.67,0,0.16
14985,499.500,72,C5,0.48,0,0.16
14940,498.000,41,F2,0.6,1,-0.12
14970,499.000,48,C3,0.39,1,-0.12
15000,500.000,74,D5,0.67,0,0.16
15015,500.500,76,E5,0.48,0,0.16
15030,501.000,74,D5,0.67,0,0.16
15045,501.500,79,G5,0.48,0,0.16
15000,500.000,43,G2,0.6,1,-0.12
15030,501.000,50,D3,0.39,1,-0.12
15060,502.000,76,E5,0.67,0,0.16
15075,502.500,74,D5,0.48,0,0.16
15090,503.000,72,C5,0.67,0,0.16
15105,503.500,72,C5,0.48,0,0.16
15060,502.000,36,C2,0.6,1,-0.12
15090,503.000,43,G2,0.39,1,-0.12
15120,504.000,79,G5,0.67,0,0.16
15135,504.500,76,E5,0.48,0,0.16
15150,505.000,74,D5,0.67,0,0.16
15165,505.500,72,C5,0.48,0,0.16
15120,504.000,36,C2,0.6,1,-0.12
15150,505.000,43,G2,0.39,1,-0.12
15180,506.000,77,F5,0.67,0,0.16
15195,506.500,79,G5,0.48,0,0.16
15210,507.000,81,A5,0.67,0,0.16
15225,507.500,77,F5,0.48,0,0.16
15180,506.000,41,F2,0.6,1,-0.12
15210,507.000,48,C3,0.39,1,-0.12
15240,508.000,79,G5,0.67,0,0.16
15255,508.500,77,F5,0.48,0,0.16
15270,509.000,74,D5,0.67,0,0.16
15285,509.500,79,G5,0.48,0,0.16
15240,508.000,43,G2,0.6,1,-0.12
15270,509.000,50,D3,0.39,1,-0.12
15300,510.000,76,E5,0.67,0,0.16
15315,510.500,74,D5,0.48,0,0.16
15330,511.000,72,C5,0.67,0,0.16
15345,511.500,72,C5,0.48,0,0.16
15300,510.000,36,C2,0.6,1,-0.12
15330,511.000,43,G2,0.39,1,-0.12
15360,512.000,76,E5,0.67,0,0.16
15375,512.500,74,D5,0.48,0,0.16
15390,513.000,72,C5,0.67,0,0.16
15405,513.500,76,E5,0.48,0,0.16
15360,512.000,36,C2,0.6,1,-0.12
15390,513.000,43,G2,0.39,1,-0.12
15420,514.000,77,F5,0.67,0,0.16
15435,514.500,76,E5,0.48,0,0.16
15450,515.000,74,D5,0.67,0,0.16
15465,515.500,72,C5,0.48,0,0.16
15420,514.000,41,F2,0.6,1,-0.12
15450,515.000,48,C3,0.39,1,-0.12
15480,516.000,74,D5,0.67,0,0.16
15495,516.500,76,E5,0.48,0,0.16
15510,517.000,74,D5,0.67,0,0.16
15525,517.500,79,G5,0.48,0,0.16
15480,516.000,43,G2,0.6,1,-0.12
15510,517.000,50,D3,0.39,1,-0.12
15540,518.000,76,E5,0.67,0,0.16
15555,518.500,74,D5,0.48,0,0.16
15570,519.000,72,C5,0.67,0,0.16
15585,519.500,72,C5,0.48,0,0.16
15540,518.000,36,C2,0.6,1,-0.12
15570,519.000,43,G2,0.39,1,-0.12
15600,520.000,79,G5,0.67,0,0.16
15615,520.500,76,E5,0.48,0,0.16
15630,521.000,74,D5,0.67,0,0.16
15645,521.500,72,C5,0.48,0,0.16
15600,520.000,36,C2,0.6,1,-0.12
15630,521.000,43,G2,0.39,1,-0.12
15660,522.000,77,F5,0.67,0,0.16
15675,522.500,79,G5,0.48,0,0.16
15690,523.000,81,A5,0.67,0,0.16
15705,523.500,77,F5,0.48,0,0.16
15660,522.000,41,F2,0.6,1,-0.12
15690,523.000,48,C3,0.39,1,-0.12
15720,524.000,79,G5,0.67,0,0.16
15735,524.500,77,F5,0.48,0,0.16
15750,525.000,74,D5,0.67,0,0.16
15765,525.500,79,G5,0.48,0,0.16
15720,524.000,43,G2,0.6,1,-0.12
15750,525.000,50,D3,0.39,1,-0.12
15780,526.000,76,E5,0.67,0,0.16
15795,526.500,74,D5,0.48,0,0.16
15810,527.000,72,C5,0.67,0,0.16
15825,527.500,72,C5,0.48,0,0.16
15780,526.000,36,C2,0.6,1,-0.12
15810,527.000,43,G2,0.39,1,-0.12
15840,528.000,76,E5,0.67,0,0.16
15855,528.500,74,D5,0.48,0,0.16
15870,529.000,72,C5,0.67,0,0.16
15885,529.500,76,E5,0.48,0,0.16
15840,528.000,36,C2,0.6,1,-0.12
15870,529.000,43,G2,0.39,1,-0.12
15900,530.000,77,F5,0.67,0,0.16
15915,530.500,76,E5,0.48,0,0.16
15930,531.000,74,D5,0.67,0,0.16
15945,531.500,72,C5,0.48,0,0.16
15900,530.000,41,F2,0.6,1,-0.12
15930,531.000,48,C3,0.39,1,-0.12
15960,532.000,74,D5,0.67,0,0.16
15975,532.500,76,E5,0.48,0,0.16
15990,533.000,74,D5,0.67,0,0.16
16005,533.500,79,G5,0.48,0,0.16
15960,532.000,43,G2,0.6,1,-0.12
15990,533.000,50,D3,0.39,1,-0.12
16020,534.000,76,E5,0.67,0,0.16
16035,534.500,74,D5,0.48,0,0.16
16050,535.000,72,C5,0.67,0,0.16
16065,535.500,72,C5,0.48,0,0.16
16020,534.000,36,C2,0.6,1,-0.12
16050,535.000,43,G2,0.39,1,-0.12
16080,536.000,79,G5,0.67,0,0.16
16095,536.500,76,E5,0.48,0,0.16
16110,537.000,74,D5,0.67,0,0.16
16125,537.500,72,C5,0.48,0,0.16
16080,536.000,36,C2,0.6,1,-0.12
16110,537.000,43,G2,0.39,1,-0.12
16140,538.000,77,F5,0.67,0,0.16
16155,538.500,79,G5,0.48,0,0.16
16170,539.000,81,A5,0.67,0,0.16
16185,539.500,77,F5,0.48,0,0.16
16140,538.000,41,F2,0.6,1,-0.12
16170,539.000,48,C3,0.39,1,-0.12
16200,540.000,79,G5,0.67,0,0.16
16215,540.500,77,F5,0.48,0,0.16
16230,541.000,74,D5,0.67,0,0.16
16245,541.500,79,G5,0.48,0,0.16
16200,540.000,43,G2,0.6,1,-0.12
16230,541.000,50,D3,0.39,1,-0.12
16260,542.000,76,E5,0.67,0,0.16
16275,542.500,74,D5,0.48,0,0.16
16290,543.000,72,C5,0.67,0,0.16
16305,543.500,72,C5,0.48,0,0.16
16260,542.000,36,C2,0.6,1,-0.12
16290,543.000,43,G2,0.39,1,-0.12
16320,544.000,76,E5,0.67,0,0.16
16335,544.500,74,D5,0.48,0,0.16
16350,545.000,72,C5,0.67,0,0.16
16365,545.500,76,E5,0.48,0,0.16
16320,544.000,36,C2,0.6,1,-0.12
16350,545.000,43,G2,0.39,1,-0.12
16380,546.000,77,F5,0.67,0,0.16
16395,546.500,76,E5,0.48,0,0.16
16410,547.000,74,D5,0.67,0,0.16
16425,547.500,72,C5,0.48,0,0.16
16380,546.000,41,F2,0.6,1,-0.12
16410,547.000,48,C3,0.39,1,-0.12
16440,548.000,74,D5,0.67,0,0.16
16455,548.500,76,E5,0.48,0,0.16
16470,549.000,74,D5,0.67,0,0.16
16485,549.500,79,G5,0.48,0,0.16
16440,548.000,43,G2,0.6,1,-0.12
16470,549.000,50,D3,0.39,1,-0.12
16500,550.000,76,E5,0.67,0,0.16
16515,550.500,74,D5,0.48,0,0.16
16530,551.000,72,C5,0.67,0,0.16
16545,551.500,72,C5,0.48,0,0.16
16500,550.000,36,C2,0.6,1,-0.12
16530,551.000,43,G2,0.39,1,-0.12
16560,552.000,79,G5,0.67,0,0.16
16575,552.500,76,E5,0.48,0,0.16
16590,553.000,74,D5,0.67,0,0.16
16605,553.500,72,C5,0.48,0,0.16
16560,552.000,36,C2,0.6,1,-0.12
16590,553.000,43,G2,0.39,1,-0.12
16620,554.000,77,F5,0.67,0,0.16
16635,554.500,79,G5,0.48,0,0.16
16650,555.000,81,A5,0.67,0,0.16
16665,555.500,77,F5,0.48,0,0.16
16620,554.000,41,F2,0.6,1,-0.12
16650,555.000,48,C3,0.39,1,-0.12
16680,556.000,79,G5,0.67,0,0.16
16695,556.500,77,F5,0.48,0,0.16
16710,557.000,74,D5,0.67,0,0.16
16725,557.500,79,G5,0.48,0,0.16
16680,556.000,43,G2,0.6,1,-0.12
16710,557.000,50,D3,0.39,1,-0.12
16740,558.000,76,E5,0.67,0,0.16
16755,558.500,74,D5,0.48,0,0.16
16770,559.000,72,C5,0.67,0,0.16
16785,559.500,72,C5,0.48,0,0.16
16740,558.000,36,C2,0.6,1,-0.12
16770,559.000,43,G2,0.39,1,-0.12
16800,560.000,76,E5,0.67,0,0.16
16815,560.500,74,D5,0.48,0,0.16
16830,561.000,72,C5,0.67,0,0.16
16845,561.500,76,E5,0.48,0,0.16
16800,560.000,36,C2,0.6,1,-0.12
16830,561.000,43,G2,0.39,1,-0.12
16860,562.000,77,F5,0.67,0,0.16
16875,562.500,76,E5,0.48,0,0.16
16890,563.000,74,D5,0.67,0,0.16
16905,563.500,72,C5,0.48,0,0.16
16860,562.000,41,F2,0.6,1,-0.12
16890,563.000,48,C3,0.39,1,-0.12
16920,564.000,74,D5,0.67,0,0.16
16935,564.500,76,E5,0.48,0,0.16
16950,565.000,74,D5,0.67,0,0.16
16965,565.500,79,G5,0.48,0,0.16
16920,564.000,43,G2,0.6,1,-0.12
16950,565.000,50,D3,0.39,1,-0.12
16980,566.000,76,E5,0.67,0,0.16
16995,566.500,74,D5,0.48,0,0.16
17010,567.000,72,C5,0.67,0,0.16
17025,567.500,72,C5,0.48,0,0.16
16980,566.000,36,C2,0.6,1,-0.12
17010,567.000,43,G2,0.39,1,-0.12
17040,568.000,79,G5,0.67,0,0.16
17055,568.500,76,E5,0.48,0,0.16
17070,569.000,74,D5,0.67,0,0.16
17085,569.500,72,C5,0.48,0,0.16
17040,568.000,36,C2,0.6,1,-0.12
17070,569.000,43,G2,0.39,1,-0.12
17100,570.000,77,F5,0.67,0,0.16
17115,570.500,79,G5,0.48,0,0.16
17130,571.000,81,A5,0.67,0,0.16
17145,571.500,77,F5,0.48,0,0.16
17100,570.000,41,F2,0.6,1,-0.12
17130,571.000,48,C3,0.39,1,-0.12
17160,572.000,79,G5,0.67,0,0.16
17175,572.500,77,F5,0.48,0,0.16
17190,573.000,74,D5,0.67,0,0.16
17205,573.500,79,G5,0.48,0,0.16
17160,572.000,43,G2,0.6,1,-0.12
17190,573.000,50,D3,0.39,1,-0.12
17220,574.000,76,E5,0.67,0,0.16
17235,574.500,74,D5,0.48,0,0.16
17250,575.000,72,C5,0.67,0,0.16
17265,575.500,72,C5,0.48,0,0.16
17220,574.000,36,C2,0.6,1,-0.12
17250,575.000,43,G2,0.39,1,-0.12
17280,576.000,76,E5,0.67,0,0.16
17295,576.500,74,D5,0.48,0,0.16
17310,577.000,72,C5,0.67,0,0.16
17325,577.500,76,E5,0.48,0,0.16
17280,576.000,36,C2,0.6,1,-0.12
17310,577.000,43,G2,0.39,1,-0.12
17340,578.000,77,F5,0.67,0,0.16
17355,578.500,76,E5,0.48,0,0.16
17370,579.000,74,D5,0.67,0,0.16
17385,579.500,72,C5,0.48,0,0.16
17340,578.000,41,F2,0.6,1,-0.12
17370,579.000,48,C3,0.39,1,-0.12
17400,580.000,74,D5,0.67,0,0.16
17415,580.500,76,E5,0.48,0,0.16
17430,581.000,74,D5,0.67,0,0.16
17445,581.500,79,G5,0.48,0,0.16
17400,580.000,43,G2,0.6,1,-0.12
17430,581.000,50,D3,0.39,1,-0.12
17460,582.000,76,E5,0.67,0,0.16
17475,582.500,74,D5,0.48,0,0.16
17490,583.000,72,C5,0.67,0,0.16
17505,583.500,72,C5,0.48,0,0.16
17460,582.000,36,C2,0.6,1,-0.12
17490,583.000,43,G2,0.39,1,-0.12
17520,584.000,79,G5,0.67,0,0.16
17535,584.500,76,E5,0.48,0,0.16
17550,585.000,74,D5,0.67,0,0.16
17565,585.500,72,C5,0.48,0,0.16
17520,584.000,36,C2,0.6,1,-0.12
17550,585.000,43,G2,0.39,1,-0.12
17580,586.000,77,F5,0.67,0,0.16
17595,586.500,79,G5,0.48,0,0.16
17610,587.000,81,A5,0.67,0,0.16
17625,587.500,77,F5,0.48,0,0.16
17580,586.000,41,F2,0.6,1,-0.12
17610,587.000,48,C3,0.39,1,-0.12
17640,588.000,79,G5,0.67,0,0.16
17655,588.500,77,F5,0.48,0,0.16
17670,589.000,74,D5,0.67,0,0.16
17685,589.500,79,G5,0.48,0,0.16
17640,588.000,43,G2,0.6,1,-0.12
17670,589.000,50,D3,0.39,1,-0.12
17700,590.000,76,E5,0.67,0,0.16
17715,590.500,74,D5,0.48,0,0.16
17730,591.000,72,C5,0.67,0,0.16
17745,591.500,72,C5,0.48,0,0.16
17700,590.000,36,C2,0.6,1,-0.12
17730,591.000,43,G2,0.39,1,-0.12
17760,592.000,76,E5,0.67,0,0.16
17775,592.500,74,D5,0.48,0,0.16
17790,593.000,72,C5,0.67,0,0.16
17805,593.500,76,E5,0.48,0,0.16
17760,592.000,36,C2,0.6,1,-0.12
17790,593.000,43,G2,0.39,1,-0.12
17820,594.000,77,F5,0.67,0,0.16
17835,594.500,76,E5,0.48,0,0.16
17850,595.000,74,D5,0.67,0,0.16
17865,595.500,72,C5,0.48,0,0.16
17820,594.000,41,F2,0.6,1,-0.12
17850,595.000,48,C3,0.39,1,-0.12
17880,596.000,74,D5,0.67,0,0.16
17895,596.500,76,E5,0.48,0,0.16
17910,597.000,74,D5,0.67,0,0.16
17925,597.500,79,G5,0.48,0,0.16
17880,596.000,43,G2,0.6,1,-0.12
17910,597.000,50,D3,0.39,1,-0.12
17940,598.000,76,E5,0.67,0,0.16
17955,598.500,74,D5,0.48,0,0.16
17970,599.000,72,C5,0.67,0,0.16
17985,599.500,72,C5,0.48,0,0.16
17940,598.000,36,C2,0.6,1,-0.12
17970,599.000,43,G2,0.39,1,-0.12
18000,600.000,79,G5,0.67,0,0.16
18015,600.500,76,E5,0.48,0,0.16
18030,601.000,74,D5,0.67,0,0.16
18045,601.500,72,C5,0.48,0,0.16
18000,600.000,36,C2,0.6,1,-0.12
18030,601.000,43,G2,0.39,1,-0.12
18060,602.000,77,F5,0.67,0,0.16
18075,602.500,79,G5,0.48,0,0.16
18090,603.000,81,A5,0.67,0,0.16
18105,603.500,77,F5,0.48,0,0.16
18060,602.000,41,F2,0.6,1,-0.12
18090,603.000,48,C3,0.39,1,-0.12
18120,604.000,79,G5,0.67,0,0.16
18135,604.500,77,F5,0.48,0,0.16
18150,605.000,74,D5,0.67,0,0.16
18165,605.500,79,G5,0.48,0,0.16
18120,604.000,43,G2,0.6,1,-0.12
18150,605.000,50,D3,0.39,1,-0.12
18180,606.000,76,E5,0.67,0,0.16
18195,606.500,74,D5,0.48,0,0.16
18210,607.000,72,C5,0.67,0,0.16
18225,607.500,72,C5,0.48,0,0.16
18180,606.000,36,C2,0.6,1,-0.12
18210,607.000,43,G2,0.39,1,-0.12
18240,608.000,76,E5,0.67,0,0.16
18255,608.500,74,D5,0.48,0,0.16
18270,609.000,72,C5,0.67,0,0.16
18285,609.500,76,E5,0.48,0,0.16
18240,608.000,36,C2,0.6,1,-0.12
18270,609.000,43,G2,0.39,1,-0.12
18300,610.000,77,F5,0.67,0,0.16
18315,610.500,76,E5,0.48,0,0.16
18330,611.000,74,D5,0.67,0,0.16
18345,611.500,72,C5,0.48,0,0.16
18300,610.000,41,F2,0.6,1,-0.12
18330,611.000,48,C3,0.39,1,-0.12
18360,612.000,74,D5,0.67,0,0.16
18375,612.500,76,E5,0.48,0,0.16
18390,613.000,74,D5,0.67,0,0.16
18405,613.500,79,G5,0.48,0,0.16
18360,612.000,43,G2,0.6,1,-0.12
18390,613.000,50,D3,0.39,1,-0.12
18420,614.000,76,E5,0.67,0,0.16
18435,614.500,74,D5,0.48,0,0.16
18450,615.000,72,C5,0.67,0,0.16
18465,615.500,72,C5,0.48,0,0.16
18420,614.000,36,C2,0.6,1,-0.12
18450,615.000,43,G2,0.39,1,-0.12
18480,616.000,79,G5,0.67,0,0.16
18495,616.500,76,E5,0.48,0,0.16
18510,617.000,74,D5,0.67,0,0.16
18525,617.500,72,C5,0.48,0,0.16
18480,616.000,36,C2,0.6,1,-0.12
18510,617.000,43,G2,0.39,1,-0.12
18540,618.000,77,F5,0.67,0,0.16
18555,618.500,79,G5,0.48,0,0.16
18570,619.000,81,A5,0.67,0,0.16
18585,619.500,77,F5,0.48,0,0.16
18540,618.000,41,F2,0.6,1,-0.12
18570,619.000,48,C3,0.39,1,-0.12
18600,620.000,79,G5,0.67,0,0.16
18615,620.500,77,F5,0.48,0,0.16
18630,621.000,74,D5,0.67,0,0.16
18645,621.500,79,G5,0.48,0,0.16
18600,620.000,43,G2,0.6,1,-0.12
18630,621.000,50,D3,0.39,1,-0.12
18660,622.000,76,E5,0.67,0,0.16
18675,622.500,74,D5,0.48,0,0.16
18690,623.000,72,C5,0.67,0,0.16
18705,623.500,72,C5,0.48,0,0.16
18660,622.000,36,C2,0.6,1,-0.12
18690,623.000,43,G2,0.39,1,-0.12
18720,624.000,76,E5,0.67,0,0.16
18735,624.500,74,D5,0.48,0,0.16
18750,625.000,72,C5,0.67,0,0.16
18765,625.500,76,E5,0.48,0,0.16
18720,624.000,36,C2,0.6,1,-0.12
18750,625.000,43,G2,0.39,1,-0.12
18780,626.000,77,F5,0.67,0,0.16
18795,626.500,76,E5,0.48,0,0.16
18810,627.000,74,D5,0.67,0,0.16
18825,627.500,72,C5,0.48,0,0.16
18780,626.000,41,F2,0.6,1,-0.12
18810,627.000,48,C3,0.39,1,-0.12
18840,628.000,74,D5,0.67,0,0.16
18855,628.500,76,E5,0.48,0,0.16
18870,629.000,74,D5,0.67,0,0.16
18885,629.500,79,G5,0.48,0,0.16
18840,628.000,43,G2,0.6,1,-0.12
18870,629.000,50,D3,0.39,1,-0.12
18900,630.000,76,E5,0.67,0,0.16
18915,630.500,74,D5,0.48,0,0.16
18930,631.000,72,C5,0.67,0,0.16
18945,631.500,72,C5,0.48,0,0.16
18900,630.000,36,C2,0.6,1,-0.12
18930,631.000,43,G2,0.39,1,-0.12
18960,632.000,79,G5,0.67,0,0.16
18975,632.500,76,E5,0.48,0,0.16
18990,633.000,74,D5,0.67,0,0.16
19005,633.500,72,C5,0.48,0,0.16
18960,632.000,36,C2,0.6,1,-0.12
18990,633.000,43,G2,0.39,1,-0.12
19020,634.000,77,F5,0.67,0,0.16
19035,634.500,79,G5,0.48,0,0.16
19050,635.000,81,A5,0.67,0,0.16
19065,635.500,77,F5,0.48,0,0.16
19020,634.000,41,F2,0.6,1,-0.12
19050,635.000,48,C3,0.39,1,-0.12
19080,636.000,79,G5,0.67,0,0.16
19095,636.500,77,F5,0.48,0,0.16
19110,637.000,74,D5,0.67,0,0.16
19125,637.500,79,G5,0.48,0,0.16
19080,636.000,43,G2,0.6,1,-0.12
19110,637.000,50,D3,0.39,1,-0.12
19140,638.000,76,E5,0.67,0,0.16
19155,638.500,74,D5,0.48,0,0.16
19170,639.000,72,C5,0.67,0,0.16
19185,639.500,72,C5,0.48,0,0.16
19140,638.000,36,C2,0.6,1,-0.12
19170,639.000,43,G2,0.39,1,-0.12
19200,640.000,76,E5,0.67,0,0.16
19215,640.500,74,D5,0.48,0,0.16
19230,641.000,72,C5,0.67,0,0.16
19245,641.500,76,E5,0.48,0,0.16
19200,640.000,36,C2,0.6,1,-0.12
19230,641.000,43,G2,0.39,1,-0.12
19260,642.000,77,F5,0.67,0,0.16
19275,642.500,76,E5,0.48,0,0.16
19290,643.000,74,D5,0.67,0,0.16
19305,643.500,72,C5,0.48,0,0.16
19260,642.000,41,F2,0.6,1,-0.12
19290,643.000,48,C3,0.39,1,-0.12
19320,644.000,74,D5,0.67,0,0.16
19335,644.500,76,E5,0.48,0,0.16
19350,645.000,74,D5,0.67,0,0.16
19365,645.500,79,G5,0.48,0,0.16
19320,644.000,43,G2,0.6,1,-0.12
19350,645.000,50,D3,0.39,1,-0.12
19380,646.000,76,E5,0.67,0,0.16
19395,646.500,74,D5,0.48,0,0.16
19410,647.000,72,C5,0.67,0,0.16
19425,647.500,72,C5,0.48,0,0.16
19380,646.000,36,C2,0.6,1,-0.12
19410,647.000,43,G2,0.39,1,-0.12
19440,648.000,79,G5,0.67,0,0.16
19455,648.500,76,E5,0.48,0,0.16
19470,649.000,74,D5,0.67,0,0.16
19485,649.500,72,C5,0.48,0,0.16
19440,648.000,36,C2,0.6,1,-0.12
19470,649.000,43,G2,0.39,1,-0.12
19500,650.000,77,F5,0.67,0,0.16
19515,650.500,79,G5,0.48,0,0.16
19530,651.000,81,A5,0.67,0,0.16
19545,651.500,77,F5,0.48,0,0.16
19500,650.000,41,F2,0.6,1,-0.12
19530,651.000,48,C3,0.39,1,-0.12
19560,652.000,79,G5,0.67,0,0.16
19575,652.500,77,F5,0.48,0,0.16
19590,653.000,74,D5,0.67,0,0.16
19605,653.500,79,G5,0.48,0,0.16
19560,652.000,43,G2,0.6,1,-0.12
19590,653.000,50,D3,0.39,1,-0.12
19620,654.000,76,E5,0.67,0,0.16
19635,654.500,74,D5,0.48,0,0.16
19650,655.000,72,C5,0.67,0,0.16
19665,655.500,72,C5,0.48,0,0.16
19620,654.000,36,C2,0.6,1,-0.12
19650,655.000,43,G2,0.39,1,-0.12
19680,656.000,76,E5,0.67,0,0.16
19695,656.500,74,D5,0.48,0,0.16
19710,657.000,72,C5,0.67,0,0.16
19725,657.500,76,E5,0.48,0,0.16
19680,656.000,36,C2,0.6,1,-0.12
19710,657.000,43,G2,0.39,1,-0.12
19740,658.000,77,F5,0.67,0,0.16
19755,658.500,76,E5,0.48,0,0.16
19770,659.000,74,D5,0.67,0,0.16
19785,659.500,72,C5,0.48,0,0.16
19740,658.000,41,F2,0.6,1,-0.12
19770,659.000,48,C3,0.39,1,-0.12
19800,660.000,74,D5,0.67,0,0.16
19815,660.500,76,E5,0.48,0,0.16
19830,661.000,74,D5,0.67,0,0.16
19845,661.500,79,G5,0.48,0,0.16
19800,660.000,43,G2,0.6,1,-0.12
19830,661.000,50,D3,0.39,1,-0.12
19860,662.000,76,E5,0.67,0,0.16
19875,662.500,74,D5,0.48,0,0.16
19890,663.000,72,C5,0.67,0,0.16
19905,663.500,72,C5,0.48,0,0.16
19860,662.000,36,C2,0.6,1,-0.12
19890,663.000,43,G2,0.39,1,-0.12
19920,664.000,79,G5,0.67,0,0.16
19935,664.500,76,E5,0.48,0,0.16
19950,665.000,74,D5,0.67,0,0.16
19965,665.500,72,C5,0.48,0,0.16
19920,664.000,36,C2,0.6,1,-0.12
19950,665.000,43,G2,0.39,1,-0.12
19980,666.000,77,F5,0.67,0,0.16
19995,666.500,79,G5,0.48,0,0.16
20010,667.000,81,A5,0.67,0,0.16
20025,667.500,77,F5,0.48,0,0.16
19980,666.000,41,F2,0.6,1,-0.12
20010,667.000,48,C3,0.39,1,-0.12
20040,668.000,79,G5,0.67,0,0.16
20055,668.500,77,F5,0.48,0,0.16
20070,669.000,74,D5,0.67,0,0.16
20085,669.500,79,G5,0.48,0,0.16
20040,668.000,43,G2,0.6,1,-0.12
20070,669.000,50,D3,0.39,1,-0.12
20100,670.000,76,E5,0.67,0,0.16
20115,670.500,74,D5,0.48,0,0.16
20130,671.000,72,C5,0.67,0,0.16
20145,671.500,72,C5,0.48,0,0.16
20100,670.000,36,C2,0.6,1,-0.12
20130,671.000,43,G2,0.39,1,-0.12
20160,672.000,76,E5,0.67,0,0.16
20175,672.500,74,D5,0.48,0,0.16
20190,673.000,72,C5,0.67,0,0.16
20205,673.500,76,E5,0.48,0,0.16
20160,672.000,36,C2,0.6,1,-0.12
20190,673.000,43,G2,0.39,1,-0.12
20220,674.000,77,F5,0.67,0,0.16
20235,674.500,76,E5,0.48,0,0.16
20250,675.000,74,D5,0.67,0,0.16
20265,675.500,72,C5,0.48,0,0.16
20220,674.000,41,F2,0.6,1,-0.12
20250,675.000,48,C3,0.39,1,-0.12
20280,676.000,74,D5,0.67,0,0.16
20295,676.500,76,E5,0.48,0,0.16
20310,677.000,74,D5,0.67,0,0.16
20325,677.500,79,G5,0.48,0,0.16
20280,676.000,43,G2,0.6,1,-0.12
20310,677.000,50,D3,0.39,1,-0.12
20340,678.000,76,E5,0.67,0,0.16
20355,678.500,74,D5,0.48,0,0.16
20370,679.000,72,C5,0.67,0,0.16
20385,679.500,72,C5,0.48,0,0.16
20340,678.000,36,C2,0.6,1,-0.12
20370,679.000,43,G2,0.39,1,-0.12
20400,680.000,79,G5,0.67,0,0.16
20415,680.500,76,E5,0.48,0,0.16
20430,681.000,74,D5,0.67,0,0.16
20445,681.500,72,C5,0.48,0,0.16
20400,680.000,36,C2,0.6,1,-0.12
20430,681.000,43,G2,0.39,1,-0.12
20460,682.000,77,F5,0.67,0,0.16
20475,682.500,79,G5,0.48,0,0.16
20490,683.000,81,A5,0.67,0,0.16
20505,683.500,77,F5,0.48,0,0.16
20460,682.000,41,F2,0.6,1,-0.12
20490,683.000,48,C3,0.39,1,-0.12
20520,684.000,79,G5,0.67,0,0.16
20535,684.500,77,F5,0.48,0,0.16
20550,685.000,74,D5,0.67,0,0.16
20565,685.500,79,G5,0.48,0,0.16
20520,684.000,43,G2,0.6,1,-0.12
20550,685.000,50,D3,0.39,1,-0.12
20580,686.000,76,E5,0.67,0,0.16
20595,686.500,74,D5,0.48,0,0.16
20610,687.000,72,C5,0.67,0,0.16
20625,687.500,72,C5,0.48,0,0.16
20580,686.000,36,C2,0.6,1,-0.12
20610,687.000,43,G2,0.39,1,-0.12
20640,688.000,76,E5,0.67,0,0.16
20655,688.500,74,D5,0.48,0,0.16
20670,689.000,72,C5,0.67,0,0.16
20685,689.500,76,E5,0.48,0,0.16
20640,688.000,36,C2,0.6,1,-0.12
20670,689.000,43,G2,0.39,1,-0.12
20700,690.000,77,F5,0.67,0,0.16
20715,690.500,76,E5,0.48,0,0.16
20730,691.000,74,D5,0.67,0,0.16
20745,691.500,72,C5,0.48,0,0.16
20700,690.000,41,F2,0.6,1,-0.12
20730,691.000,48,C3,0.39,1,-0.12
20760,692.000,74,D5,0.67,0,0.16
20775,692.500,76,E5,0.48,0,0.16
20790,693.000,74,D5,0.67,0,0.16
20805,693.500,79,G5,0.48,0,0.16
20760,692.000,43,G2,0.6,1,-0.12
20790,693.000,50,D3,0.39,1,-0.12
20820,694.000,76,E5,0.67,0,0.16
20835,694.500,74,D5,0.48,0,0.16
20850,695.000,72,C5,0.67,0,0.16
20865,695.500,72,C5,0.48,0,0.16
20820,694.000,36,C2,0.6,1,-0.12
20850,695.000,43,G2,0.39,1,-0.12
20880,696.000,79,G5,0.67,0,0.16
20895,696.500,76,E5,0.48,0,0.16
20910,697.000,74,D5,0.67,0,0.16
20925,697.500,72,C5,0.48,0,0.16
20880,696.000,36,C2,0.6,1,-0.12
20910,697.000,43,G2,0.39,1,-0.12
20940,698.000,77,F5,0.67,0,0.16
20955,698.500,79,G5,0.48,0,0.16
20970,699.000,81,A5,0.67,0,0.16
20985,699.500,77,F5,0.48,0,0.16
20940,698.000,41,F2,0.6,1,-0.12
20970,699.000,48,C3,0.39,1,-0.12
21000,700.000,79,G5,0.67,0,0.16
21015,700.500,77,F5,0.48,0,0.16
21030,701.000,74,D5,0.67,0,0.16
21045,701.500,79,G5,0.48,0,0.16
21000,700.000,43,G2,0.6,1,-0.12
21030,701.000,50,D3,0.39,1,-0.12
21060,702.000,76,E5,0.67,0,0.16
21075,702.500,74,D5,0.48,0,0.16
21090,703.000,72,C5,0.67,0,0.16
21105,703.500,72,C5,0.48,0,0.16
21060,702.000,36,C2,0.6,1,-0.12
21090,703.000,43,G2,0.39,1,-0.12
21120,704.000,76,E5,0.67,0,0.16
21135,704.500,74,D5,0.48,0,0.16
21150,705.000,72,C5,0.67,0,0.16
21165,705.500,76,E5,0.48,0,0.16
21120,704.000,36,C2,0.6,1,-0.12
21150,705.000,43,G2,0.39,1,-0.12
21180,706.000,77,F5,0.67,0,0.16
21195,706.500,76,E5,0.48,0,0.16
21210,707.000,74,D5,0.67,0,0.16
21225,707.500,72,C5,0.48,0,0.16
21180,706.000,41,F2,0.6,1,-0.12
21210,707.000,48,C3,0.39,1,-0.12
21240,708.000,74,D5,0.67,0,0.16
21255,708.500,76,E5,0.48,0,0.16
21270,709.000,74,D5,0.67,0,0.16
21285,709.500,79,G5,0.48,0,0.16
21240,708.000,43,G2,0.6,1,-0.12
21270,709.000,50,D3,0.39,1,-0.12
21300,710.000,76,E5,0.67,0,0.16
21315,710.500,74,D5,0.48,0,0.16
21330,711.000,72,C5,0.67,0,0.16
21345,711.500,72,C5,0.48,0,0.16
21300,710.000,36,C2,0.6,1,-0.12
21330,711.000,43,G2,0.39,1,-0.12
21360,712.000,79,G5,0.67,0,0.16
21375,712.500,76,E5,0.48,0,0.16
21390,713.000,74,D5,0.67,0,0.16
21405,713.500,72,C5,0.48,0,0.16
21360,712.000,36,C2,0.6,1,-0.12
21390,713.000,43,G2,0.39,1,-0.12
21420,714.000,77,F5,0.67,0,0.16
21435,714.500,79,G5,0.48,0,0.16
21450,715.000,81,A5,0.67,0,0.16
21465,715.500,77,F5,0.48,0,0.16
21420,714.000,41,F2,0.6,1,-0.12
21450,715.000,48,C3,0.39,1,-0.12
21480,716.000,79,G5,0.67,0,0.16
21495,716.500,77,F5,0.48,0,0.16
21510,717.000,74,D5,0.67,0,0.16
21525,717.500,79,G5,0.48,0,0.16
21480,716.000,43,G2,0.6,1,-0.12
21510,717.000,50,D3,0.39,1,-0.12
21540,718.000,76,E5,0.67,0,0.16
21555,718.500,74,D5,0.48,0,0.16
21570,719.000,72,C5,0.67,0,0.16
21585,719.500,72,C5,0.48,0,0.16
21540,718.000,36,C2,0.6,1,-0.12
21570,719.000,43,G2,0.39,1,-0.12
21600,720.000,76,E5,0.67,0,0.16
21615,720.500,74,D5,0.48,0,0.16
21630,721.000,72,C5,0.67,0,0.16
21645,721.500,76,E5,0.48,0,0.16
21600,720.000,36,C2,0.6,1,-0.12
21630,721.000,43,G2,0.39,1,-0.12
21660,722.000,77,F5,0.67,0,0.16
21675,722.500,76,E5,0.48,0,0.16
21690,723.000,74,D5,0.67,0,0.16
21705,723.500,72,C5,0.48,0,0.16
21660,722.000,41,F2,0.6,1,-0.12
21690,723.000,48,C3,0.39,1,-0.12
21720,724.000,74,D5,0.67,0,0.16
21735,724.500,76,E5,0.48,0,0.16
21750,725.000,74,D5,0.67,0,0.16
21765,725.500,79,G5,0.48,0,0.16
21720,724.000,43,G2,0.6,1,-0.12
21750,725.000,50,D3,0.39,1,-0.12
21780,726.000,76,E5,0.67,0,0.16
21795,726.500,74,D5,0.48,0,0.16
21810,727.000,72,C5,0.67,0,0.16
21825,727.500,72,C5,0.48,0,0.16
21780,726.000,36,C2,0.6,1,-0.12
21810,727.000,43,G2,0.39,1,-0.12
21840,728.000,79,G5,0.67,0,0.16
21855,728.500,76,E5,0.48,0,0.16
21870,729.000,74,D5,0.67,0,0.16
21885,729.500,72,C5,0.48,0,0.16
21840,728.000,36,C2,0.6,1,-0.12
21870,729.000,43,G2,0.39,1,-0.12
21900,730.000,77,F5,0.67,0,0.16
21915,730.500,79,G5,0.48,0,0.16
21930,731.000,81,A5,0.67,0,0.16
21945,731.500,77,F5,0.48,0,0.16
21900,730.000,41,F2,0.6,1,-0.12
21930,731.000,48,C3,0.39,1,-0.12
21960,732.000,79,G5,0.67,0,0.16
21975,732.500,77,F5,0.48,0,0.16
21990,733.000,74,D5,0.67,0,0.16
22005,733.500,79,G5,0.48,0,0.16
21960,732.000,43,G2,0.6,1,-0.12
21990,733.000,50,D3,0.39,1,-0.12
22020,734.000,76,E5,0.67,0,0.16
22035,734.500,74,D5,0.48,0,0.16
22050,735.000,72,C5,0.67,0,0.16
22065,735.500,72,C5,0.48,0,0.16
22020,734.000,36,C2,0.6,1,-0.12
22050,735.000,43,G2,0.39,1,-0.12
22080,736.000,76,E5,0.67,0,0.16
22095,736.500,74,D5,0.48,0,0.16
22110,737.000,72,C5,0.67,0,0.16
22125,737.500,76,E5,0.48,0,0.16
22080,736.000,36,C2,0.6,1,-0.12
22110,737.000,43,G2,0.39,1,-0.12
22140,738.000,77,F5,0.67,0,0.16
22155,738.500,76,E5,0.48,0,0.16
22170,739.000,74,D5,0.67,0,0.16
22185,739.500,72,C5,0.48,0,0.16
22140,738.000,41,F2,0.6,1,-0.12
22170,739.000,48,C3,0.39,1,-0.12
22200,740.000,74,D5,0.67,0,0.16
22215,740.500,76,E5,0.48,0,0.16
22230,741.000,74,D5,0.67,0,0.16
22245,741.500,79,G5,0.48,0,0.16
22200,740.000,43,G2,0.6,1,-0.12
22230,741.000,50,D3,0.39,1,-0.12
22260,742.000,76,E5,0.67,0,0.16
22275,742.500,74,D5,0.48,0,0.16
22290,743.000,72,C5,0.67,0,0.16
22305,743.500,72,C5,0.48,0,0.16
22260,742.000,36,C2,0.6,1,-0.12
22290,743.000,43,G2,0.39,1,-0.12
22320,744.000,79,G5,0.67,0,0.16
22335,744.500,76,E5,0.48,0,0.16
22350,745.000,74,D5,0.67,0,0.16
22365,745.500,72,C5,0.48,0,0.16
22320,744.000,36,C2,0.6,1,-0.12
22350,745.000,43,G2,0.39,1,-0.12
22380,746.000,77,F5,0.67,0,0.16
22395,746.500,79,G5,0.48,0,0.16
22410,747.000,81,A5,0.67,0,0.16
22425,747.500,77,F5,0.48,0,0.16
22380,746.000,41,F2,0.6,1,-0.12
22410,747.000,48,C3,0.39,1,-0.12
22440,748.000,79,G5,0.67,0,0.16
22455,748.500,77,F5,0.48,0,0.16
22470,749.000,74,D5,0.67,0,0.16
22485,749.500,79,G5,0.48,0,0.16
22440,748.000,43,G2,0.6,1,-0.12
22470,749.000,50,D3,0.39,1,-0.12
22500,750.000,76,E5,0.67,0,0.16
22515,750.500,74,D5,0.48,0,0.16
22530,751.000,72,C5,0.67,0,0.16
22545,751.500,72,C5,0.48,0,0.16
22500,750.000,36,C2,0.6,1,-0.12
22530,751.000,43,G2,0.39,1,-0.12
22560,752.000,76,E5,0.67,0,0.16
22575,752.500,74,D5,0.48,0,0.16
22590,753.000,72,C5,0.67,0,0.16
22605,753.500,76,E5,0.48,0,0.16
22560,752.000,36,C2,0.6,1,-0.12
22590,753.000,43,G2,0.39,1,-0.12
22620,754.000,77,F5,0.67,0,0.16
22635,754.500,76,E5,0.48,0,0.16
22650,755.000,74,D5,0.67,0,0.16
22665,755.500,72,C5,0.48,0,0.16
22620,754.000,41,F2,0.6,1,-0.12
22650,755.000,48,C3,0.39,1,-0.12
22680,756.000,74,D5,0.67,0,0.16
22695,756.500,76,E5,0.48,0,0.16
22710,757.000,74,D5,0.67,0,0.16
22725,757.500,79,G5,0.48,0,0.16
22680,756.000,43,G2,0.6,1,-0.12
22710,757.000,50,D3,0.39,1,-0.12
22740,758.000,76,E5,0.67,0,0.16
22755,758.500,74,D5,0.48,0,0.16
22770,759.000,72,C5,0.67,0,0.16
22785,759.500,72,C5,0.48,0,0.16
22740,758.000,36,C2,0.6,1,-0.12
22770,759.000,43,G2,0.39,1,-0.12
22800,760.000,79,G5,0.67,0,0.16
22815,760.500,76,E5,0.48,0,0.16
22830,761.000,74,D5,0.67,0,0.16
22845,761.500,72,C5,0.48,0,0.16
22800,760.000,36,C2,0.6,1,-0.12
22830,761.000,43,G2,0.39,1,-0.12
22860,762.000,77,F5,0.67,0,0.16
22875,762.500,79,G5,0.48,0,0.16
22890,763.000,81,A5,0.67,0,0.16
22905,763.500,77,F5,0.48,0,0.16
22860,762.000,41,F2,0.6,1,-0.12
22890,763.000,48,C3,0.39,1,-0.12
22920,764.000,79,G5,0.67,0,0.16
22935,764.500,77,F5,0.48,0,0.16
22950,765.000,74,D5,0.67,0,0.16
22965,765.500,79,G5,0.48,0,0.16
22920,764.000,43,G2,0.6,1,-0.12
22950,765.000,50,D3,0.39,1,-0.12
22980,766.000,76,E5,0.67,0,0.16
22995,766.500,74,D5,0.48,0,0.16
23010,767.000,72,C5,0.67,0,0.16
23025,767.500,72,C5,0.48,0,0.16
22980,766.000,36,C2,0.6,1,-0.12
23010,767.000,43,G2,0.39,1,-0.12
23040,768.000,76,E5,0.67,0,0.16
23055,768.500,74,D5,0.48,0,0.16
23070,769.000,72,C5,0.67,0,0.16
23085,769.500,76,E5,0.48,0,0.16
23040,768.000,36,C2,0.6,1,-0.12
23070,769.000,43,G2,0.39,1,-0.12
23100,770.000,77,F5,0.67,0,0.16
23115,770.500,76,E5,0.48,0,0.16
23130,771.000,74,D5,0.67,0,0.16
23145,771.500,72,C5,0.48,0,0.16
23100,770.000,41,F2,0.6,1,-0.12
23130,771.000,48,C3,0.39,1,-0.12
23160,772.000,74,D5,0.67,0,0.16
23175,772.500,76,E5,0.48,0,0.16
23190,773.000,74,D5,0.67,0,0.16
23205,773.500,79,G5,0.48,0,0.16
23160,772.000,43,G2,0.6,1,-0.12
23190,773.000,50,D3,0.39,1,-0.12
23220,774.000,76,E5,0.67,0,0.16
23235,774.500,74,D5,0.48,0,0.16
23250,775.000,72,C5,0.67,0,0.16
23265,775.500,72,C5,0.48,0,0.16
23220,774.000,36,C2,0.6,1,-0.12
23250,775.000,43,G2,0.39,1,-0.12
23280,776.000,79,G5,0.67,0,0.16
23295,776.500,76,E5,0.48,0,0.16
23310,777.000,74,D5,0.67,0,0.16
23325,777.500,72,C5,0.48,0,0.16
23280,776.000,36,C2,0.6,1,-0.12
23310,777.000,43,G2,0.39,1,-0.12
23340,778.000,77,F5,0.67,0,0.16
23355,778.500,79,G5,0.48,0,0.16
23370,779.000,81,A5,0.67,0,0.16
23385,779.500,77,F5,0.48,0,0.16
23340,778.000,41,F2,0.6,1,-0.12
23370,779.000,48,C3,0.39,1,-0.12
23400,780.000,79,G5,0.67,0,0.16
23415,780.500,77,F5,0.48,0,0.16
23430,781.000,74,D5,0.67,0,0.16
23445,781.500,79,G5,0.48,0,0.16
23400,780.000,43,G2,0.6,1,-0.12
23430,781.000,50,D3,0.39,1,-0.12
23460,782.000,76,E5,0.67,0,0.16
23475,782.500,74,D5,0.48,0,0.16
23490,783.000,72,C5,0.67,0,0.16
23505,783.500,72,C5,0.48,0,0.16
23460,782.000,36,C2,0.6,1,-0.12
23490,783.000,43,G2,0.39,1,-0.12
23520,784.000,76,E5,0.67,0,0.16
23535,784.500,74,D5,0.48,0,0.16
23550,785.000,72,C5,0.67,0,0.16
23565,785.500,76,E5,0.48,0,0.16
23520,784.000,36,C2,0.6,1,-0.12
23550,785.000,43,G2,0.39,1,-0.12
23580,786.000,77,F5,0.67,0,0.16
23595,786.500,76,E5,0.48,0,0.16
23610,787.000,74,D5,0.67,0,0.16
23625,787.500,72,C5,0.48,0,0.16
23580,786.000,41,F2,0.6,1,-0.12
23610,787.000,48,C3,0.39,1,-0.12
23640,788.000,74,D5,0.67,0,0.16
23655,788.500,76,E5,0.48,0,0.16
23670,789.000,74,D5,0.67,0,0.16
23685,789.500,79,G5,0.48,0,0.16
23640,788.000,43,G2,0.6,1,-0.12
23670,789.000,50,D3,0.39,1,-0.12
23700,790.000,76,E5,0.67,0,0.16
23715,790.500,74,D5,0.48,0,0.16
23730,791.000,72,C5,0.67,0,0.16
23745,791.500,72,C5,0.48,0,0.16
23700,790.000,36,C2,0.6,1,-0.12
23730,791.000,43,G2,0.39,1,-0.12
23760,792.000,79,G5,0.67,0,0.16
23775,792.500,76,E5,0.48,0,0.16
23790,793.000,74,D5,0.67,0,0.16
23805,793.500,72,C5,0.48,0,0.16
23760,792.000,36,C2,0.6,1,-0.12
23790,793.000,43,G2,0.39,1,-0.12
23820,794.000,77,F5,0.67,0,0.16
23835,794.500,79,G5,0.48,0,0.16
23850,795.000,81,A5,0.67,0,0.16
23865,795.500,77,F5,0.48,0,0.16
23820,794.000,41,F2,0.6,1,-0.12
23850,795.000,48,C3,0.39,1,-0.12
23880,796.000,79,G5,0.67,0,0.16
23895,796.500,77,F5,0.48,0,0.16
23910,797.000,74,D5,0.67,0,0.16
23925,797.500,79,G5,0.48,0,0.16
23880,796.000,43,G2,0.6,1,-0.12
23910,797.000,50,D3,0.39,1,-0.12
23940,798.000,76,E5,0.67,0,0.16
23955,798.500,74,D5,0.48,0,0.16
23970,799.000,72,C5,0.67,0,0.16
23985,799.500,72,C5,0.48,0,0.16
23940,798.000,36,C2,0.6,1,-0.12
23970,799.000,43,G2,0.39,1,-0.12
24000,800.000,76,E5,0.67,0,0.16
24015,800.500,74,D5,0.48,0,0.16
24030,801.000,72,C5,0.67,0,0.16
24045,801.500,76,E5,0.48,0,0.16
24000,800.000,36,C2,0.6,1,-0.12
24030,801.000,43,G2,0.39,1,-0.12
24060,802.000,77,F5,0.67,0,0.16
24075,802.500,76,E5,0.48,0,0.16
24090,803.000,74,D5,0.67,0,0.16
24105,803.500,72,C5,0.48,0,0.16
24060,802.000,41,F2,0.6,1,-0.12
24090,803.000,48,C3,0.39,1,-0.12
24120,804.000,74,D5,0.67,0,0.16
24135,804.500,76,E5,0.48,0,0.16
24150,805.000,74,D5,0.67,0,0.16
24165,805.500,79,G5,0.48,0,0.16
24120,804.000,43,G2,0.6,1,-0.12
24150,805.000,50,D3,0.39,1,-0.12
24180,806.000,76,E5,0.67,0,0.16
24195,806.500,74,D5,0.48,0,0.16
24210,807.000,72,C5,0.67,0,0.16
24225,807.500,72,C5,0.48,0,0.16
24180,806.000,36,C2,0.6,1,-0.12
24210,807.000,43,G2,0.39,1,-0.12
24240,808.000,79,G5,0.67,0,0.16
24255,808.500,76,E5,0.48,0,0.16
24270,809.000,74,D5,0.67,0,0.16
24285,809.500,72,C5,0.48,0,0.16
24240,808.000,36,C2,0.6,1,-0.12
24270,809.000,43,G2,0.39,1,-0.12
24300,810.000,77,F5,0.67,0,0.16
24315,810.500,79,G5,0.48,0,0.16
24330,811.000,81,A5,0.67,0,0.16
24345,811.500,77,F5,0.48,0,0.16
24300,810.000,41,F2,0.6,1,-0.12
24330,811.000,48,C3,0.39,1,-0.12
24360,812.000,79,G5,0.67,0,0.16
24375,812.500,77,F5,0.48,0,0.16
24390,813.000,74,D5,0.67,0,0.16
24405,813.500,79,G5,0.48,0,0.16
24360,812.000,43,G2,0.6,1,-0.12
24390,813.000,50,D3,0.39,1,-0.12
24420,814.000,76,E5,0.67,0,0.16
24435,814.500,74,D5,0.48,0,0.16
24450,815.000,72,C5,0.67,0,0.16
24465,815.500,72,C5,0.48,0,0.16
24420,814.000,36,C2,0.6,1,-0.12
24450,815.000,43,G2,0.39,1,-0.12
24480,816.000,76,E5,0.67,0,0.16
24495,816.500,74,D5,0.48,0,0.16
24510,817.000,72,C5,0.67,0,0.16
24525,817.500,76,E5,0.48,0,0.16
24480,816.000,36,C2,0.6,1,-0.12
24510,817.000,43,G2,0.39,1,-0.12
24540,818.000,77,F5,0.67,0,0.16
24555,818.500,76,E5,0.48,0,0.16
24570,819.000,74,D5,0.67,0,0.16
24585,819.500,72,C5,0.48,0,0.16
24540,818.000,41,F2,0.6,1,-0.12
24570,819.000,48,C3,0.39,1,-0.12
24600,820.000,74,D5,0.67,0,0.16
24615,820.500,76,E5,0.48,0,0.16
24630,821.000,74,D5,0.67,0,0.16
24645,821.500,79,G5,0.48,0,0.16
24600,820.000,43,G2,0.6,1,-0.12
24630,821.000,50,D3,0.39,1,-0.12
24660,822.000,76,E5,0.67,0,0.16
24675,822.500,74,D5,0.48,0,0.16
24690,823.000,72,C5,0.67,0,0.16
24705,823.500,72,C5,0.48,0,0.16
24660,822.000,36,C2,0.6,1,-0.12
24690,823.000,43,G2,0.39,1,-0.12
24720,824.000,79,G5,0.67,0,0.16
24735,824.500,76,E5,0.48,0,0.16
24750,825.000,74,D5,0.67,0,0.16
24765,825.500,72,C5,0.48,0,0.16
24720,824.000,36,C2,0.6,1,-0.12
24750,825.000,43,G2,0.39,1,-0.12
24780,826.000,77,F5,0.67,0,0.16
24795,826.500,79,G5,0.48,0,0.16
24810,827.000,81,A5,0.67,0,0.16
24825,827.500,77,F5,0.48,0,0.16
24780,826.000,41,F2,0.6,1,-0.12
24810,827.000,48,C3,0.39,1,-0.12
24840,828.000,79,G5,0.67,0,0.16
24855,828.500,77,F5,0.48,0,0.16
24870,829.000,74,D5,0.67,0,0.16
24885,829.500,79,G5,0.48,0,0.16
24840,828.000,43,G2,0.6,1,-0.12
24870,829.000,50,D3,0.39,1,-0.12
24900,830.000,76,E5,0.67,0,0.16
24915,830.500,74,D5,0.48,0,0.16
24930,831.000,72,C5,0.67,0,0.16
24945,831.500,72,C5,0.48,0,0.16
24900,830.000,36,C2,0.6,1,-0.12
24930,831.000,43,G2,0.39,1,-0.12
24960,832.000,76,E5,0.67,0,0.16
24975,832.500,74,D5,0.48,0,0.16
24990,833.000,72,C5,0.67,0,0.16
25005,833.500,76,E5,0.48,0,0.16
24960,832.000,36,C2,0.6,1,-0.12
24990,833.000,43,G2,0.39,1,-0.12
25020,834.000,77,F5,0.67,0,0.16
25035,834.500,76,E5,0.48,0,0.16
25050,835.000,74,D5,0.67,0,0.16
25065,835.500,72,C5,0.48,0,0.16
25020,834.000,41,F2,0.6,1,-0.12
25050,835.000,48,C3,0.39,1,-0.12
25080,836.000,74,D5,0.67,0,0.16
25095,836.500,76,E5,0.48,0,0.16
25110,837.000,74,D5,0.67,0,0.16
25125,837.500,79,G5,0.48,0,0.16
25080,836.000,43,G2,0.6,1,-0.12
25110,837.000,50,D3,0.39,1,-0.12
25140,838.000,76,E5,0.67,0,0.16
25155,838.500,74,D5,0.48,0,0.16
25170,839.000,72,C5,0.67,0,0.16
25185,839.500,72,C5,0.48,0,0.16
25140,838.000,36,C2,0.6,1,-0.12
25170,839.000,43,G2,0.39,1,-0.12
25200,840.000,79,G5,0.67,0,0.16
25215,840.500,76,E5,0.48,0,0.16
25230,841.000,74,D5,0.67,0,0.16
25245,841.500,72,C5,0.48,0,0.16
25200,840.000,36,C2,0.6,1,-0.12
25230,841.000,43,G2,0.39,1,-0.12
25260,842.000,77,F5,0.67,0,0.16
25275,842.500,79,G5,0.48,0,0.16
25290,843.000,81,A5,0.67,0,0.16
25305,843.500,77,F5,0.48,0,0.16
25260,842.000,41,F2,0.6,1,-0.12
25290,843.000,48,C3,0.39,1,-0.12
25320,844.000,79,G5,0.67,0,0.16
25335,844.500,77,F5,0.48,0,0.16
25350,845.000,74,D5,0.67,0,0.16
25365,845.500,79,G5,0.48,0,0.16
25320,844.000,43,G2,0.6,1,-0.12
25350,845.000,50,D3,0.39,1,-0.12
25380,846.000,76,E5,0.67,0,0.16
25395,846.500,74,D5,0.48,0,0.16
25410,847.000,72,C5,0.67,0,0.16
25425,847.500,72,C5,0.48,0,0.16
25380,846.000,36,C2,0.6,1,-0.12
25410,847.000,43,G2,0.39,1,-0.12
25440,848.000,76,E5,0.67,0,0.16
25455,848.500,74,D5,0.48,0,0.16
25470,849.000,72,C5,0.67,0,0.16
25485,849.500,76,E5,0.48,0,0.16
25440,848.000,36,C2,0.6,1,-0.12
25470,849.000,43,G2,0.39,1,-0.12
25500,850.000,77,F5,0.67,0,0.16
25515,850.500,76,E5,0.48,0,0.16
25530,851.000,74,D5,0.67,0,0.16
25545,851.500,72,C5,0.48,0,0.16
25500,850.000,41,F2,0.6,1,-0.12
25530,851.000,48,C3,0.39,1,-0.12
25560,852.000,74,D5,0.67,0,0.16
25575,852.500,76,E5,0.48,0,0.16
25590,853.000,74,D5,0.67,0,0.16
25605,853.500,79,G5,0.48,0,0.16
25560,852.000,43,G2,0.6,1,-0.12
25590,853.000,50,D3,0.39,1,-0.12
25620,854.000,76,E5,0.67,0,0.16
25635,854.500,74,D5,0.48,0,0.16
25650,855.000,72,C5,0.67,0,0.16
25665,855.500,72,C5,0.48,0,0.16
25620,854.000,36,C2,0.6,1,-0.12
25650,855.000,43,G2,0.39,1,-0.12
25680,856.000,79,G5,0.67,0,0.16
25695,856.500,76,E5,0.48,0,0.16
25710,857.000,74,D5,0.67,0,0.16
25725,857.500,72,C5,0.48,0,0.16
25680,856.000,36,C2,0.6,1,-0.12
25710,857.000,43,G2,0.39,1,-0.12
25740,858.000,77,F5,0.67,0,0.16
25755,858.500,79,G5,0.48,0,0.16
25770,859.000,81,A5,0.67,0,0.16
25785,859.500,77,F5,0.48,0,0.16
25740,858.000,41,F2,0.6,1,-0.12
25770,859.000,48,C3,0.39,1,-0.12
25800,860.000,79,G5,0.67,0,0.16
25815,860.500,77,F5,0.48,0,0.16
25830,861.000,74,D5,0.67,0,0.16
25845,861.500,79,G5,0.48,0,0.16
25800,860.000,43,G2,0.6,1,-0.12
25830,861.000,50,D3,0.39,1,-0.12
25860,862.000,76,E5,0.67,0,0.16
25875,862.500,74,D5,0.48,0,0.16
25890,863.000,72,C5,0.67,0,0.16
25905,863.500,72,C5,0.48,0,0.16
25860,862.000,36,C2,0.6,1,-0.12
25890,863.000,43,G2,0.39,1,-0.12
25920,864.000,76,E5,0.67,0,0.16
25935,864.500,74,D5,0.48,0,0.16
25950,865.000,72,C5,0.67,0,0.16
25965,865.500,76,E5,0.48,0,0.16
25920,864.000,36,C2,0.6,1,-0.12
25950,865.000,43,G2,0.39,1,-0.12
25980,866.000,77,F5,0.67,0,0.16
25995,866.500,76,E5,0.48,0,0.16
26010,867.000,74,D5,0.67,0,0.16
26025,867.500,72,C5,0.48,0,0.16
25980,866.000,41,F2,0.6,1,-0.12
26010,867.000,48,C3,0.39,1,-0.12
26040,868.000,74,D5,0.67,0,0.16
26055,868.500,76,E5,0.48,0,0.16
26070,869.000,74,D5,0.67,0,0.16
26085,869.500,79,G5,0.48,0,0.16
26040,868.000,43,G2,0.6,1,-0.12
26070,869.000,50,D3,0.39,1,-0.12
26100,870.000,76,E5,0.67,0,0.16
26115,870.500,74,D5,0.48,0,0.16
26130,871.000,72,C5,0.67,0,0.16
26145,871.500,72,C5,0.48,0,0.16
26100,870.000,36,C2,0.6,1,-0.12
26130,871.000,43,G2,0.39,1,-0.12
26160,872.000,79,G5,0.67,0,0.16
26175,872.500,76,E5,0.48,0,0.16
26190,873.000,74,D5,0.67,0,0.16
26205,873.500,72,C5,0.48,0,0.16
26160,872.000,36,C2,0.6,1,-0.12
26190,873.000,43,G2,0.39,1,-0.12
26220,874.000,77,F5,0.67,0,0.16
26235,874.500,79,G5,0.48,0,0.16
26250,875.000,81,A5,0.67,0,0.16
26265,875.500,77,F5,0.48,0,0.16
26220,874.000,41,F2,0.6,1,-0.12
26250,875.000,48,C3,0.39,1,-0.12
26280,876.000,79,G5,0.67,0,0.16
26295,876.500,77,F5,0.48,0,0.16
26310,877.000,74,D5,0.67,0,0.16
26325,877.500,79,G5,0.48,0,0.16
26280,876.000,43,G2,0.6,1,-0.12
26310,877.000,50,D3,0.39,1,-0.12
26340,878.000,76,E5,0.67,0,0.16
26355,878.500,74,D5,0.48,0,0.16
26370,879.000,72,C5,0.67,0,0.16
26385,879.500,72,C5,0.48,0,0.16
26340,878.000,36,C2,0.6,1,-0.12
26370,879.000,43,G2,0.39,1,-0.12
26400,880.000,76,E5,0.67,0,0.16
26415,880.500,74,D5,0.48,0,0.16
26430,881.000,72,C5,0.67,0,0.16
26445,881.500,76,E5,0.48,0,0.16
26400,880.000,36,C2,0.6,1,-0.12
26430,881.000,43,G2,0.39,1,-0.12
26460,882.000,77,F5,0.67,0,0.16
26475,882.500,76,E5,0.48,0,0.16
26490,883.000,74,D5,0.67,0,0.16
26505,883.500,72,C5,0.48,0,0.16
26460,882.000,41,F2,0.6,1,-0.12
26490,883.000,48,C3,0.39,1,-0.12
26520,884.000,74,D5,0.67,0,0.16
26535,884.500,76,E5,0.48,0,0.16
26550,885.000,74,D5,0.67,0,0.16
26565,885.500,79,G5,0.48,0,0.16
26520,884.000,43,G2,0.6,1,-0.12
26550,885.000,50,D3,0.39,1,-0.12
26580,886.000,76,E5,0.67,0,0.16
26595,886.500,74,D5,0.48,0,0.16
26610,887.000,72,C5,0.67,0,0.16
26625,887.500,72,C5,0.48,0,0.16
26580,886.000,36,C2,0.6,1,-0.12
26610,887.000,43,G2,0.39,1,-0.12
26640,888.000,79,G5,0.67,0,0.16
26655,888.500,76,E5,0.48,0,0.16
26670,889.000,74,D5,0.67,0,0.16
26685,889.500,72,C5,0.48,0,0.16
26640,888.000,36,C2,0.6,1,-0.12
26670,889.000,43,G2,0.39,1,-0.12
26700,890.000,77,F5,0.67,0,0.16
26715,890.500,79,G5,0.48,0,0.16
26730,891.000,81,A5,0.67,0,0.16
26745,891.500,77,F5,0.48,0,0.16
26700,890.000,41,F2,0.6,1,-0.12
26730,891.000,48,C3,0.39,1,-0.12
26760,892.000,79,G5,0.67,0,0.16
26775,892.500,77,F5,0.48,0,0.16
26790,893.000,74,D5,0.67,0,0.16
26805,893.500,79,G5,0.48,0,0.16
26760,892.000,43,G2,0.6,1,-0.12
26790,893.000,50,D3,0.39,1,-0.12
26820,894.000,76,E5,0.67,0,0.16
26835,894.500,74,D5,0.48,0,0.16
26850,895.000,72,C5,0.67,0,0.16
26865,895.500,72,C5,0.48,0,0.16
26820,894.000,36,C2,0.6,1,-0.12
26850,895.000,43,G2,0.39,1,-0.12
26880,896.000,76,E5,0.67,0,0.16
26895,896.500,74,D5,0.48,0,0.16
26910,897.000,72,C5,0.67,0,0.16
26925,897.500,76,E5,0.48,0,0.16
26880,896.000,36,C2,0.6,1,-0.12
26910,897.000,43,G2,0.39,1,-0.12
26940,898.000,77,F5,0.67,0,0.16
26955,898.500,76,E5,0.48,0,0.16
26970,899.000,74,D5,0.67,0,0.16
26985,899.500,72,C5,0.48,0,0.16
26940,898.000,41,F2,0.6,1,-0.12
26970,899.000,48,C3,0.39,1,-0.12
27000,900.000,74,D5,0.67,0,0.16
27015,900.500,76,E5,0.48,0,0.16
27030,901.000,74,D5,0.67,0,0.16
27045,901.500,79,G5,0.48,0,0.16
27000,900.000,43,G2,0.6,1,-0.12
27030,901.000,50,D3,0.39,1,-0.12
27060,902.000,76,E5,0.67,0,0.16
27075,902.500,74,D5,0.48,0,0.16
27090,903.000,72,C5,0.67,0,0.16
27105,903.500,72,C5,0.48,0,0.16
27060,902.000,36,C2,0.6,1,-0.12
27090,903.000,43,G2,0.39,1,-0.12
27120,904.000,79,G5,0.67,0,0.16
27135,904.500,76,E5,0.48,0,0.16
27150,905.000,74,D5,0.67,0,0.16
27165,905.500,72,C5,0.48,0,0.16
27120,904.000,36,C2,0.6,1,-0.12
27150,905.000,43,G2,0.39,1,-0.12
27180,906.000,77,F5,0.67,0,0.16
27195,906.500,79,G5,0.48,0,0.16
27210,907.000,81,A5,0.67,0,0.16
27225,907.500,77,F5,0.48,0,0.16
27180,906.000,41,F2,0.6,1,-0.12
27210,907.000,48,C3,0.39,1,-0.12
27240,908.000,79,G5,0.67,0,0.16
27255,908.500,77,F5,0.48,0,0.16
27270,909.000,74,D5,0.67,0,0.16
27285,909.500,79,G5,0.48,0,0.16
27240,908.000,43,G2,0.6,1,-0.12
27270,909.000,50,D3,0.39,1,-0.12
27300,910.000,76,E5,0.67,0,0.16
27315,910.500,74,D5,0.48,0,0.16
27330,911.000,72,C5,0.67,0,0.16
27345,911.500,72,C5,0.48,0,0.16
27300,910.000,36,C2,0.6,1,-0.12
27330,911.000,43,G2,0.39,1,-0.12
27360,912.000,76,E5,0.67,0,0.16
27375,912.500,74,D5,0.48,0,0.16
27390,913.000,72,C5,0.67,0,0.16
27405,913.500,76,E5,0.48,0,0.16
27360,912.000,36,C2,0.6,1,-0.12
27390,913.000,43,G2,0.39,1,-0.12
27420,914.000,77,F5,0.67,0,0.16
27435,914.500,76,E5,0.48,0,0.16
27450,915.000,74,D5,0.67,0,0.16
27465,915.500,72,C5,0.48,0,0.16
27420,914.000,41,F2,0.6,1,-0.12
27450,915.000,48,C3,0.39,1,-0.12
27480,916.000,74,D5,0.67,0,0.16
27495,916.500,76,E5,0.48,0,0.16
27510,917.000,74,D5,0.67,0,0.16
27525,917.500,79,G5,0.48,0,0.16
27480,916.000,43,G2,0.6,1,-0.12
27510,917.000,50,D3,0.39,1,-0.12
27540,918.000,76,E5,0.67,0,0.16
27555,918.500,74,D5,0.48,0,0.16
27570,919.000,72,C5,0.67,0,0.16
27585,919.500,72,C5,0.48,0,0.16
27540,918.000,36,C2,0.6,1,-0.12
27570,919.000,43,G2,0.39,1,-0.12
27600,920.000,79,G5,0.67,0,0.16
27615,920.500,76,E5,0.48,0,0.16
27630,921.000,74,D5,0.67,0,0.16
27645,921.500,72,C5,0.48,0,0.16
27600,920.000,36,C2,0.6,1,-0.12
27630,921.000,43,G2,0.39,1,-0.12
27660,922.000,77,F5,0.67,0,0.16
27675,922.500,79,G5,0.48,0,0.16
27690,923.000,81,A5,0.67,0,0.16
27705,923.500,77,F5,0.48,0,0.16
27660,922.000,41,F2,0.6,1,-0.12
27690,923.000,48,C3,0.39,1,-0.12
27720,924.000,79,G5,0.67,0,0.16
27735,924.500,77,F5,0.48,0,0.16
27750,925.000,74,D5,0.67,0,0.16
27765,925.500,79,G5,0.48,0,0.16
27720,924.000,43,G2,0.6,1,-0.12
27750,925.000,50,D3,0.39,1,-0.12
27780,926.000,76,E5,0.67,0,0.16
27795,926.500,74,D5,0.48,0,0.16
27810,927.000,72,C5,0.67,0,0.16
27825,927.500,72,C5,0.48,0,0.16
27780,926.000,36,C2,0.6,1,-0.12
27810,927.000,43,G2,0.39,1,-0.12
27840,928.000,76,E5,0.67,0,0.16
27855,928.500,74,D5,0.48,0,0.16
27870,929.000,72,C5,0.67,0,0.16
27885,929.500,76,E5,0.48,0,0.16
27840,928.000,36,C2,0.6,1,-0.12
27870,929.000,43,G2,0.39,1,-0.12
27900,930.000,77,F5,0.67,0,0.16
27915,930.500,76,E5,0.48,0,0.16
27930,931.000,74,D5,0.67,0,0.16
27945,931.500,72,C5,0.48,0,0.16
27900,930.000,41,F2,0.6,1,-0.12
27930,931.000,48,C3,0.39,1,-0.12
27960,932.000,74,D5,0.67,0,0.16
27975,932.500,76,E5,0.48,0,0.16
27990,933.000,74,D5,0.67,0,0.16
28005,933.500,79,G5,0.48,0,0.16
27960,932.000,43,G2,0.6,1,-0.12
27990,933.000,50,D3,0.39,1,-0.12
28020,934.000,76,E5,0.67,0,0.16
28035,934.500,74,D5,0.48,0,0.16
28050,935.000,72,C5,0.67,0,0.16
28065,935.500,72,C5,0.48,0,0.16
28020,934.000,36,C2,0.6,1,-0.12
28050,935.000,43,G2,0.39,1,-0.12
28080,936.000,79,G5,0.67,0,0.16
28095,936.500,76,E5,0.48,0,0.16
28110,937.000,74,D5,0.67,0,0.16
28125,937.500,72,C5,0.48,0,0.16
28080,936.000,36,C2,0.6,1,-0.12
28110,937.000,43,G2,0.39,1,-0.12
28140,938.000,77,F5,0.67,0,0.16
28155,938.500,79,G5,0.48,0,0.16
28170,939.000,81,A5,0.67,0,0.16
28185,939.500,77,F5,0.48,0,0.16
28140,938.000,41,F2,0.6,1,-0.12
28170,939.000,48,C3,0.39,1,-0.12
28200,940.000,79,G5,0.67,0,0.16
28215,940.500,77,F5,0.48,0,0.16
28230,941.000,74,D5,0.67,0,0.16
28245,941.500,79,G5,0.48,0,0.16
28200,940.000,43,G2,0.6,1,-0.12
28230,941.000,50,D3,0.39,1,-0.12
28260,942.000,76,E5,0.67,0,0.16
28275,942.500,74,D5,0.48,0,0.16
28290,943.000,72,C5,0.67,0,0.16
28305,943.500,72,C5,0.48,0,0.16
28260,942.000,36,C2,0.6,1,-0.12
28290,943.000,43,G2,0.39,1,-0.12
28320,944.000,76,E5,0.67,0,0.16
28335,944.500,74,D5,0.48,0,0.16
28350,945.000,72,C5,0.67,0,0.16
28365,945.500,76,E5,0.48,0,0.16
28320,944.000,36,C2,0.6,1,-0.12
28350,945.000,43,G2,0.39,1,-0.12
28380,946.000,77,F5,0.67,0,0.16
28395,946.500,76,E5,0.48,0,0.16
28410,947.000,74,D5,0.67,0,0.16
28425,947.500,72,C5,0.48,0,0.16
28380,946.000,41,F2,0.6,1,-0.12
28410,947.000,48,C3,0.39,1,-0.12
28440,948.000,74,D5,0.67,0,0.16
28455,948.500,76,E5,0.48,0,0.16
28470,949.000,74,D5,0.67,0,0.16
28485,949.500,79,G5,0.48,0,0.16
28440,948.000,43,G2,0.6,1,-0.12
28470,949.000,50,D3,0.39,1,-0.12
28500,950.000,76,E5,0.67,0,0.16
28515,950.500,74,D5,0.48,0,0.16
28530,951.000,72,C5,0.67,0,0.16
28545,951.500,72,C5,0.48,0,0.16
28500,950.000,36,C2,0.6,1,-0.12
28530,951.000,43,G2,0.39,1,-0.12
28560,952.000,79,G5,0.67,0,0.16
28575,952.500,76,E5,0.48,0,0.16
28590,953.000,74,D5,0.67,0,0.16
28605,953.500,72,C5,0.48,0,0.16
28560,952.000,36,C2,0.6,1,-0.12
28590,953.000,43,G2,0.39,1,-0.12
28620,954.000,77,F5,0.67,0,0.16
28635,954.500,79,G5,0.48,0,0.16
28650,955.000,81,A5,0.67,0,0.16
28665,955.500,77,F5,0.48,0,0.16
28620,954.000,41,F2,0.6,1,-0.12
28650,955.000,48,C3,0.39,1,-0.12
28680,956.000,79,G5,0.67,0,0.16
28695,956.500,77,F5,0.48,0,0.16
28710,957.000,74,D5,0.67,0,0.16
28725,957.500,79,G5,0.48,0,0.16
28680,956.000,43,G2,0.6,1,-0.12
28710,957.000,50,D3,0.39,1,-0.12
28740,958.000,76,E5,0.67,0,0.16
28755,958.500,74,D5,0.48,0,0.16
28770,959.000,72,C5,0.67,0,0.16
28785,959.500,72,C5,0.48,0,0.16
28740,958.000,36,C2,0.6,1,-0.12
28770,959.000,43,G2,0.39,1,-0.12
28800,960.000,76,E5,0.67,0,0.16
28815,960.500,74,D5,0.48,0,0.16
28830,961.000,72,C5,0.67,0,0.16
28845,961.500,76,E5,0.48,0,0.16
28800,960.000,36,C2,0.6,1,-0.12
28830,961.000,43,G2,0.39,1,-0.12
28860,962.000,77,F5,0.67,0,0.16
28875,962.500,76,E5,0.48,0,0.16
28890,963.000,74,D5,0.67,0,0.16
28905,963.500,72,C5,0.48,0,0.16
28860,962.000,41,F2,0.6,1,-0.12
28890,963.000,48,C3,0.39,1,-0.12
28920,964.000,74,D5,0.67,0,0.16
28935,964.500,76,E5,0.48,0,0.16
28950,965.000,74,D5,0.67,0,0.16
28965,965.500,79,G5,0.48,0,0.16
28920,964.000,43,G2,0.6,1,-0.12
28950,965.000,50,D3,0.39,1,-0.12
28980,966.000,76,E5,0.67,0,0.16
28995,966.500,74,D5,0.48,0,0.16
29010,967.000,72,C5,0.67,0,0.16
29025,967.500,72,C5,0.48,0,0.16
28980,966.000,36,C2,0.6,1,-0.12
29010,967.000,43,G2,0.39,1,-0.12
29040,968.000,79,G5,0.67,0,0.16
29055,968.500,76,E5,0.48,0,0.16
29070,969.000,74,D5,0.67,0,0.16
29085,969.500,72,C5,0.48,0,0.16
29040,968.000,36,C2,0.6,1,-0.12
29070,969.000,43,G2,0.39,1,-0.12
29100,970.000,77,F5,0.67,0,0.16
29115,970.500,79,G5,0.48,0,0.16
29130,971.000,81,A5,0.67,0,0.16
29145,971.500,77,F5,0.48,0,0.16
29100,970.000,41,F2,0.6,1,-0.12
29130,971.000,48,C3,0.39,1,-0.12
29160,972.000,79,G5,0.67,0,0.16
29175,972.500,77,F5,0.48,0,0.16
29190,973.000,74,D5,0.67,0,0.16
29205,973.500,79,G5,0.48,0,0.16
29160,972.000,43,G2,0.6,1,-0.12
29190,973.000,50,D3,0.39,1,-0.12
29220,974.000,76,E5,0.67,0,0.16
29235,974.500,74,D5,0.48,0,0.16
29250,975.000,72,C5,0.67,0,0.16
29265,975.500,72,C5,0.48,0,0.16
29220,974.000,36,C2,0.6,1,-0.12
29250,975.000,43,G2,0.39,1,-0.12
29280,976.000,76,E5,0.67,0,0.16
29295,976.500,74,D5,0.48,0,0.16
29310,977.000,72,C5,0.67,0,0.16
29325,977.500,76,E5,0.48,0,0.16
29280,976.000,36,C2,0.6,1,-0.12
29310,977.000,43,G2,0.39,1,-0.12
29340,978.000,77,F5,0.67,0,0.16
29355,978.500,76,E5,0.48,0,0.16
29370,979.000,74,D5,0.67,0,0.16
29385,979.500,72,C5,0.48,0,0.16
29340,978.000,41,F2,0.6,1,-0.12
29370,979.000,48,C3,0.39,1,-0.12
29400,980.000,74,D5,0.67,0,0.16
29415,980.500,76,E5,0.48,0,0.16
29430,981.000,74,D5,0.67,0,0.16
29445,981.500,79,G5,0.48,0,0.16
29400,980.000,43,G2,0.6,1,-0.12
29430,981.000,50,D3,0.39,1,-0.12
29460,982.000,76,E5,0.67,0,0.16
29475,982.500,74,D5,0.48,0,0.16
29490,983.000,72,C5,0.67,0,0.16
29505,983.500,72,C5,0.48,0,0.16
29460,982.000,36,C2,0.6,1,-0.12
29490,983.000,43,G2,0.39,1,-0.12
29520,984.000,79,G5,0.67,0,0.16
29535,984.500,76,E5,0.48,0,0.16
29550,985.000,74,D5,0.67,0,0.16
29565,985.500,72,C5,0.48,0,0.16
29520,984.000,36,C2,0.6,1,-0.12
29550,985.000,43,G2,0.39,1,-0.12
29580,986.000,77,F5,0.67,0,0.16
29595,986.500,79,G5,0.48,0,0.16
29610,987.000,81,A5,0.67,0,0.16
29625,987.500,77,F5,0.48,0,0.16
29580,986.000,41,F2,0.6,1,-0.12
29610,987.000,48,C3,0.39,1,-0.12
29640,988.000,79,G5,0.67,0,0.16
29655,988.500,77,F5,0.48,0,0.16
29670,989.000,74,D5,0.67,0,0.16
29685,989.500,79,G5,0.48,0,0.16
29640,988.000,43,G2,0.6,1,-0.12
29670,989.000,50,D3,0.39,1,-0.12
29700,990.000,76,E5,0.67,0,0.16
29715,990.500,74,D5,0.48,0,0.16
29730,991.000,72,C5,0.67,0,0.16
29745,991.500,72,C5,0.48,0,0.16
29700,990.000,36,C2,0.6,1,-0.12
29730,991.000,43,G2,0.39,1,-0.12
29760,992.000,76,E5,0.67,0,0.16
29775,992.500,74,D5,0.48,0,0.16
29790,993.000,72,C5,0.67,0,0.16
29805,993.500,76,E5,0.48,0,0.16
29760,992.000,36,C2,0.6,1,-0.12
29790,993.000,43,G2,0.39,1,-0.12
29820,994.000,77,F5,0.67,0,0.16
29835,994.500,76,E5,0.48,0,0.16
29850,995.000,74,D5,0.67,0,0.16
29865,995.500,72,C5,0.48,0,0.16
29820,994.000,41,F2,0.6,1,-0.12
29850,995.000,48,C3,0.39,1,-0.12
29880,996.000,74,D5,0.67,0,0.16
29895,996.500,76,E5,0.48,0,0.16
29910,997.000,74,D5,0.67,0,0.16
29925,997.500,79,G5,0.48,0,0.16
29880,996.000,43,G2,0.6,1,-0.12
29910,997.000,50,D3,0.39,1,-0.12
29940,998.000,76,E5,0.67,0,0.16
29955,998.500,74,D5,0.48,0,0.16
29970,999.000,72,C5,0.67,0,0.16
29985,999.500,72,C5,0.48,0,0.16
29940,998.000,36,C2,0.6,1,-0.12
29970,999.000,43,G2,0.39,1,-0.12
30000,1000.000,79,G5,0.67,0,0.16
30015,1000.500,76,E5,0.48,0,0.16
30030,1001.000,74,D5,0.67,0,0.16
30045,1001.500,72,C5,0.48,0,0.16
30000,1000.000,36,C2,0.6,1,-0.12
30030,1001.000,43,G2,0.39,1,-0.12
30060,1002.000,77,F5,0.67,0,0.16
30075,1002.500,79,G5,0.48,0,0.16
30090,1003.000,81,A5,0.67,0,0.16
30105,1003.500,77,F5,0.48,0,0.16
30060,1002.000,41,F2,0.6,1,-0.12
30090,1003.000,48,C3,0.39,1,-0.12
30120,1004.000,79,G5,0.67,0,0.16
30135,1004.500,77,F5,0.48,0,0.16
30150,1005.000,74,D5,0.67,0,0.16
30165,1005.500,79,G5,0.48,0,0.16
30120,1004.000,43,G2,0.6,1,-0.12
30150,1005.000,50,D3,0.39,1,-0.12
30180,1006.000,76,E5,0.67,0,0.16
30195,1006.500,74,D5,0.48,0,0.16
30210,1007.000,72,C5,0.67,0,0.16
30225,1007.500,72,C5,0.48,0,0.16
30180,1006.000,36,C2,0.6,1,-0.12
30210,1007.000,43,G2,0.39,1,-0.12
30240,1008.000,76,E5,0.67,0,0.16
30255,1008.500,74,D5,0.48,0,0.16
30270,1009.000,72,C5,0.67,0,0.16
30285,1009.500,76,E5,0.48,0,0.16
30240,1008.000,36,C2,0.6,1,-0.12
30270,1009.000,43,G2,0.39,1,-0.12
30300,1010.000,77,F5,0.67,0,0.16
30315,1010.500,76,E5,0.48,0,0.16
30330,1011.000,74,D5,0.67,0,0.16
30345,1011.500,72,C5,0.48,0,0.16
30300,1010.000,41,F2,0.6,1,-0.12
30330,1011.000,48,C3,0.39,1,-0.12
30360,1012.000,74,D5,0.67,0,0.16
30375,1012.500,76,E5,0.48,0,0.16
30390,1013.000,74,D5,0.67,0,0.16
30405,1013.500,79,G5,0.48,0,0.16
30360,1012.000,43,G2,0.6,1,-0.12
30390,1013.000,50,D3,0.39,1,-0.12
30420,1014.000,76,E5,0.67,0,0.16
30435,1014.500,74,D5,0.48,0,0.16
30450,1015.000,72,C5,0.67,0,0.16
30465,1015.500,72,C5,0.48,0,0.16
30420,1014.000,36,C2,0.6,1,-0.12
30450,1015.000,43,G2,0.39,1,-0.12
30480,1016.000,79,G5,0.67,0,0.16
30495,1016.500,76,E5,0.48,0,0.16
30510,1017.000,74,D5,0.67,0,0.16
30525,1017.500,72,C5,0.48,0,0.16
30480,1016.000,36,C2,0.6,1,-0.12
30510,1017.000,43,G2,0.39,1,-0.12
30540,1018.000,77,F5,0.67,0,0.16
30555,1018.500,79,G5,0.48,0,0.16
30570,1019.000,81,A5,0.67,0,0.16
30585,1019.500,77,F5,0.48,0,0.16
30540,1018.000,41,F2,0.6,1,-0.12
30570,1019.000,48,C3,0.39,1,-0.12
30600,1020.000,79,G5,0.67,0,0.16
30615,1020.500,77,F5,0.48,0,0.16
30630,1021.000,74,D5,0.67,0,0.16
30645,1021.500,79,G5,0.48,0,0.16
30600,1020.000,43,G2,0.6,1,-0.12
30630,1021.000,50,D3,0.39,1,-0.12
30660,1022.000,76,E5,0.67,0,0.16
30675,1022.500,74,D5,0.48,0,0.16
30690,1023.000,72,C5,0.67,0,0.16
30705,1023.500,72,C5,0.48,0,0.16
30660,1022.000,36,C2,0.6,1,-0.12
30690,1023.000,43,G2,0.39,1,-0.12
30720,1024.000,76,E5,0.67,0,0.16
30735,1024.500,74,D5,0.48,0,0.16
30750,1025.000,72,C5,0.67,0,0.16
30765,1025.500,76,E5,0.48,0,0.16
30720,1024.000,36,C2,0.6,1,-0.12
30750,1025.000,43,G2,0.39,1,-0.12
30780,1026.000,77,F5,0.67,0,0.16
30795,1026.500,76,E5,0.48,0,0.16
30810,1027.000,74,D5,0.67,0,0.16
30825,1027.500,72,C5,0.48,0,0.16
30780,1026.000,41,F2,0.6,1,-0.12
30810,1027.000,48,C3,0.39,1,-0.12
30840,1028.000,74,D5,0.67,0,0.16
30855,1028.500,76,E5,0.48,0,0.16
30870,1029.000,74,D5,0.67,0,0.16
30885,1029.500,79,G5,0.48,0,0.16
30840,1028.000,43,G2,0.6,1,-0.12
30870,1029.000,50,D3,0.39,1,-0.12
30900,1030.000,76,E5,0.67,0,0.16
30915,1030.500,74,D5,0.48,0,0.16
30930,1031.000,72,C5,0.67,0,0.16
30945,1031.500,72,C5,0.48,0,0.16
30900,1030.000,36,C2,0.6,1,-0.12
30930,1031.000,43,G2,0.39,1,-0.12
30960,1032.000,79,G5,0.67,0,0.16
30975,1032.500,76,E5,0.48,0,0.16
30990,1033.000,74,D5,0.67,0,0.16
31005,1033.500,72,C5,0.48,0,0.16
30960,1032.000,36,C2,0.6,1,-0.12
30990,1033.000,43,G2,0.39,1,-0.12
31020,1034.000,77,F5,0.67,0,0.16
31035,1034.500,79,G5,0.48,0,0.16
31050,1035.000,81,A5,0.67,0,0.16
31065,1035.500,77,F5,0.48,0,0.16
31020,1034.000,41,F2,0.6,1,-0.12
31050,1035.000,48,C3,0.39,1,-0.12
31080,1036.000,79,G5,0.67,0,0.16
31095,1036.500,77,F5,0.48,0,0.16
31110,1037.000,74,D5,0.67,0,0.16
31125,1037.500,79,G5,0.48,0,0.16
31080,1036.000,43,G2,0.6,1,-0.12
31110,1037.000,50,D3,0.39,1,-0.12
31140,1038.000,76,E5,0.67,0,0.16
31155,1038.500,74,D5,0.48,0,0.16
31170,1039.000,72,C5,0.67,0,0.16
31185,1039.500,72,C5,0.48,0,0.16
31140,1038.000,36,C2,0.6,1,-0.12
31170,1039.000,43,G2,0.39,1,-0.12
31200,1040.000,76,E5,0.67,0,0.16
31215,1040.500,74,D5,0.48,0,0.16
31230,1041.000,72,C5,0.67,0,0.16
31245,1041.500,76,E5,0.48,0,0.16
31200,1040.000,36,C2,0.6,1,-0.12
31230,1041.000,43,G2,0.39,1,-0.12
31260,1042.000,77,F5,0.67,0,0.16
31275,1042.500,76,E5,0.48,0,0.16
31290,1043.000,74,D5,0.67,0,0.16
31305,1043.500,72,C5,0.48,0,0.16
31260,1042.000,41,F2,0.6,1,-0.12
31290,1043.000,48,C3,0.39,1,-0.12
31320,1044.000,74,D5,0.67,0,0.16
31335,1044.500,76,E5,0.48,0,0.16
31350,1045.000,74,D5,0.67,0,0.16
31365,1045.500,79,G5,0.48,0,0.16
31320,1044.000,43,G2,0.6,1,-0.12
31350,1045.000,50,D3,0.39,1,-0.12
31380,1046.000,76,E5,0.67,0,0.16
31395,1046.500,74,D5,0.48,0,0.16
31410,1047.000,72,C5,0.67,0,0.16
31425,1047.500,72,C5,0.48,0,0.16
31380,1046.000,36,C2,0.6,1,-0.12
31410,1047.000,43,G2,0.39,1,-0.12
31440,1048.000,79,G5,0.67,0,0.16
31455,1048.500,76,E5,0.48,0,0.16
31470,1049.000,74,D5,0.67,0,0.16
31485,1049.500,72,C5,0.48,0,0.16
31440,1048.000,36,C2,0.6,1,-0.12
31470,1049.000,43,G2,0.39,1,-0.12
31500,1050.000,77,F5,0.67,0,0.16
31515,1050.500,79,G5,0.48,0,0.16
31530,1051.000,81,A5,0.67,0,0.16
31545,1051.500,77,F5,0.48,0,0.16
31500,1050.000,41,F2,0.6,1,-0.12
31530,1051.000,48,C3,0.39,1,-0.12
31560,1052.000,79,G5,0.67,0,0.16
31575,1052.500,77,F5,0.48,0,0.16
31590,1053.000,74,D5,0.67,0,0.16
31605,1053.500,79,G5,0.48,0,0.16
31560,1052.000,43,G2,0.6,1,-0.12
31590,1053.000,50,D3,0.39,1,-0.12
31620,1054.000,76,E5,0.67,0,0.16
31635,1054.500,74,D5,0.48,0,0.16
31650,1055.000,72,C5,0.67,0,0.16
31665,1055.500,72,C5,0.48,0,0.16
31620,1054.000,36,C2,0.6,1,-0.12
31650,1055.000,43,G2,0.39,1,-0.12
31680,1056.000,76,E5,0.67,0,0.16
31695,1056.500,74,D5,0.48,0,0.16
31710,1057.000,72,C5,0.67,0,0.16
31725,1057.500,76,E5,0.48,0,0.16
31680,1056.000,36,C2,0.6,1,-0.12
31710,1057.000,43,G2,0.39,1,-0.12
31740,1058.000,77,F5,0.67,0,0.16
31755,1058.500,76,E5,0.48,0,0.16
31770,1059.000,74,D5,0.67,0,0.16
31785,1059.500,72,C5,0.48,0,0.16
31740,1058.000,41,F2,0.6,1,-0.12
31770,1059.000,48,C3,0.39,1,-0.12
31800,1060.000,74,D5,0.67,0,0.16
31815,1060.500,76,E5,0.48,0,0.16
31830,1061.000,74,D5,0.67,0,0.16
31845,1061.500,79,G5,0.48,0,0.16
31800,1060.000,43,G2,0.6,1,-0.12
31830,1061.000,50,D3,0.39,1,-0.12
31860,1062.000,76,E5,0.67,0,0.16
31875,1062.500,74,D5,0.48,0,0.16
31890,1063.000,72,C5,0.67,0,0.16
31905,1063.500,72,C5,0.48,0,0.16
31860,1062.000,36,C2,0.6,1,-0.12
31890,1063.000,43,G2,0.39,1,-0.12
31920,1064.000,79,G5,0.67,0,0.16
31935,1064.500,76,E5,0.48,0,0.16
31950,1065.000,74,D5,0.67,0,0.16
31965,1065.500,72,C5,0.48,0,0.16
31920,1064.000,36,C2,0.6,1,-0.12
31950,1065.000,43,G2,0.39,1,-0.12
31980,1066.000,77,F5,0.67,0,0.16
31995,1066.500,79,G5,0.48,0,0.16
32010,1067.000,81,A5,0.67,0,0.16
32025,1067.500,77,F5,0.48,0,0.16
31980,1066.000,41,F2,0.6,1,-0.12
32010,1067.000,48,C3,0.39,1,-0.12
32040,1068.000,79,G5,0.67,0,0.16
32055,1068.500,77,F5,0.48,0,0.16
32070,1069.000,74,D5,0.67,0,0.16
32085,1069.500,79,G5,0.48,0,0.16
32040,1068.000,43,G2,0.6,1,-0.12
32070,1069.000,50,D3,0.39,1,-0.12
32100,1070.000,76,E5,0.67,0,0.16
32115,1070.500,74,D5,0.48,0,0.16
32130,1071.000,72,C5,0.67,0,0.16
32145,1071.500,72,C5,0.48,0,0.16
32100,1070.000,36,C2,0.6,1,-0.12
32130,1071.000,43,G2,0.39,1,-0.12
32160,1072.000,76,E5,0.67,0,0.16
32175,1072.500,74,D5,0.48,0,0.16
32190,1073.000,72,C5,0.67,0,0.16
32205,1073.500,76,E5,0.48,0,0.16
32160,1072.000,36,C2,0.6,1,-0.12
32190,1073.000,43,G2,0.39,1,-0.12
32220,1074.000,77,F5,0.67,0,0.16
32235,1074.500,76,E5,0.48,0,0.16
32250,1075.000,74,D5,0.67,0,0.16
32265,1075.500,72,C5,0.48,0,0.16
32220,1074.000,41,F2,0.6,1,-0.12
32250,1075.000,48,C3,0.39,1,-0.12
32280,1076.000,74,D5,0.67,0,0.16
32295,1076.500,76,E5,0.48,0,0.16
32310,1077.000,74,D5,0.67,0,0.16
32325,1077.500,79,G5,0.48,0,0.16
32280,1076.000,43,G2,0.6,1,-0.12
32310,1077.000,50,D3,0.39,1,-0.12
32340,1078.000,76,E5,0.67,0,0.16
32355,1078.500,74,D5,0.48,0,0.16
32370,1079.000,72,C5,0.67,0,0.16
32385,1079.500,72,C5,0.48,0,0.16
32340,1078.000,36,C2,0.6,1,-0.12
32370,1079.000,43,G2,0.39,1,-0.12
32400,1080.000,79,G5,0.67,0,0.16
32415,1080.500,76,E5,0.48,0,0.16
32430,1081.000,74,D5,0.67,0,0.16
32445,1081.500,72,C5,0.48,0,0.16
32400,1080.000,36,C2,0.6,1,-0.12
32430,1081.000,43,G2,0.39,1,-0.12
32460,1082.000,77,F5,0.67,0,0.16
32475,1082.500,79,G5,0.48,0,0.16
32490,1083.000,81,A5,0.67,0,0.16
32505,1083.500,77,F5,0.48,0,0.16
32460,1082.000,41,F2,0.6,1,-0.12
32490,1083.000,48,C3,0.39,1,-0.12
32520,1084.000,79,G5,0.67,0,0.16
32535,1084.500,77,F5,0.48,0,0.16
32550,1085.000,74,D5,0.67,0,0.16
32565,1085.500,79,G5,0.48,0,0.16
32520,1084.000,43,G2,0.6,1,-0.12
32550,1085.000,50,D3,0.39,1,-0.12
32580,1086.000,76,E5,0.67,0,0.16
32595,1086.500,74,D5,0.48,0,0.16
32610,1087.000,72,C5,0.67,0,0.16
32625,1087.500,72,C5,0.48,0,0.16
32580,1086.000,36,C2,0.6,1,-0.12
32610,1087.000,43,G2,0.39,1,-0.12
32640,1088.000,76,E5,0.67,0,0.16
32655,1088.500,74,D5,0.48,0,0.16
32670,1089.000,72,C5,0.67,0,0.16
32685,1089.500,76,E5,0.48,0,0.16
32640,1088.000,36,C2,0.6,1,-0.12
32670,1089.000,43,G2,0.39,1,-0.12
32700,1090.000,77,F5,0.67,0,0.16
32715,1090.500,76,E5,0.48,0,0.16
32730,1091.000,74,D5,0.67,0,0.16
32745,1091.500,72,C5,0.48,0,0.16
32700,1090.000,41,F2,0.6,1,-0.12
32730,1091.000,48,C3,0.39,1,-0.12
32760,1092.000,74,D5,0.67,0,0.16
32775,1092.500,76,E5,0.48,0,0.16
32790,1093.000,74,D5,0.67,0,0.16
32805,1093.500,79,G5,0.48,0,0.16
32760,1092.000,43,G2,0.6,1,-0.12
32790,1093.000,50,D3,0.39,1,-0.12
32820,1094.000,76,E5,0.67,0,0.16
32835,1094.500,74,D5,0.48,0,0.16
32850,1095.000,72,C5,0.67,0,0.16
32865,1095.500,72,C5,0.48,0,0.16
32820,1094.000,36,C2,0.6,1,-0.12
32850,1095.000,43,G2,0.39,1,-0.12
32880,1096.000,79,G5,0.67,0,0.16
32895,1096.500,76,E5,0.48,0,0.16
32910,1097.000,74,D5,0.67,0,0.16
32925,1097.500,72,C5,0.48,0,0.16
32880,1096.000,36,C2,0.6,1,-0.12
32910,1097.000,43,G2,0.39,1,-0.12
32940,1098.000,77,F5,0.67,0,0.16
32955,1098.500,79,G5,0.48,0,0.16
32970,1099.000,81,A5,0.67,0,0.16
32985,1099.500,77,F5,0.48,0,0.16
32940,1098.000,41,F2,0.6,1,-0.12
32970,1099.000,48,C3,0.39,1,-0.12
33000,1100.000,79,G5,0.67,0,0.16
33015,1100.500,77,F5,0.48,0,0.16
33030,1101.000,74,D5,0.67,0,0.16
33045,1101.500,79,G5,0.48,0,0.16
33000,1100.000,43,G2,0.6,1,-0.12
33030,1101.000,50,D3,0.39,1,-0.12
33060,1102.000,76,E5,0.67,0,0.16
33075,1102.500,74,D5,0.48,0,0.16
33090,1103.000,72,C5,0.67,0,0.16
33105,1103.500,72,C5,0.48,0,0.16
33060,1102.000,36,C2,0.6,1,-0.12
33090,1103.000,43,G2,0.39,1,-0.12
33120,1104.000,76,E5,0.67,0,0.16
33135,1104.500,74,D5,0.48,0,0.16
33150,1105.000,72,C5,0.67,0,0.16
33165,1105.500,76,E5,0.48,0,0.16
33120,1104.000,36,C2,0.6,1,-0.12
33150,1105.000,43,G2,0.39,1,-0.12
33180,1106.000,77,F5,0.67,0,0.16
33195,1106.500,76,E5,0.48,0,0.16
33210,1107.000,74,D5,0.67,0,0.16
33225,1107.500,72,C5,0.48,0,0.16
33180,1106.000,41,F2,0.6,1,-0.12
33210,1107.000,48,C3,0.39,1,-0.12
33240,1108.000,74,D5,0.67,0,0.16
33255,1108.500,76,E5,0.48,0,0.16
33270,1109.000,74,D5,0.67,0,0.16
33285,1109.500,79,G5,0.48,0,0.16
33240,1108.000,43,G2,0.6,1,-0.12
33270,1109.000,50,D3,0.39,1,-0.12
33300,1110.000,76,E5,0.67,0,0.16
33315,1110.500,74,D5,0.48,0,0.16
33330,1111.000,72,C5,0.67,0,0.16
33345,1111.500,72,C5,0.48,0,0.16
33300,1110.000,36,C2,0.6,1,-0.12
33330,1111.000,43,G2,0.39,1,-0.12
33360,1112.000,79,G5,0.67,0,0.16
33375,1112.500,76,E5,0.48,0,0.16
33390,1113.000,74,D5,0.67,0,0.16
33405,1113.500,72,C5,0.48,0,0.16
33360,1112.000,36,C2,0.6,1,-0.12
33390,1113.000,43,G2,0.39,1,-0.12
33420,1114.000,77,F5,0.67,0,0.16
33435,1114.500,79,G5,0.48,0,0.16
33450,1115.000,81,A5,0.67,0,0.16
33465,1115.500,77,F5,0.48,0,0.16
33420,1114.000,41,F2,0.6,1,-0.12
33450,1115.000,48,C3,0.39,1,-0.12
33480,1116.000,79,G5,0.67,0,0.16
33495,1116.500,77,F5,0.48,0,0.16
33510,1117.000,74,D5,0.67,0,0.16
33525,1117.500,79,G5,0.48,0,0.16
33480,1116.000,43,G2,0.6,1,-0.12
33510,1117.000,50,D3,0.39,1,-0.12
33540,1118.000,76,E5,0.67,0,0.16
33555,1118.500,74,D5,0.48,0,0.16
33570,1119.000,72,C5,0.67,0,0.16
33585,1119.500,72,C5,0.48,0,0.16
33540,1118.000,36,C2,0.6,1,-0.12
33570,1119.000,43,G2,0.39,1,-0.12
33600,1120.000,76,E5,0.67,0,0.16
33615,1120.500,74,D5,0.48,0,0.16
33630,1121.000,72,C5,0.67,0,0.16
33645,1121.500,76,E5,0.48,0,0.16
33600,1120.000,36,C2,0.6,1,-0.12
33630,1121.000,43,G2,0.39,1,-0.12
33660,1122.000,77,F5,0.67,0,0.16
33675,1122.500,76,E5,0.48,0,0.16
33690,1123.000,74,D5,0.67,0,0.16
33705,1123.500,72,C5,0.48,0,0.16
33660,1122.000,41,F2,0.6,1,-0.12
33690,1123.000,48,C3,0.39,1,-0.12
33720,1124.000,74,D5,0.67,0,0.16
33735,1124.500,76,E5,0.48,0,0.16
33750,1125.000,74,D5,0.67,0,0.16
33765,1125.500,79,G5,0.48,0,0.16
33720,1124.000,43,G2,0.6,1,-0.12
33750,1125.000,50,D3,0.39,1,-0.12
33780,1126.000,76,E5,0.67,0,0.16
33795,1126.500,74,D5,0.48,0,0.16
33810,1127.000,72,C5,0.67,0,0.16
33825,1127.500,72,C5,0.48,0,0.16
33780,1126.000,36,C2,0.6,1,-0.12
33810,1127.000,43,G2,0.39,1,-0.12
33840,1128.000,79,G5,0.67,0,0.16
33855,1128.500,76,E5,0.48,0,0.16
33870,1129.000,74,D5,0.67,0,0.16
33885,1129.500,72,C5,0.48,0,0.16
33840,1128.000,36,C2,0.6,1,-0.12
33870,1129.000,43,G2,0.39,1,-0.12
33900,1130.000,77,F5,0.67,0,0.16
33915,1130.500,79,G5,0.48,0,0.16
33930,1131.000,81,A5,0.67,0,0.16
33945,1131.500,77,F5,0.48,0,0.16
33900,1130.000,41,F2,0.6,1,-0.12
33930,1131.000,48,C3,0.39,1,-0.12
33960,1132.000,79,G5,0.67,0,0.16
33975,1132.500,77,F5,0.48,0,0.16
33990,1133.000,74,D5,0.67,0,0.16
34005,1133.500,79,G5,0.48,0,0.16
33960,1132.000,43,G2,0.6,1,-0.12
33990,1133.000,50,D3,0.39,1,-0.12
34020,1134.000,76,E5,0.67,0,0.16
34035,1134.500,74,D5,0.48,0,0.16
34050,1135.000,72,C5,0.67,0,0.16
34065,1135.500,72,C5,0.48,0,0.16
34020,1134.000,36,C2,0.6,1,-0.12
34050,1135.000,43,G2,0.39,1,-0.12
34080,1136.000,76,E5,0.67,0,0.16
34095,1136.500,74,D5,0.48,0,0.16
34110,1137.000,72,C5,0.67,0,0.16
34125,1137.500,76,E5,0.48,0,0.16
34080,1136.000,36,C2,0.6,1,-0.12
34110,1137.000,43,G2,0.39,1,-0.12
34140,1138.000,77,F5,0.67,0,0.16
34155,1138.500,76,E5,0.48,0,0.16
34170,1139.000,74,D5,0.67,0,0.16
34185,1139.500,72,C5,0.48,0,0.16
34140,1138.000,41,F2,0.6,1,-0.12
34170,1139.000,48,C3,0.39,1,-0.12
34200,1140.000,74,D5,0.67,0,0.16
34215,1140.500,76,E5,0.48,0,0.16
34230,1141.000,74,D5,0.67,0,0.16
34245,1141.500,79,G5,0.48,0,0.16
34200,1140.000,43,G2,0.6,1,-0.12
34230,1141.000,50,D3,0.39,1,-0.12
34260,1142.000,76,E5,0.67,0,0.16
34275,1142.500,74,D5,0.48,0,0.16
34290,1143.000,72,C5,0.67,0,0.16
34305,1143.500,72,C5,0.48,0,0.16
34260,1142.000,36,C2,0.6,1,-0.12
34290,1143.000,43,G2,0.39,1,-0.12
34320,1144.000,79,G5,0.67,0,0.16
34335,1144.500,76,E5,0.48,0,0.16
34350,1145.000,74,D5,0.67,0,0.16
34365,1145.500,72,C5,0.48,0,0.16
34320,1144.000,36,C2,0.6,1,-0.12
34350,1145.000,43,G2,0.39,1,-0.12
34380,1146.000,77,F5,0.67,0,0.16
34395,1146.500,79,G5,0.48,0,0.16
34410,1147.000,81,A5,0.67,0,0.16
34425,1147.500,77,F5,0.48,0,0.16
34380,1146.000,41,F2,0.6,1,-0.12
34410,1147.000,48,C3,0.39,1,-0.12
34440,1148.000,79,G5,0.67,0,0.16
34455,1148.500,77,F5,0.48,0,0.16
34470,1149.000,74,D5,0.67,0,0.16
34485,1149.500,79,G5,0.48,0,0.16
34440,1148.000,43,G2,0.6,1,-0.12
34470,1149.000,50,D3,0.39,1,-0.12
34500,1150.000,76,E5,0.67,0,0.16
34515,1150.500,74,D5,0.48,0,0.16
34530,1151.000,72,C5,0.67,0,0.16
34545,1151.500,72,C5,0.48,0,0.16
34500,1150.000,36,C2,0.6,1,-0.12
34530,1151.000,43,G2,0.39,1,-0.12
34560,1152.000,76,E5,0.67,0,0.16
34575,1152.500,74,D5,0.48,0,0.16
34590,1153.000,72,C5,0.67,0,0.16
34605,1153.500,76,E5,0.48,0,0.16
34560,1152.000,36,C2,0.6,1,-0.12
34590,1153.000,43,G2,0.39,1,-0.12
34620,1154.000,77,F5,0.67,0,0.16
34635,1154.500,76,E5,0.48,0,0.16
34650,1155.000,74,D5,0.67,0,0.16
34665,1155.500,72,C5,0.48,0,0.16
34620,1154.000,41,F2,0.6,1,-0.12
34650,1155.000,48,C3,0.39,1,-0.12
34680,1156.000,74,D5,0.67,0,0.16
34695,1156.500,76,E5,0.48,0,0.16
34710,1157.000,74,D5,0.67,0,0.16
34725,1157.500,79,G5,0.48,0,0.16
34680,1156.000,43,G2,0.6,1,-0.12
34710,1157.000,50,D3,0.39,1,-0.12
34740,1158.000,76,E5,0.67,0,0.16
34755,1158.500,74,D5,0.48,0,0.16
34770,1159.000,72,C5,0.67,0,0.16
34785,1159.500,72,C5,0.48,0,0.16
34740,1158.000,36,C2,0.6,1,-0.12
34770,1159.000,43,G2,0.39,1,-0.12
34800,1160.000,79,G5,0.67,0,0.16
34815,1160.500,76,E5,0.48,0,0.16
34830,1161.000,74,D5,0.67,0,0.16
34845,1161.500,72,C5,0.48,0,0.16
34800,1160.000,36,C2,0.6,1,-0.12
34830,1161.000,43,G2,0.39,1,-0.12
34860,1162.000,77,F5,0.67,0,0.16
34875,1162.500,79,G5,0.48,0,0.16
34890,1163.000,81,A5,0.67,0,0.16
34905,1163.500,77,F5,0.48,0,0.16
34860,1162.000,41,F2,0.6,1,-0.12
34890,1163.000,48,C3,0.39,1,-0.12
34920,1164.000,79,G5,0.67,0,0.16
34935,1164.500,77,F5,0.48,0,0.16
34950,1165.000,74,D5,0.67,0,0.16
34965,1165.500,79,G5,0.48,0,0.16
34920,1164.000,43,G2,0.6,1,-0.12
34950,1165.000,50,D3,0.39,1,-0.12
34980,1166.000,76,E5,0.67,0,0.16
34995,1166.500,74,D5,0.48,0,0.16
35010,1167.000,72,C5,0.67,0,0.16
35025,1167.500,72,C5,0.48,0,0.16
34980,1166.000,36,C2,0.6,1,-0.12
35010,1167.000,43,G2,0.39,1,-0.12
35040,1168.000,76,E5,0.67,0,0.16
35055,1168.500,74,D5,0.48,0,0.16
35070,1169.000,72,C5,0.67,0,0.16
35085,1169.500,76,E5,0.48,0,0.16
35040,1168.000,36,C2,0.6,1,-0.12
35070,1169.000,43,G2,0.39,1,-0.12
35100,1170.000,77,F5,0.67,0,0.16
35115,1170.500,76,E5,0.48,0,0.16
35130,1171.000,74,D5,0.67,0,0.16
35145,1171.500,72,C5,0.48,0,0.16
35100,1170.000,41,F2,0.6,1,-0.12
35130,1171.000,48,C3,0.39,1,-0.12
35160,1172.000,74,D5,0.67,0,0.16
35175,1172.500,76,E5,0.48,0,0.16
35190,1173.000,74,D5,0.67,0,0.16
35205,1173.500,79,G5,0.48,0,0.16
35160,1172.000,43,G2,0.6,1,-0.12
35190,1173.000,50,D3,0.39,1,-0.12
35220,1174.000,76,E5,0.67,0,0.16
35235,1174.500,74,D5,0.48,0,0.16
35250,1175.000,72,C5,0.67,0,0.16
35265,1175.500,72,C5,0.48,0,0.16
35220,1174.000,36,C2,0.6,1,-0.12
35250,1175.000,43,G2,0.39,1,-0.12
35280,1176.000,79,G5,0.67,0,0.16
35295,1176.500,76,E5,0.48,0,0.16
35310,1177.000,74,D5,0.67,0,0.16
35325,1177.500,72,C5,0.48,0,0.16
35280,1176.000,36,C2,0.6,1,-0.12
35310,1177.000,43,G2,0.39,1,-0.12
35340,1178.000,77,F5,0.67,0,0.16
35355,1178.500,79,G5,0.48,0,0.16
35370,1179.000,81,A5,0.67,0,0.16
35385,1179.500,77,F5,0.48,0,0.16
35340,1178.000,41,F2,0.6,1,-0.12
35370,1179.000,48,C3,0.39,1,-0.12
35400,1180.000,79,G5,0.67,0,0.16
35415,1180.500,77,F5,0.48,0,0.16
35430,1181.000,74,D5,0.67,0,0.16
35445,1181.500,79,G5,0.48,0,0.16
35400,1180.000,43,G2,0.6,1,-0.12
35430,1181.000,50,D3,0.39,1,-0.12
35400,1180.000,67,G4,0.22,0,-0.24
35405,1180.167,74,D5,0.22,0,-0.24
35410,1180.333,71,B4,0.22,0,-0.24
35415,1180.500,74,D5,0.22,0,-0.24
35420,1180.667,67,G4,0.22,0,-0.24
35425,1180.833,74,D5,0.22,0,-0.24
35430,1181.000,71,B4,0.22,0,-0.24
35435,1181.167,74,D5,0.22,0,-0.24
35440,1181.333,67,G4,0.22,0,-0.24
35445,1181.500,74,D5,0.22,0,-0.24
35450,1181.667,71,B4,0.22,0,-0.24
35455,1181.833,74,D5,0.22,0,-0.24
35400,1180.000,0,C-1,0.1,2,0
35415,1180.500,0,C-1,0.1,3,0
35430,1181.000,0,C-1,0.1,2,0
35445,1181.500,0,C-1,0.1,3,0
35460,1182.000,76,E5,0.67,0,0.16
35475,1182.500,74,D5,0.48,0,0.16
35490,1183.000,72,C5,0.67,0,0.16
35505,1183.500,72,C5,0.48,0,0.16
35460,1182.000,36,C2,0.6,1,-0.12
35490,1183.000,43,G2,0.39,1,-0.12
35460,1182.000,60,C4,0.22,0,-0.24
35465,1182.167,67,G4,0.22,0,-0.24
35470,1182.333,64,E4,0.22,0,-0.24
35475,1182.500,67,G4,0.22,0,-0.24
35480,1182.667,60,C4,0.22,0,-0.24
35485,1182.833,67,G4,0.22,0,-0.24
35490,1183.000,64,E4,0.22,0,-0.24
35495,1183.167,67,G4,0.22,0,-0.24
35500,1183.333,60,C4,0.22,0,-0.24
35505,1183.500,67,G4,0.22,0,-0.24
35510,1183.667,64,E4,0.22,0,-0.24
35515,1183.833,67,G4,0.22,0,-0.24
35460,1182.000,0,C-1,0.1,2,0
35475,1182.500,0,C-1,0.1,3,0
35490,1183.000,0,C-1,0.1,2,0
35505,1183.500,0,C-1,0.1,3,0
35520,1184.000,76,E5,0.67,0,0.16
35535,1184.500,74,D5,0.48,0,0.16
35550,1185.000,72,C5,0.67,0,0.16
35565,1185.500,76,E5,0.48,0,0.16
35520,1184.000,36,C2,0.6,1,-0.12
35550,1185.000,43,G2,0.39,1,-0.12
35520,1184.000,60,C4,0.22,0,-0.24
35525,1184.167,67,G4,0.22,0,-0.24
35530,1184.333,64,E4,0.22,0,-0.24
35535,1184.500,67,G4,0.22,0,-0.24
35540,1184.667,60,C4,0.22,0,-0.24
35545,1184.833,67,G4,0.22,0,-0.24
35550,1185.000,64,E4,0.22,0,-0.24
35555,1185.167,67,G4,0.22,0,-0.24
35560,1185.333,60,C4,0.22,0,-0.24
35565,1185.500,67,G4,0.22,0,-0.24
35570,1185.667,64,E4,0.22,0,-0.24
35575,1185.833,67,G4,0.22,0,-0.24
35520,1184.000,0,C-1,0.1,2,0
35535,1184.500,0,C-1,0.1,3,0
35550,1185.000,0,C-1,0.1,2,0
35565,1185.500,0,C-1,0.1,3,0
35580,1186.000,77,F5,0.67,0,0.16
35595,1186.500,76,E5,0.48,0,0.16
35610,1187.000,74,D5,0.67,0,0.16
35625,1187.500,72,C5,0.48,0,0.16
35580,1186.000,41,F2,0.6,1,-0.12
35610,1187.000,48,C3,0.39,1,-0.12
35580,1186.000,65,F4,0.22,0,-0.24
35585,1186.167,72,C5,0.22,0,-0.24
35590,1186.333,69,A4,0.22,0,-0.24
35595,1186.500,72,C5,0.22,0,-0.24
35600,1186.667,65,F4,0.22,0,-0.24
35605,1186.833,72,C5,0.22,0,-0.24
35610,1187.000,69,A4,0.22,0,-0.24
35615,1187.167,72,C5,0.22,0,-0.24
35620,1187.333,65,F4,0.22,0,-0.24
35625,1187.500,72,C5,0.22,0,-0.24
35630,1187.667,69,A4,0.22,0,-0.24
35635,1187.833,72,C5,0.22,0,-0.24
35580,1186.000,0,C-1,0.1,2,0
35595,1186.500,0,C-1,0.1,3,0
35610,1187.000,0,C-1,0.1,2,0
35625,1187.500,0,C-1,0.1,3,0
35640,1188.000,74,D5,0.67,0,0.16
35655,1188.500,76,E5,0.48,0,0.16
35670,1189.000,74,D5,0.67,0,0.16
35685,1189.500,79,G5,0.48,0,0.16
35640,1188.000,43,G2,0.6,1,-0.12
35670,1189.000,50,D3,0.39,1,-0.12
35640,1188.000,67,G4,0.22,0,-0.24
35645,1188.167,74,D5,0.22,0,-0.24
35650,1188.333,71,B4,0.22,0,-0.24
35655,1188.500,74,D5,0.22,0,-0.24
35660,1188.667,67,G4,0.22,0,-0.24
35665,1188.833,74,D5,0.22,0,-0.24
35670,1189.000,71,B4,0.22,0,-0.24
35675,1189.167,74,D5,0.22,0,-0.24
35680,1189.333,67,G4,0.22,0,-0.24
35685,1189.500,74,D5,0.22,0,-0.24
35690,1189.667,71,B4,0.22,0,-0.24
35695,1189.833,74,D5,0.22,0,-0.24
35640,1188.000,0,C-1,0.1,2,0
35655,1188.500,0,C-1,0.1,3,0
35670,1189.000,0,C-1,0.1,2,0
35685,1189.500,0,C-1,0.1,3,0
35700,1190.000,76,E5,0.67,0,0.16
35715,1190.500,74,D5,0.48,0,0.16
35730,1191.000,72,C5,0.67,0,0.16
35745,1191.500,72,C5,0.48,0,0.16
35700,1190.000,36,C2,0.6,1,-0.12
35730,1191.000,43,G2,0.39,1,-0.12
35700,1190.000,60,C4,0.22,0,-0.24
35705,1190.167,67,G4,0.22,0,-0.24
35710,1190.333,64,E4,0.22,0,-0.24
35715,1190.500,67,G4,0.22,0,-0.24
35720,1190.667,60,C4,0.22,0,-0.24
35725,1190.833,67,G4,0.22,0,-0.24
35730,1191.000,64,E4,0.22,0,-0.24
35735,1191.167,67,G4,0.22,0,-0.24
35740,1191.333,60,C4,0.22,0,-0.24
35745,1191.500,67,G4,0.22,0,-0.24
35750,1191.667,64,E4,0.22,0,-0.24
35755,1191.833,67,G4,0.22,0,-0.24
35700,1190.000,0,C-1,0.1,2,0
35715,1190.500,0,C-1,0.1,3,0
35730,1191.000,0,C-1,0.1,2,0
35745,1191.500,0,C-1,0.1,3,0
35760,1192.000,79,G5,0.67,0,0.16
35775,1192.500,76,E5,0.48,0,0.16
35790,1193.000,74,D5,0.67,0,0.16
35805,1193.500,72,C5,0.48,0,0.16
35760,1192.000,36,C2,0.6,1,-0.12
35790,1193.000,43,G2,0.39,1,-0.12
35760,1192.000,60,C4,0.22,0,-0.24
35765,1192.167,67,G4,0.22,0,-0.24
35770,1192.333,64,E4,0.22,0,-0.24
35775,1192.500,67,G4,0.22,0,-0.24
35780,1192.667,60,C4,0.22,0,-0.24
35785,1192.833,67,G4,0.22,0,-0.24
35790,1193.000,64,E4,0.22,0,-0.24
35795,1193.167,67,G4,0.22,0,-0.24
35800,1193.333,60,C4,0.22,0,-0.24
35805,1193.500,67,G4,0.22,0,-0.24
35810,1193.667,64,E4,0.22,0,-0.24
35815,1193.833,67,G4,0.22,0,-0.24
35760,1192.000,0,C-1,0.1,2,0
35775,1192.500,0,C-1,0.1,3,0
35790,1193.000,0,C-1,0.1,2,0
35805,1193.500,0,C-1,0.1,3,0
35820,1194.000,77,F5,0.67,0,0.16
35835,1194.500,79,G5,0.48,0,0.16
35850,1195.000,81,A5,0.67,0,0.16
35865,1195.500,77,F5,0.48,0,0.16
35820,1194.000,41,F2,0.6,1,-0.12
35850,1195.000,48,C3,0.39,1,-0.12
35820,1194.000,65,F4,0.22,0,-0.24
35825,1194.167,72,C5,0.22,0,-0.24
35830,1194.333,69,A4,0.22,0,-0.24
35835,1194.500,72,C5,0.22,0,-0.24
35840,1194.667,65,F4,0.22,0,-0.24
35845,1194.833,72,C5,0.22,0,-0.24
35850,1195.000,69,A4,0.22,0,-0.24
35855,1195.167,72,C5,0.22,0,-0.24
35860,1195.333,65,F4,0.22,0,-0.24
35865,1195.500,72,C5,0.22,0,-0.24
35870,1195.667,69,A4,0.22,0,-0.24
35875,1195.833,72,C5,0.22,0,-0.24
35820,1194.000,0,C-1,0.1,2,0
35835,1194.500,0,C-1,0.1,3,0
35850,1195.000,0,C-1,0.1,2,0
35865,1195.500,0,C-1,0.1,3,0
35880,1196.000,79,G5,0.67,0,0.16
35895,1196.500,77,F5,0.48,0,0.16
35910,1197.000,74,D5,0.67,0,0.16
35925,1197.500,79,G5,0.48,0,0.16
35880,1196.000,43,G2,0.6,1,-0.12
35910,1197.000,50,D3,0.39,1,-0.12
35880,1196.000,67,G4,0.22,0,-0.24
35885,1196.167,74,D5,0.22,0,-0.24
35890,1196.333,71,B4,0.22,0,-0.24
35895,1196.500,74,D5,0.22,0,-0.24
35900,1196.667,67,G4,0.22,0,-0.24
35905,1196.833,74,D5,0.22,0,-0.24
35910,1197.000,71,B4,0.22,0,-0.24
35915,1197.167,74,D5,0.22,0,-0.24
35920,1197.333,67,G4,0.22,0,-0.24
35925,1197.500,74,D5,0.22,0,-0.24
35930,1197.667,71,B4,0.22,0,-0.24
35935,1197.833,74,D5,0.22,0,-0.24
35880,1196.000,0,C-1,0.1,2,0
35895,1196.500,0,C-1,0.1,3,0
35910,1197.000,0,C-1,0.1,2,0
35925,1197.500,0,C-1,0.1,3,0
35940,1198.000,76,E5,0.67,0,0.16
35955,1198.500,74,D5,0.48,0,0.16
35970,1199.000,72,C5,0.67,0,0.16
35985,1199.500,72,C5,0.48,0,0.16
35940,1198.000,36,C2,0.6,1,-0.12
35970,1199.000,43,G2,0.39,1,-0.12
35940,1198.000,60,C4,0.22,0,-0.24
35945,1198.167,67,G4,0.22,0,-0.24
35950,1198.333,64,E4,0.22,0,-0.24
35955,1198.500,67,G4,0.22,0,-0.24
35960,1198.667,60,C4,0.22,0,-0.24
35965,1198.833,67,G4,0.22,0,-0.24
35970,1199.000,64,E4,0.22,0,-0.24
35975,1199.167,67,G4,0.22,0,-0.24
35980,1199.333,60,C4,0.22,0,-0.24
35985,1199.500,67,G4,0.22,0,-0.24
35990,1199.667,64,E4,0.22,0,-0.24
35995,1199.833,67,G4,0.22,0,-0.24
35940,1198.000,0,C-1,0.1,2,0
35955,1198.500,0,C-1,0.1,3,0
35970,1199.000,0,C-1,0.1,2,0
35985,1199.500,0,C-1,0.1,3,0
36000,1200.000,76,E5,0.67,0,0.16
36015,1200.500,74,D5,0.48,0,0.16
36030,1201.000,72,C5,0.67,0,0.16
36045,1201.500,76,E5,0.48,0,0.16
36000,1200.000,36,C2,0.6,1,-0.12
36030,1201.000,43,G2,0.39,1,-0.12
36000,1200.000,60,C4,0.22,0,-0.24
36005,1200.167,67,G4,0.22,0,-0.24
36010,1200.333,64,E4,0.22,0,-0.24
36015,1200.500,67,G4,0.22,0,-0.24
36020,1200.667,60,C4,0.22,0,-0.24
36025,1200.833,67,G4,0.22,0,-0.24
36030,1201.000,64,E4,0.22,0,-0.24
36035,1201.167,67,G4,0.22,0,-0.24
36040,1201.333,60,C4,0.22,0,-0.24
36045,1201.500,67,G4,0.22,0,-0.24
36050,1201.667,64,E4,0.22,0,-0.24
36055,1201.833,67,G4,0.22,0,-0.24
36000,1200.000,0,C-1,0.1,2,0
36015,1200.500,0,C-1,0.1,3,0
36030,1201.000,0,C-1,0.1,2,0
36045,1201.500,0,C-1,0.1,3,0
36060,1202.000,77,F5,0.67,0,0.16
36075,1202.500,76,E5,0.48,0,0.16
36090,1203.000,74,D5,0.67,0,0.16
36105,1203.500,72,C5,0.48,0,0.16
36060,1202.000,41,F2,0.6,1,-0.12
36090,1203.000,48,C3,0.39,1,-0.12
36060,1202.000,65,F4,0.22,0,-0.24
36065,1202.167,72,C5,0.22,0,-0.24
36070,1202.333,69,A4,0.22,0,-0.24
36075,1202.500,72,C5,0.22,0,-0.24
36080,1202.667,65,F4,0.22,0,-0.24
36085,1202.833,72,C5,0.22,0,-0.24
36090,1203.000,69,A4,0.22,0,-0.24
36095,1203.167,72,C5,0.22,0,-0.24
36100,1203.333,65,F4,0.22,0,-0.24
36105,1203.500,72,C5,0.22,0,-0.24
36110,1203.667,69,A4,0.22,0,-0.24
36115,1203.833,72,C5,0.22,0,-0.24
36060,1202.000,0,C-1,0.1,2,0
36075,1202.500,0,C-1,0.1,3,0
36090,1203.000,0,C-1,0.1,2,0
36105,1203.500,0,C-1,0.1,3,0
36120,1204.000,74,D5,0.67,0,0.16
36135,1204.500,76,E5,0.48,0,0.16
36150,1205.000,74,D5,0.67,0,0.16
36165,1205.500,79,G5,0.48,0,0.16
36120,1204.000,43,G2,0.6,1,-0.12
36150,1205.000,50,D3,0.39,1,-0.12
36120,1204.000,67,G4,0.22,0,-0.24
36125,1204.167,74,D5,0.22,0,-0.24
36130,1204.333,71,B4,0.22,0,-0.24
36135,1204.500,74,D5,0.22,0,-0.24
36140,1204.667,67,G4,0.22,0,-0.24
36145,1204.833,74,D5,0.22,0,-0.24
36150,1205.000,71,B4,0.22,0,-0.24
36155,1205.167,74,D5,0.22,0,-0.24
36160,1205.333,67,G4,0.22,0,-0.24
36165,1205.500,74,D5,0.22,0,-0.24
36170,1205.667,71,B4,0.22,0,-0.24
36175,1205.833,74,D5,0.22,0,-0.24
36120,1204.000,0,C-1,0.1,2,0
36135,1204.500,0,C-1,0.1,3,0
36150,1205.000,0,C-1,0.1,2,0
36165,1205.500,0,C-1,0.1,3,0
36180,1206.000,76,E5,0.67,0,0.16
36195,1206.500,74,D5,0.48,0,0.16
36210,1207.000,72,C5,0.67,0,0.16
36225,1207.500,72,C5,0.48,0,0.16
36180,1206.000,36,C2,0.6,1,-0.12
36210,1207.000,43,G2,0.39,1,-0.12
36180,1206.000,60,C4,0.22,0,-0.24
36185,1206.167,67,G4,0.22,0,-0.24
36190,1206.333,64,E4,0.22,0,-0.24
36195,1206.500,67,G4,0.22,0,-0.24
36200,1206.667,60,C4,0.22,0,-0.24
36205,1206.833,67,G4,0.22,0,-0.24
36210,1207.000,64,E4,0.22,0,-0.24
36215,1207.167,67,G4,0.22,0,-0.24
36220,1207.333,60,C4,0.22,0,-0.24
36225,1207.500,67,G4,0.22,0,-0.24
36230,1207.667,64,E4,0.22,0,-0.24
36235,1207.833,67,G4,0.22,0,-0.24
36180,1206.000,0,C-1,0.1,2,0
36195,1206.500,0,C-1,0.1,3,0
36210,1207.000,0,C-1,0.1,2,0
36225,1207.500,0,C-1,0.1,3,0
36240,1208.000,79,G5,0.67,0,0.16
36255,1208.500,76,E5,0.48,0,0.16
36270,1209.000,74,D5,0.67,0,0.16
36285,1209.500,72,C5,0.48,0,0.16
36240,1208.000,36,C2,0.6,1,-0.12
36270,1209.000,43,G2,0.39,1,-0.12
36240,1208.000,60,C4,0.22,0,-0.24
36245,1208.167,67,G4,0.22,0,-0.24
36250,1208.333,64,E4,0.22,0,-0.24
36255,1208.500,67,G4,0.22,0,-0.24
36260,1208.667,60,C4,0.22,0,-0.24
36265,1208.833,67,G4,0.22,0,-0.24
36270,1209.000,64,E4,0.22,0,-0.24
36275,1209.167,67,G4,0.22,0,-0.24
36280,1209.333,60,C4,0.22,0,-0.24
36285,1209.500,67,G4,0.22,0,-0.24
36290,1209.667,64,E4,0.22,0,-0.24
36295,1209.833,67,G4,0.22,0,-0.24
36240,1208.000,0,C-1,0.1,2,0
36255,1208.500,0,C-1,0.1,3,0
36270,1209.000,0,C-1,0.1,2,0
36285,1209.500,0,C-1,0.1,3,0
36300,1210.000,77,F5,0.67,0,0.16
36315,1210.500,79,G5,0.48,0,0.16
36330,1211.000,81,A5,0.67,0,0.16
36345,1211.500,77,F5,0.48,0,0.16
36300,1210.000,41,F2,0.6,1,-0.12
36330,1211.000,48,C3,0.39,1,-0.12
36300,1210.000,65,F4,0.22,0,-0.24
36305,1210.167,72,C5,0.22,0,-0.24
36310,1210.333,69,A4,0.22,0,-0.24
36315,1210.500,72,C5,0.22,0,-0.24
36320,1210.667,65,F4,0.22,0,-0.24
36325,1210.833,72,C5,0.22,0,-0.24
36330,1211.000,69,A4,0.22,0,-0.24
36335,1211.167,72,C5,0.22,0,-0.24
36340,1211.333,65,F4,0.22,0,-0.24
36345,1211.500,72,C5,0.22,0,-0.24
36350,1211.667,69,A4,0.22,0,-0.24
36355,1211.833,72,C5,0.22,0,-0.24
36300,1210.000,0,C-1,0.1,2,0
36315,1210.500,0,C-1,0.1,3,0
36330,1211.000,0,C-1,0.1,2,0
36345,1211.500,0,C-1,0.1,3,0
36360,1212.000,79,G5,0.67,0,0.16
36360,1212.000,43,G2,0.6,1,-0.12
36360,1212.000,67,G4,0.22,0,-0.24
36365,1212.167,74,D5,0.22,0,-0.24
36370,1212.333,71,B4,0.22,0,-0.24
36360,1212.000,0,C-1,0.1,2,0
36285,1209.500,72,C5,0.8,4,0
36285,1209.500,60,C4,0.4,4,0