frame,seconds,midi,note,velocity,instrument,pan
0,0.000,76,E5,0.67,0,0.16
15,0.500,74,D5,0.48,0,0.16
30,1.000,72,C5,0.67,0,0.16
45,1.500,76,E5,0.48,0,0.16
0,0.000,36,C2,0.6,1,-0.12
30,1.000,43,G2,0.39,1,-0.12
0,0.000,0,C-1,0.1,2,0
15,0.500,0,C-1,0.1,3,0
30,1.000,0,C-1,0.1,2,0
45,1.500,0,C-1,0.1,3,0
60,2.000,77,F5,0.67,0,0.16
75,2.500,76,E5,0.48,0,0.16
90,3.000,74,D5,0.67,0,0.16
105,3.500,72,C5,0.48,0,0.16
60,2.000,41,F2,0.6,1,-0.12
90,3.000,48,C3,0.39,1,-0.12
60,2.000,0,C-1,0.1,2,0
75,2.500,0,C-1,0.1,3,0
90,3.000,0,C-1,0.1,2,0
105,3.500,0,C-1,0.1,3,0
120,4.000,74,D5,0.67,0,0.16
135,4.500,76,E5,0.48,0,0.16
150,5.000,74,D5,0.67,0,0.16
165,5.500,79,G5,0.48,0,0.16
120,4.000,43,G2,0.6,1,-0.12
150,5.000,50,D3,0.39,1,-0.12
120,4.000,0,C-1,0.1,2,0
135,4.500,0,C-1,0.1,3,0
150,5.000,0,C-1,0.1,2,0
165,5.500,0,C-1,0.1,3,0
180,6.000,76,E5,0.67,0,0.16
195,6.500,74,D5,0.48,0,0.16
210,7.000,72,C5,0.67,0,0.16
225,7.500,72,C5,0.48,0,0.16
180,6.000,36,C2,0.6,1,-0.12
210,7.000,43,G2,0.39,1,-0.12
180,6.000,0,C-1,0.1,2,0
195,6.500,0,C-1,0.1,3,0
210,7.000,0,C-1,0.1,2,0
225,7.500,0,C-1,0.1,3,0
240,8.000,79,G5,0.67,0,0.16
255,8.500,76,E5,0.48,0,0.16
270,9.000,74,D5,0.67,0,0.16
285,9.500,72,C5,0.48,0,0.16
240,8.000,36,C2,0.6,1,-0.12
270,9.000,43,G2,0.39,1,-0.12
240,8.000,0,C-1,0.1,2,0
255,8.500,0,C-1,0.1,3,0
270,9.000,0,C-1,0.1,2,0
285,9.500,0,C-1,0.1,3,0
300,10.000,77,F5,0.67,0,0.16
315,10.500,79,G5,0.48,0,0.16
330,11.000,81,A5,0.67,0,0.16
345,11.500,77,F5,0.48,0,0.16
300,10.000,41,F2,0.6,1,-0.12
330,11.000,48,C3,0.39,1,-0.12
300,10.000,0,C-1,0.1,2,0
315,10.500,0,C-1,0.1,3,0
330,11.000,0,C-1,0.1,2,0
345,11.500,0,C-1,0.1,3,0
360,12.000,79,G5,0.67,0,0.16
375,12.500,77,F5,0.48,0,0.16
390,13.000,74,D5,0.67,0,0.16
405,13.500,79,G5,0.48,0,0.16
360,12.000,43,G2,0.6,1,-0.12
390,13.000,50,D3,0.39,1,-0.12
360,12.000,0,C-1,0.1,2,0
375,12.500,0,C-1,0.1,3,0
390,13.000,0,C-1,0.1,2,0
405,13.500,0,C-1,0.1,3,0
420,14.000,76,E5,0.67,0,0.16
435,14.500,74,D5,0.48,0,0.16
450,15.000,72,C5,0.67,0,0.16
465,15.500,72,C5,0.48,0,0.16
420,14.000,36,C2,0.6,1,-0.12
450,15.000,43,G2,0.39,1,-0.12
420,14.000,0,C-1,0.1,2,0
435,14.500,0,C-1,0.1,3,0
450,15.000,0,C-1,0.1,2,0
465,15.500,0,C-1,0.1,3,0
480,16.000,76,E5,0.67,0,0.16
495,16.500,74,D5,0.48,0,0.16
510,17.000,72,C5,0.67,0,0.16
525,17.500,76,E5,0.48,0,0.16
480,16.000,36,C2,0.6,1,-0.12
510,17.000,43,G2,0.39,1,-0.12
480,16.000,0,C-1,0.1,2,0
495,16.500,0,C-1,0.1,3,0
510,17.000,0,C-1,0.1,2,0
525,17.500,0,C-1,0.1,3,0
540,18.000,77,F5,0.67,0,0.16
555,18.500,76,E5,0.48,0,0.16
570,19.000,74,D5,0.67,0,0.16
585,19.500,72,C5,0.48,0,0.16
540,18.000,41,F2,0.6,1,-0.12
570,19.000,48,C3,0.39,1,-0.12
540,18.000,65,F4,0.22,0,-0.24
545,18.167,72,C5,0.22,0,-0.24
550,18.333,69,A4,0.22,0,-0.24
555,18.500,72,C5,0.22,0,-0.24
560,18.667,65,F4,0.22,0,-0.24
565,18.833,72,C5,0.22,0,-0.24
570,19.000,69,A4,0.22,0,-0.24
575,19.167,72,C5,0.22,0,-0.24
580,19.333,65,F4,0.22,0,-0.24
585,19.500,72,C5,0.22,0,-0.24
590,19.667,69,A4,0.22,0,-0.24
595,19.833,72,C5,0.22,0,-0.24
540,18.000,0,C-1,0.1,2,0
555,18.500,0,C-1,0.1,3,0
570,19.000,0,C-1,0.1,2,0
585,19.500,0,C-1,0.1,3,0
600,20.000,74,D5,0.67,0,0.16
615,20.500,76,E5,0.48,0,0.16
630,21.000,74,D5,0.67,0,0.16
645,21.500,79,G5,0.48,0,0.16
600,20.000,43,G2,0.6,1,-0.12
630,21.000,50,D3,0.39,1,-0.12
600,20.000,67,G4,0.22,0,-0.24
605,20.167,74,D5,0.22,0,-0.24
610,20.333,71,B4,0.22,0,-0.24
615,20.500,74,D5,0.22,0,-0.24
620,20.667,67,G4,0.22,0,-0.24
625,20.833,74,D5,0.22,0,-0.24
630,21.000,71,B4,0.22,0,-0.24
635,21.167,74,D5,0.22,0,-0.24
640,21.333,67,G4,0.22,0,-0.24
645,21.500,74,D5,0.22,0,-0.24
650,21.667,71,B4,0.22,0,-0.24
655,21.833,74,D5,0.22,0,-0.24
600,20.000,0,C-1,0.1,2,0
615,20.500,0,C-1,0.1,3,0
630,21.000,0,C-1,0.1,2,0
645,21.500,0,C-1,0.1,3,0
660,22.000,76,E5,0.67,0,0.16
675,22.500,74,D5,0.48,0,0.16
690,23.000,72,C5,0.67,0,0.16
705,23.500,72,C5,0.48,0,0.16
660,22.000,36,C2,0.6,1,-0.12
690,23.000,43,G2,0.39,1,-0.12
660,22.000,60,C4,0.22,0,-0.24
665,22.167,67,G4,0.22,0,-0.24
670,22.333,64,E4,0.22,0,-0.24
675,22.500,67,G4,0.22,0,-0.24
680,22.667,60,C4,0.22,0,-0.24
685,22.833,67,G4,0.22,0,-0.24
690,23.000,64,E4,0.22,0,-0.24
695,23.167,67,G4,0.22,0,-0.24
700,23.333,60,C4,0.22,0,-0.24
705,23.500,67,G4,0.22,0,-0.24
710,23.667,64,E4,0.22,0,-0.24
715,23.833,67,G4,0.22,0,-0.24
660,22.000,0,C-1,0.1,2,0
675,22.500,0,C-1,0.1,3,0
690,23.000,0,C-1,0.1,2,0
705,23.500,0,C-1,0.1,3,0
720,24.000,79,G5,0.67,0,0.16
735,24.500,76,E5,0.48,0,0.16
750,25.000,74,D5,0.67,0,0.16
765,25.500,72,C5,0.48,0,0.16
720,24.000,36,C2,0.6,1,-0.12
750,25.000,43,G2,0.39,1,-0.12
720,24.000,60,C4,0.22,0,-0.24
725,24.167,67,G4,0.22,0,-0.24
730,24.333,64,E4,0.22,0,-0.24
735,24.500,67,G4,0.22,0,-0.24
740,24.667,60,C4,0.22,0,-0.24
745,24.833,67,G4,0.22,0,-0.24
750,25.000,64,E4,0.22,0,-0.24
755,25.167,67,G4,0.22,0,-0.24
760,25.333,60,C4,0.22,0,-0.24
765,25.500,67,G4,0.22,0,-0.24
770,25.667,64,E4,0.22,0,-0.24
775,25.833,67,G4,0.22,0,-0.24
720,24.000,0,C-1,0.1,2,0
735,24.500,0,C-1,0.1,3,0
750,25.000,0,C-1,0.1,2,0
765,25.500,0,C-1,0.1,3,0
780,26.000,77,F5,0.67,0,0.16
795,26.500,79,G5,0.48,0,0.16
810,27.000,81,A5,0.67,0,0.16
825,27.500,77,F5,0.48,0,0.16
780,26.000,41,F2,0.6,1,-0.12
810,27.000,48,C3,0.39,1,-0.12
780,26.000,65,F4,0.22,0,-0.24
785,26.167,72,C5,0.22,0,-0.24
790,26.333,69,A4,0.22,0,-0.24
795,26.500,72,C5,0.22,0,-0.24
800,26.667,65,F4,0.22,0,-0.24
805,26.833,72,C5,0.22,0,-0.24
810,27.000,69,A4,0.22,0,-0.24
815,27.167,72,C5,0.22,0,-0.24
820,27.333,65,F4,0.22,0,-0.24
825,27.500,72,C5,0.22,0,-0.24
830,27.667,69,A4,0.22,0,-0.24
835,27.833,72,C5,0.22,0,-0.24
780,26.000,0,C-1,0.1,2,0
795,26.500,0,C-1,0.1,3,0
810,27.000,0,C-1,0.1,2,0
825,27.500,0,C-1,0.1,3,0
840,28.000,79,G5,0.67,0,0.16
855,28.500,77,F5,0.48,0,0.16
870,29.000,74,D5,0.67,0,0.16
885,29.500,79,G5,0.48,0,0.16
840,28.000,43,G2,0.6,1,-0.12
870,29.000,50,D3,0.39,1,-0.12
840,28.000,67,G4,0.22,0,-0.24
845,28.167,74,D5,0.22,0,-0.24
850,28.333,71,B4,0.22,0,-0.24
855,28.500,74,D5,0.22,0,-0.24
860,28.667,67,G4,0.22,0,-0.24
865,28.833,74,D5,0.22,0,-0.24
870,29.000,71,B4,0.22,0,-0.24
875,29.167,74,D5,0.22,0,-0.24
880,29.333,67,G4,0.22,0,-0.24
885,29.500,74,D5,0.22,0,-0.24
890,29.667,71,B4,0.22,0,-0.24
895,29.833,74,D5,0.22,0,-0.24
840,28.000,0,C-1,0.1,2,0
855,28.500,0,C-1,0.1,3,0
870,29.000,0,C-1,0.1,2,0
885,29.500,0,C-1,0.1,3,0
900,30.000,76,E5,0.67,0,0.16
915,30.500,74,D5,0.48,0,0.16
930,31.000,72,C5,0.67,0,0.16
945,31.500,72,C5,0.48,0,0.16
900,30.000,36,C2,0.6,1,-0.12
930,31.000,43,G2,0.39,1,-0.12
900,30.000,60,C4,0.22,0,-0.24
905,30.167,67,G4,0.22,0,-0.24
910,30.333,64,E4,0.22,0,-0.24
915,30.500,67,G4,0.22,0,-0.24
920,30.667,60,C4,0.22,0,-0.24
925,30.833,67,G4,0.22,0,-0.24
930,31.000,64,E4,0.22,0,-0.24
935,31.167,67,G4,0.22,0,-0.24
940,31.333,60,C4,0.22,0,-0.24
945,31.500,67,G4,0.22,0,-0.24
950,31.667,64,E4,0.22,0,-0.24
955,31.833,67,G4,0.22,0,-0.24
900,30.000,0,C-1,0.1,2,0
915,30.500,0,C-1,0.1,3,0
930,31.000,0,C-1,0.1,2,0
945,31.500,0,C-1,0.1,3,0
960,32.000,76,E5,0.67,0,0.16
975,32.500,74,D5,0.48,0,0.16
990,33.000,72,C5,0.67,0,0.16
1005,33.500,76,E5,0.48,0,0.16
960,32.000,36,C2,0.6,1,-0.12
990,33.000,43,G2,0.39,1,-0.12
960,32.000,60,C4,0.22,0,-0.24
965,32.167,67,G4,0.22,0,-0.24
970,32.333,64,E4,0.22,0,-0.24
975,32.500,67,G4,0.22,0,-0.24
980,32.667,60,C4,0.22,0,-0.24
985,32.833,67,G4,0.22,0,-0.24
990,33.000,64,E4,0.22,0,-0.24
995,33.167,67,G4,0.22,0,-0.24
1000,33.333,60,C4,0.22,0,-0.24
1005,33.500,67,G4,0.22,0,-0.24
1010,33.667,64,E4,0.22,0,-0.24
1015,33.833,67,G4,0.22,0,-0.24
960,32.000,0,C-1,0.1,2,0
975,32.500,0,C-1,0.1,3,0
990,33.000,0,C-1,0.1,2,0
1005,33.500,0,C-1,0.1,3,0
1020,34.000,77,F5,0.67,0,0.16
1035,34.500,76,E5,0.48,0,0.16
1050,35.000,74,D5,0.67,0,0.16
1065,35.500,72,C5,0.48,0,0.16
1020,34.000,41,F2,0.6,1,-0.12
1050,35.000,48,C3,0.39,1,-0.12
1020,34.000,65,F4,0.22,0,-0.24
1025,34.167,72,C5,0.22,0,-0.24
1030,34.333,69,A4,0.22,0,-0.24
1035,34.500,72,C5,0.22,0,-0.24
1040,34.667,65,F4,0.22,0,-0.24
1045,34.833,72,C5,0.22,0,-0.24
1050,35.000,69,A4,0.22,0,-0.24
1055,35.167,72,C5,0.22,0,-0.24
1060,35.333,65,F4,0.22,0,-0.24
1065,35.500,72,C5,0.22,0,-0.24
1070,35.667,69,A4,0.22,0,-0.24
1075,35.833,72,C5,0.22,0,-0.24
1020,34.000,0,C-1,0.1,2,0
1035,34.500,0,C-1,0.1,3,0
1050,35.000,0,C-1,0.1,2,0
1065,35.500,0,C-1,0.1,3,0
1080,36.000,74,D5,0.67,0,0.16
1095,36.500,76,E5,0.48,0,0.16
1110,37.000,74,D5,0.67,0,0.16
1125,37.500,79,G5,0.48,0,0.16
1080,36.000,43,G2,0.6,1,-0.12
1110,37.000,50,D3,0.39,1,-0.12
1080,36.000,67,G4,0.22,0,-0.24
1085,36.167,74,D5,0.22,0,-0.24
1090,36.333,71,B4,0.22,0,-0.24
1095,36.500,74,D5,0.22,0,-0.24
1100,36.667,67,G4,0.22,0,-0.24
1105,36.833,74,D5,0.22,0,-0.24
1110,37.000,71,B4,0.22,0,-0.24
1115,37.167,74,D5,0.22,0,-0.24
1120,37.333,67,G4,0.22,0,-0.24
1125,37.500,74,D5,0.22,0,-0.24
1130,37.667,71,B4,0.22,0,-0.24
1135,37.833,74,D5,0.22,0,-0.24
1080,36.000,0,C-1,0.1,2,0
1095,36.500,0,C-1,0.1,3,0
1110,37.000,0,C-1,0.1,2,0
1125,37.500,0,C-1,0.1,3,0
1140,38.000,76,E5,0.67,0,0.16
1155,38.500,74,D5,0.48,0,0.16
1170,39.000,72,C5,0.67,0,0.16
1185,39.500,72,C5,0.48,0,0.16
1140,38.000,36,C2,0.6,1,-0.12
1170,39.000,43,G2,0.39,1,-0.12
1140,38.000,60,C4,0.22,0,-0.24
1145,38.167,67,G4,0.22,0,-0.24
1150,38.333,64,E4,0.22,0,-0.24
1155,38.500,67,G4,0.22,0,-0.24
1160,38.667,60,C4,0.22,0,-0.24
1165,38.833,67,G4,0.22,0,-0.24
1170,39.000,64,E4,0.22,0,-0.24
1175,39.167,67,G4,0.22,0,-0.24
1180,39.333,60,C4,0.22,0,-0.24
1185,39.500,67,G4,0.22,0,-0.24
1190,39.667,64,E4,0.22,0,-0.24
1195,39.833,67,G4,0.22,0,-0.24
1140,38.000,0,C-1,0.1,2,0
1155,38.500,0,C-1,0.1,3,0
1170,39.000,0,C-1,0.1,2,0
1185,39.500,0,C-1,0.1,3,0
1200,40.000,79,G5,0.67,0,0.16
1215,40.500,76,E5,0.48,0,0.16
1230,41.000,74,D5,0.67,0,0.16
1245,41.500,72,C5,0.48,0,0.16
1200,40.000,36,C2,0.6,1,-0.12
1230,41.000,43,G2,0.39,1,-0.12
1200,40.000,60,C4,0.22,0,-0.24
1205,40.167,67,G4,0.22,0,-0.24
1210,40.333,64,E4,0.22,0,-0.24
1215,40.500,67,G4,0.22,0,-0.24
1220,40.667,60,C4,0.22,0,-0.24
1225,40.833,67,G4,0.22,0,-0.24
1230,41.000,64,E4,0.22,0,-0.24
1235,41.167,67,G4,0.22,0,-0.24
1240,41.333,60,C4,0.22,0,-0.24
1245,41.500,67,G4,0.22,0,-0.24
1250,41.667,64,E4,0.22,0,-0.24
1255,41.833,67,G4,0.22,0,-0.24
1200,40.000,0,C-1,0.1,2,0
1215,40.500,0,C-1,0.1,3,0
1230,41.000,0,C-1,0.1,2,0
1245,41.500,0,C-1,0.1,3,0
1260,42.000,77,F5,0.67,0,0.16
1275,42.500,79,G5,0.48,0,0.16
1290,43.000,81,A5,0.67,0,0.16
1305,43.500,77,F5,0.48,0,0.16
1260,42.000,41,F2,0.6,1,-0.12
1290,43.000,48,C3,0.39,1,-0.12
1260,42.000,65,F4,0.22,0,-0.24
1265,42.167,72,C5,0.22,0,-0.24
1270,42.333,69,A4,0.22,0,-0.24
1275,42.500,72,C5,0.22,0,-0.24
1280,42.667,65,F4,0.22,0,-0.24
1285,42.833,72,C5,0.22,0,-0.24
1290,43.000,69,A4,0.22,0,-0.24
1295,43.167,72,C5,0.22,0,-0.24
1300,43.333,65,F4,0.22,0,-0.24
1305,43.500,72,C5,0.22,0,-0.24
1310,43.667,69,A4,0.22,0,-0.24
1315,43.833,72,C5,0.22,0,-0.24
1260,42.000,0,C-1,0.1,2,0
1275,42.500,0,C-1,0.1,3,0
1290,43.000,0,C-1,0.1,2,0
1305,43.500,0,C-1,0.1,3,0
1320,44.000,79,G5,0.67,0,0.16
1335,44.500,77,F5,0.48,0,0.16
1350,45.000,74,D5,0.67,0,0.16
1365,45.500,79,G5,0.48,0,0.16
1320,44.000,43,G2,0.6,1,-0.12
1350,45.000,50,D3,0.39,1,-0.12
1320,44.000,67,G4,0.22,0,-0.24
1325,44.167,74,D5,0.22,0,-0.24
1330,44.333,71,B4,0.22,0,-0.24
1335,44.500,74,D5,0.22,0,-0.24
1340,44.667,67,G4,0.22,0,-0.24
1345,44.833,74,D5,0.22,0,-0.24
1350,45.000,71,B4,0.22,0,-0.24
1355,45.167,74,D5,0.22,0,-0.24
1360,45.333,67,G4,0.22,0,-0.24
1365,45.500,74,D5,0.22,0,-0.24
1370,45.667,71,B4,0.22,0,-0.24
1375,45.833,74,D5,0.22,0,-0.24
1320,44.000,0,C-1,0.1,2,0
1335,44.500,0,C-1,0.1,3,0
1350,45.000,0,C-1,0.1,2,0
1365,45.500,0,C-1,0.1,3,0
1380,46.000,76,E5,0.67,0,0.16
1395,46.500,74,D5,0.48,0,0.16
1410,47.000,72,C5,0.67,0,0.16
1425,47.500,72,C5,0.48,0,0.16
1380,46.000,36,C2,0.6,1,-0.12
1410,47.000,43,G2,0.39,1,-0.12
1380,46.000,60,C4,0.22,0,-0.24
1385,46.167,67,G4,0.22,0,-0.24
1390,46.333,64,E4,0.22,0,-0.24
1395,46.500,67,G4,0.22,0,-0.24
1400,46.667,60,C4,0.22,0,-0.24
1405,46.833,67,G4,0.22,0,-0.24
1410,47.000,64,E4,0.22,0,-0.24
1415,47.167,67,G4,0.22,0,-0.24
1420,47.333,60,C4,0.22,0,-0.24
1425,47.500,67,G4,0.22,0,-0.24
1430,47.667,64,E4,0.22,0,-0.24
1435,47.833,67,G4,0.22,0,-0.24
1380,46.000,0,C-1,0.1,2,0
1395,46.500,0,C-1,0.1,3,0
1410,47.000,0,C-1,0.1,2,0
1425,47.500,0,C-1,0.1,3,0
1440,48.000,76,E5,0.67,0,0.16
1455,48.500,74,D5,0.48,0,0.16
1470,49.000,72,C5,0.67,0,0.16
1485,49.500,76,E5,0.48,0,0.16
1440,48.000,36,C2,0.6,1,-0.12
1470,49.000,43,G2,0.39,1,-0.12
1440,48.000,60,C4,0.22,0,-0.24
1445,48.167,67,G4,0.22,0,-0.24
1450,48.333,64,E4,0.22,0,-0.24
1455,48.500,67,G4,0.22,0,-0.24
1460,48.667,60,C4,0.22,0,-0.24
1465,48.833,67,G4,0.22,0,-0.24
1470,49.000,64,E4,0.22,0,-0.24
1475,49.167,67,G4,0.22,0,-0.24
1480,49.333,60,C4,0.22,0,-0.24
1485,49.500,67,G4,0.22,0,-0.24
1490,49.667,64,E4,0.22,0,-0.24
1495,49.833,67,G4,0.22,0,-0.24
1440,48.000,0,C-1,0.1,2,0
1455,48.500,0,C-1,0.1,3,0
1470,49.000,0,C-1,0.1,2,0
1485,49.500,0,C-1,0.1,3,0
1500,50.000,77,F5,0.67,0,0.16
1515,50.500,76,E5,0.48,0,0.16
1530,51.000,74,D5,0.67,0,0.16
1545,51.500,72,C5,0.48,0,0.16
1500,50.000,41,F2,0.6,1,-0.12
1530,51.000,48,C3,0.39,1,-0.12
1500,50.000,65,F4,0.22,0,-0.24
1505,50.167,72,C5,0.22,0,-0.24
1510,50.333,69,A4,0.22,0,-0.24
1515,50.500,72,C5,0.22,0,-0.24
1520,50.667,65,F4,0.22,0,-0.24
1525,50.833,72,C5,0.22,0,-0.24
1530,51.000,69,A4,0.22,0,-0.24
1535,51.167,72,C5,0.22,0,-0.24
1540,51.333,65,F4,0.22,0,-0.24
1545,51.500,72,C5,0.22,0,-0.24
1550,51.667,69,A4,0.22,0,-0.24
1555,51.833,72,C5,0.22,0,-0.24
1500,50.000,0,C-1,0.1,2,0
1515,50.500,0,C-1,0.1,3,0
1530,51.000,0,C-1,0.1,2,0
1545,51.500,0,C-1,0.1,3,0
1560,52.000,74,D5,0.67,0,0.16
1575,52.500,76,E5,0.48,0,0.16
1590,53.000,74,D5,0.67,0,0.16
1605,53.500,79,G5,0.48,0,0.16
1560,52.000,43,G2,0.6,1,-0.12
1590,53.000,50,D3,0.39,1,-0.12
1560,52.000,67,G4,0.22,0,-0.24
1565,52.167,74,D5,0.22,0,-0.24
1570,52.333,71,B4,0.22,0,-0.24
1575,52.500,74,D5,0.22,0,-0.24
1580,52.667,67,G4,0.22,0,-0.24
1585,52.833,74,D5,0.22,0,-0.24
1590,53.000,71,B4,0.22,0,-0.24
1595,53.167,74,D5,0.22,0,-0.24
1600,53.333,67,G4,0.22,0,-0.24
1605,53.500,74,D5,0.22,0,-0.24
1610,53.667,71,B4,0.22,0,-0.24
1615,53.833,74,D5,0.22,0,-0.24
1560,52.000,0,C-1,0.1,2,0
1575,52.500,0,C-1,0.1,3,0
1590,53.000,0,C-1,0.1,2,0
1605,53.500,0,C-1,0.1,3,0
1620,54.000,76,E5,0.67,0,0.16
1635,54.500,74,D5,0.48,0,0.16
1650,55.000,72,C5,0.67,0,0.16
1665,55.500,72,C5,0.48,0,0.16
1620,54.000,36,C2,0.6,1,-0.12
1650,55.000,43,G2,0.39,1,-0.12
1620,54.000,60,C4,0.22,0,-0.24
1625,54.167,67,G4,0.22,0,-0.24
1630,54.333,64,E4,0.22,0,-0.24
1635,54.500,67,G4,0.22,0,-0.24
1640,54.667,60,C4,0.22,0,-0.24
1645,54.833,67,G4,0.22,0,-0.24
1650,55.000,64,E4,0.22,0,-0.24
1655,55.167,67,G4,0.22,0,-0.24
1660,55.333,60,C4,0.22,0,-0.24
1665,55.500,67,G4,0.22,0,-0.24
1670,55.667,64,E4,0.22,0,-0.24
1675,55.833,67,G4,0.22,0,-0.24
1620,54.000,0,C-1,0.1,2,0
1635,54.500,0,C-1,0.1,3,0
1650,55.000,0,C-1,0.1,2,0
1665,55.500,0,C-1,0.1,3,0
1680,56.000,79,G5,0.67,0,0.16
1695,56.500,76,E5,0.48,0,0.16
1710,57.000,74,D5,0.67,0,0.16
1725,57.500,72,C5,0.48,0,0.16
1680,56.000,36,C2,0.6,1,-0.12
1710,57.000,43,G2,0.39,1,-0.12
1680,56.000,60,C4,0.22,0,-0.24
1685,56.167,67,G4,0.22,0,-0.24
1690,56.333,64,E4,0.22,0,-0.24
1695,56.500,67,G4,0.22,0,-0.24
1700,56.667,60,C4,0.22,0,-0.24
1705,56.833,67,G4,0.22,0,-0.24
1710,57.000,64,E4,0.22,0,-0.24
1715,57.167,67,G4,0.22,0,-0.24
1720,57.333,60,C4,0.22,0,-0.24
1725,57.500,67,G4,0.22,0,-0.24
1730,57.667,64,E4,0.22,0,-0.24
1735,57.833,67,G4,0.22,0,-0.24
1680,56.000,0,C-1,0.1,2,0
1695,56.500,0,C-1,0.1,3,0
1710,57.000,0,C-1,0.1,2,0
1725,57.500,0,C-1,0.1,3,0
1740,58.000,77,F5,0.67,0,0.16
1755,58.500,79,G5,0.48,0,0.16
1770,59.000,81,A5,0.67,0,0.16
1785,59.500,77,F5,0.48,0,0.16
1740,58.000,41,F2,0.6,1,-0.12
1770,59.000,48,C3,0.39,1,-0.12
1740,58.000,65,F4,0.22,0,-0.24
1745,58.167,72,C5,0.22,0,-0.24
1750,58.333,69,A4,0.22,0,-0.24
1755,58.500,72,C5,0.22,0,-0.24
1760,58.667,65,F4,0.22,0,-0.24
1765,58.833,72,C5,0.22,0,-0.24
1770,59.000,69,A4,0.22,0,-0.24
1775,59.167,72,C5,0.22,0,-0.24
1780,59.333,65,F4,0.22,0,-0.24
1785,59.500,72,C5,0.22,0,-0.24
1790,59.667,69,A4,0.22,0,-0.24
1795,59.833,72,C5,0.22,0,-0.24
1740,58.000,0,C-1,0.1,2,0
1755,58.500,0,C-1,0.1,3,0
1770,59.000,0,C-1,0.1,2,0
1785,59.500,0,C-1,0.1,3,0
1800,60.000,79,G5,0.67,0,0.16
1815,60.500,77,F5,0.48,0,0.16
1830,61.000,74,D5,0.67,0,0.16
1845,61.500,79,G5,0.48,0,0.16
1800,60.000,43,G2,0.6,1,-0.12
1830,61.000,50,D3,0.39,1,-0.12
1800,60.000,67,G4,0.22,0,-0.24
1805,60.167,74,D5,0.22,0,-0.24
1810,60.333,71,B4,0.22,0,-0.24
1815,60.500,74,D5,0.22,0,-0.24
1820,60.667,67,G4,0.22,0,-0.24
1825,60.833,74,D5,0.22,0,-0.24
1830,61.000,71,B4,0.22,0,-0.24
1835,61.167,74,D5,0.22,0,-0.24
1840,61.333,67,G4,0.22,0,-0.24
1845,61.500,74,D5,0.22,0,-0.24
1850,61.667,71,B4,0.22,0,-0.24
1855,61.833,74,D5,0.22,0,-0.24
1800,60.000,0,C-1,0.1,2,0
1815,60.500,0,C-1,0.1,3,0
1830,61.000,0,C-1,0.1,2,0
1845,61.500,0,C-1,0.1,3,0
1860,62.000,76,E5,0.67,0,0.16
1875,62.500,74,D5,0.48,0,0.16
1890,63.000,72,C5,0.67,0,0.16
1905,63.500,72,C5,0.48,0,0.16
1860,62.000,36,C2,0.6,1,-0.12
1890,63.000,43,G2,0.39,1,-0.12
1860,62.000,60,C4,0.22,0,-0.24
1865,62.167,67,G4,0.22,0,-0.24
1870,62.333,64,E4,0.22,0,-0.24
1875,62.500,67,G4,0.22,0,-0.24
1880,62.667,60,C4,0.22,0,-0.24
1885,62.833,67,G4,0.22,0,-0.24
1890,63.000,64,E4,0.22,0,-0.24
1895,63.167,67,G4,0.22,0,-0.24
1900,63.333,60,C4,0.22,0,-0.24
1905,63.500,67,G4,0.22,0,-0.24
1910,63.667,64,E4,0.22,0,-0.24
1915,63.833,67,G4,0.22,0,-0.24
1860,62.000,0,C-1,0.1,2,0
1875,62.500,0,C-1,0.1,3,0
1890,63.000,0,C-1,0.1,2,0
1905,63.500,0,C-1,0.1,3,0
1920,64.000,76,E5,0.67,0,0.16
1935,64.500,74,D5,0.48,0,0.16
1950,65.000,72,C5,0.67,0,0.16
1965,65.500,76,E5,0.48,0,0.16
1920,64.000,36,C2,0.6,1,-0.12
1950,65.000,43,G2,0.39,1,-0.12
1920,64.000,60,C4,0.22,0,-0.24
1925,64.167,67,G4,0.22,0,-0.24
1930,64.333,64,E4,0.22,0,-0.24
1935,64.500,67,G4,0.22,0,-0.24
1940,64.667,60,C4,0.22,0,-0.24
1945,64.833,67,G4,0.22,0,-0.24
1950,65.000,64,E4,0.22,0,-0.24
1955,65.167,67,G4,0.22,0,-0.24
1960,65.333,60,C4,0.22,0,-0.24
1965,65.500,67,G4,0.22,0,-0.24
1970,65.667,64,E4,0.22,0,-0.24
1975,65.833,67,G4,0.22,0,-0.24
1920,64.000,0,C-1,0.1,2,0
1935,64.500,0,C-1,0.1,3,0
1950,65.000,0,C-1,0.1,2,0
1965,65.500,0,C-1,0.1,3,0
1980,66.000,77,F5,0.67,0,0.16
1995,66.500,76,E5,0.48,0,0.16
2010,67.000,74,D5,0.67,0,0.16
2025,67.500,72,C5,0.48,0,0.16
1980,66.000,41,F2,0.6,1,-0.12
2010,67.000,48,C3,0.39,1,-0.12
1980,66.000,65,F4,0.22,0,-0.24
1985,66.167,72,C5,0.22,0,-0.24
1990,66.333,69,A4,0.22,0,-0.24
1995,66.500,72,C5,0.22,0,-0.24
2000,66.667,65,F4,0.22,0,-0.24
2005,66.833,72,C5,0.22,0,-0.24
2010,67.000,69,A4,0.22,0,-0.24
2015,67.167,72,C5,0.22,0,-0.24
2020,67.333,65,F4,0.22,0,-0.24
2025,67.500,72,C5,0.22,0,-0.24
2030,67.667,69,A4,0.22,0,-0.24
2035,67.833,72,C5,0.22,0,-0.24
1980,66.000,0,C-1,0.1,2,0
1995,66.500,0,C-1,0.1,3,0
2010,67.000,0,C-1,0.1,2,0
2025,67.500,0,C-1,0.1,3,0
2040,68.000,74,D5,0.67,0,0.16
2055,68.500,76,E5,0.48,0,0.16
2070,69.000,74,D5,0.67,0,0.16
2085,69.500,79,G5,0.48,0,0.16
2040,68.000,43,G2,0.6,1,-0.12
2070,69.000,50,D3,0.39,1,-0.12
2040,68.000,67,G4,0.22,0,-0.24
2045,68.167,74,D5,0.22,0,-0.24
2050,68.333,71,B4,0.22,0,-0.24
2055,68.500,74,D5,0.22,0,-0.24
2060,68.667,67,G4,0.22,0,-0.24
2065,68.833,74,D5,0.22,0,-0.24
2070,69.000,71,B4,0.22,0,-0.24
2075,69.167,74,D5,0.22,0,-0.24
2080,69.333,67,G4,0.22,0,-0.24
2085,69.500,74,D5,0.22,0,-0.24
2090,69.667,71,B4,0.22,0,-0.24
2095,69.833,74,D5,0.22,0,-0.24
2040,68.000,0,C-1,0.1,2,0
2055,68.500,0,C-1,0.1,3,0
2070,69.000,0,C-1,0.1,2,0
2085,69.500,0,C-1,0.1,3,0
2100,70.000,76,E5,0.67,0,0.16
2115,70.500,74,D5,0.48,0,0.16
2130,71.000,72,C5,0.67,0,0.16
2145,71.500,72,C5,0.48,0,0.16
2100,70.000,36,C2,0.6,1,-0.12
2130,71.000,43,G2,0.39,1,-0.12
2100,70.000,60,C4,0.22,0,-0.24
2105,70.167,67,G4,0.22,0,-0.24
2110,70.333,64,E4,0.22,0,-0.24
2115,70.500,67,G4,0.22,0,-0.24
2120,70.667,60,C4,0.22,0,-0.24
2125,70.833,67,G4,0.22,0,-0.24
2130,71.000,64,E4,0.22,0,-0.24
2135,71.167,67,G4,0.22,0,-0.24
2140,71.333,60,C4,0.22,0,-0.24
2145,71.500,67,G4,0.22,0,-0.24
2150,71.667,64,E4,0.22,0,-0.24
2155,71.833,67,G4,0.22,0,-0.24
2100,70.000,0,C-1,0.1,2,0
2115,70.500,0,C-1,0.1,3,0
2130,71.000,0,C-1,0.1,2,0
2145,71.500,0,C-1,0.1,3,0
2160,72.000,79,G5,0.67,0,0.16
2175,72.500,76,E5,0.48,0,0.16
2190,73.000,74,D5,0.67,0,0.16
2205,73.500,72,C5,0.48,0,0.16
2160,72.000,36,C2,0.6,1,-0.12
2190,73.000,43,G2,0.39,1,-0.12
2160,72.000,60,C4,0.22,0,-0.24
2165,72.167,67,G4,0.22,0,-0.24
2170,72.333,64,E4,0.22,0,-0.24
2175,72.500,67,G4,0.22,0,-0.24
2180,72.667,60,C4,0.22,0,-0.24
2185,72.833,67,G4,0.22,0,-0.24
2190,73.000,64,E4,0.22,0,-0.24
2195,73.167,67,G4,0.22,0,-0.24
2200,73.333,60,C4,0.22,0,-0.24
2205,73.500,67,G4,0.22,0,-0.24
2210,73.667,64,E4,0.22,0,-0.24
2215,73.833,67,G4,0.22,0,-0.24
2160,72.000,0,C-1,0.1,2,0
2175,72.500,0,C-1,0.1,3,0
2190,73.000,0,C-1,0.1,2,0
2205,73.500,0,C-1,0.1,3,0
2220,74.000,77,F5,0.67,0,0.16
2235,74.500,79,G5,0.48,0,0.16
2250,75.000,81,A5,0.67,0,0.16
2265,75.500,77,F5,0.48,0,0.16
2220,74.000,41,F2,0.6,1,-0.12
2250,75.000,48,C3,0.39,1,-0.12
2220,74.000,65,F4,0.22,0,-0.24
2225,74.167,72,C5,0.22,0,-0.24
2230,74.333,69,A4,0.22,0,-0.24
2235,74.500,72,C5,0.22,0,-0.24
2240,74.667,65,F4,0.22,0,-0.24
2245,74.833,72,C5,0.22,0,-0.24
2250,75.000,69,A4,0.22,0,-0.24
2255,75.167,72,C5,0.22,0,-0.24
2260,75.333,65,F4,0.22,0,-0.24
2265,75.500,72,C5,0.22,0,-0.24
2270,75.667,69,A4,0.22,0,-0.24
2275,75.833,72,C5,0.22,0,-0.24
2220,74.000,0,C-1,0.1,2,0
2235,74.500,0,C-1,0.1,3,0
2250,75.000,0,C-1,0.1,2,0
2265,75.500,0,C-1,0.1,3,0
2280,76.000,79,G5,0.67,0,0.16
2295,76.500,77,F5,0.48,0,0.16
2310,77.000,74,D5,0.67,0,0.16
2325,77.500,79,G5,0.48,0,0.16
2280,76.000,43,G2,0.6,1,-0.12
2310,77.000,50,D3,0.39,1,-0.12
2280,76.000,67,G4,0.22,0,-0.24
2285,76.167,74,D5,0.22,0,-0.24
2290,76.333,71,B4,0.22,0,-0.24
2295,76.500,74,D5,0.22,0,-0.24
2300,76.667,67,G4,0.22,0,-0.24
2305,76.833,74,D5,0.22,0,-0.24
2310,77.000,71,B4,0.22,0,-0.24
2315,77.167,74,D5,0.22,0,-0.24
2320,77.333,67,G4,0.22,0,-0.24
2325,77.500,74,D5,0.22,0,-0.24
2330,77.667,71,B4,0.22,0,-0.24
2335,77.833,74,D5,0.22,0,-0.24
2280,76.000,0,C-1,0.1,2,0
2295,76.500,0,C-1,0.1,3,0
2310,77.000,0,C-1,0.1,2,0
2325,77.500,0,C-1,0.1,3,0
2340,78.000,76,E5,0.67,0,0.16
2355,78.500,74,D5,0.48,0,0.16
2370,79.000,72,C5,0.67,0,0.16
2385,79.500,72,C5,0.48,0,0.16
2340,78.000,36,C2,0.6,1,-0.12
2370,79.000,43,G2,0.39,1,-0.12
2340,78.000,60,C4,0.22,0,-0.24
2345,78.167,67,G4,0.22,0,-0.24
2350,78.333,64,E4,0.22,0,-0.24
2355,78.500,67,G4,0.22,0,-0.24
2360,78.667,60,C4,0.22,0,-0.24
2365,78.833,67,G4,0.22,0,-0.24
2370,79.000,64,E4,0.22,0,-0.24
2375,79.167,67,G4,0.22,0,-0.24
2380,79.333,60,C4,0.22,0,-0.24
2385,79.500,67,G4,0.22,0,-0.24
2390,79.667,64,E4,0.22,0,-0.24
2395,79.833,67,G4,0.22,0,-0.24
2340,78.000,0,C-1,0.1,2,0
2355,78.500,0,C-1,0.1,3,0
2370,79.000,0,C-1,0.1,2,0
2385,79.500,0,C-1,0.1,3,0
2400,80.000,76,E5,0.67,0,0.16
2415,80.500,74,D5,0.48,0,0.16
2430,81.000,72,C5,0.67,0,0.16
2445,81.500,76,E5,0.48,0,0.16
2400,80.000,36,C2,0.6,1,-0.12
2430,81.000,43,G2,0.39,1,-0.12
2400,80.000,60,C4,0.22,0,-0.24
2405,80.167,67,G4,0.22,0,-0.24
2410,80.333,64,E4,0.22,0,-0.24
2415,80.500,67,G4,0.22,0,-0.24
2420,80.667,60,C4,0.22,0,-0.24
2425,80.833,67,G4,0.22,0,-0.24
2430,81.000,64,E4,0.22,0,-0.24
2435,81.167,67,G4,0.22,0,-0.24
2440,81.333,60,C4,0.22,0,-0.24
2445,81.500,67,G4,0.22,0,-0.24
2450,81.667,64,E4,0.22,0,-0.24
2455,81.833,67,G4,0.22,0,-0.24
2400,80.000,0,C-1,0.1,2,0
2415,80.500,0,C-1,0.1,3,0
2430,81.000,0,C-1,0.1,2,0
2445,81.500,0,C-1,0.1,3,0
2460,82.000,77,F5,0.67,0,0.16
2475,82.500,76,E5,0.48,0,0.16
2490,83.000,74,D5,0.67,0,0.16
2505,83.500,72,C5,0.48,0,0.16
2460,82.000,41,F2,0.6,1,-0.12
2490,83.000,48,C3,0.39,1,-0.12
2460,82.000,65,F4,0.22,0,-0.24
2465,82.167,72,C5,0.22,0,-0.24
2470,82.333,69,A4,0.22,0,-0.24
2475,82.500,72,C5,0.22,0,-0.24
2480,82.667,65,F4,0.22,0,-0.24
2485,82.833,72,C5,0.22,0,-0.24
2490,83.000,69,A4,0.22,0,-0.24
2495,83.167,72,C5,0.22,0,-0.24
2500,83.333,65,F4,0.22,0,-0.24
2505,83.500,72,C5,0.22,0,-0.24
2510,83.667,69,A4,0.22,0,-0.24
2515,83.833,72,C5,0.22,0,-0.24
2460,82.000,0,C-1,0.1,2,0
2475,82.500,0,C-1,0.1,3,0
2490,83.000,0,C-1,0.1,2,0
2505,83.500,0,C-1,0.1,3,0
2520,84.000,74,D5,0.67,0,0.16
2535,84.500,76,E5,0.48,0,0.16
2550,85.000,74,D5,0.67,0,0.16
2565,85.500,79,G5,0.48,0,0.16
2520,84.000,43,G2,0.6,1,-0.12
2550,85.000,50,D3,0.39,1,-0.12
2520,84.000,67,G4,0.22,0,-0.24
2525,84.167,74,D5,0.22,0,-0.24
2530,84.333,71,B4,0.22,0,-0.24
2535,84.500,74,D5,0.22,0,-0.24
2540,84.667,67,G4,0.22,0,-0.24
2545,84.833,74,D5,0.22,0,-0.24
2550,85.000,71,B4,0.22,0,-0.24
2555,85.167,74,D5,0.22,0,-0.24
2560,85.333,67,G4,0.22,0,-0.24
2565,85.500,74,D5,0.22,0,-0.24
2570,85.667,71,B4,0.22,0,-0.24
2575,85.833,74,D5,0.22,0,-0.24
2520,84.000,0,C-1,0.1,2,0
2535,84.500,0,C-1,0.1,3,0
2550,85.000,0,C-1,0.1,2,0
2565,85.500,0,C-1,0.1,3,0
2580,86.000,76,E5,0.67,0,0.16
2595,86.500,74,D5,0.48,0,0.16
2610,87.000,72,C5,0.67,0,0.16
2625,87.500,72,C5,0.48,0,0.16
2580,86.000,36,C2,0.6,1,-0.12
2610,87.000,43,G2,0.39,1,-0.12
2580,86.000,60,C4,0.22,0,-0.24
2585,86.167,67,G4,0.22,0,-0.24
2590,86.333,64,E4,0.22,0,-0.24
2595,86.500,67,G4,0.22,0,-0.24
2600,86.667,60,C4,0.22,0,-0.24
2605,86.833,67,G4,0.22,0,-0.24
2610,87.000,64,E4,0.22,0,-0.24
2615,87.167,67,G4,0.22,0,-0.24
2620,87.333,60,C4,0.22,0,-0.24
2625,87.500,67,G4,0.22,0,-0.24
2630,87.667,64,E4,0.22,0,-0.24
2635,87.833,67,G4,0.22,0,-0.24
2580,86.000,0,C-1,0.1,2,0
2595,86.500,0,C-1,0.1,3,0
2610,87.000,0,C-1,0.1,2,0
2625,87.500,0,C-1,0.1,3,0
2640,88.000,79,G5,0.67,0,0.16
2655,88.500,76,E5,0.48,0,0.16
2670,89.000,74,D5,0.67,0,0.16
2685,89.500,72,C5,0.48,0,0.16
2640,88.000,36,C2,0.6,1,-0.12
2670,89.000,43,G2,0.39,1,-0.12
2640,88.000,60,C4,0.22,0,-0.24
2645,88.167,67,G4,0.22,0,-0.24
2650,88.333,64,E4,0.22,0,-0.24
2655,88.500,67,G4,0.22,0,-0.24
2660,88.667,60,C4,0.22,0,-0.24
2665,88.833,67,G4,0.22,0,-0.24
2670,89.000,64,E4,0.22,0,-0.24
2675,89.167,67,G4,0.22,0,-0.24
2680,89.333,60,C4,0.22,0,-0.24
2685,89.500,67,G4,0.22,0,-0.24
2690,89.667,64,E4,0.22,0,-0.24
2695,89.833,67,G4,0.22,0,-0.24
2640,88.000,0,C-1,0.1,2,0
2655,88.500,0,C-1,0.1,3,0
2670,89.000,0,C-1,0.1,2,0
2685,89.500,0,C-1,0.1,3,0
2700,90.000,77,F5,0.67,0,0.16
2715,90.500,79,G5,0.48,0,0.16
2730,91.000,81,A5,0.67,0,0.16
2745,91.500,77,F5,0.48,0,0.16
2700,90.000,41,F2,0.6,1,-0.12
2730,91.000,48,C3,0.39,1,-0.12
2700,90.000,65,F4,0.22,0,-0.24
2705,90.167,72,C5,0.22,0,-0.24
2710,90.333,69,A4,0.22,0,-0.24
2715,90.500,72,C5,0.22,0,-0.24
2720,90.667,65,F4,0.22,0,-0.24
2725,90.833,72,C5,0.22,0,-0.24
2730,91.000,69,A4,0.22,0,-0.24
2735,91.167,72,C5,0.22,0,-0.24
2740,91.333,65,F4,0.22,0,-0.24
2745,91.500,72,C5,0.22,0,-0.24
2750,91.667,69,A4,0.22,0,-0.24
2755,91.833,72,C5,0.22,0,-0.24
2700,90.000,0,C-1,0.1,2,0
2715,90.500,0,C-1,0.1,3,0
2730,91.000,0,C-1,0.1,2,0
2745,91.500,0,C-1,0.1,3,0
2760,92.000,79,G5,0.67,0,0.16
2775,92.500,77,F5,0.48,0,0.16
2790,93.000,74,D5,0.67,0,0.16
2805,93.500,79,G5,0.48,0,0.16
2760,92.000,43,G2,0.6,1,-0.12
2790,93.000,50,D3,0.39,1,-0.12
2760,92.000,67,G4,0.22,0,-0.24
2765,92.167,74,D5,0.22,0,-0.24
2770,92.333,71,B4,0.22,0,-0.24
2775,92.500,74,D5,0.22,0,-0.24
2780,92.667,67,G4,0.22,0,-0.24
2785,92.833,74,D5,0.22,0,-0.24
2790,93.000,71,B4,0.22,0,-0.24
2795,93.167,74,D5,0.22,0,-0.24
2800,93.333,67,G4,0.22,0,-0.24
2805,93.500,74,D5,0.22,0,-0.24
2810,93.667,71,B4,0.22,0,-0.24
2815,93.833,74,D5,0.22,0,-0.24
2760,92.000,0,C-1,0.1,2,0
2775,92.500,0,C-1,0.1,3,0
2790,93.000,0,C-1,0.1,2,0
2805,93.500,0,C-1,0.1,3,0
2820,94.000,76,E5,0.67,0,0.16
2835,94.500,74,D5,0.48,0,0.16
2850,95.000,72,C5,0.67,0,0.16
2865,95.500,72,C5,0.48,0,0.16
2820,94.000,36,C2,0.6,1,-0.12
2850,95.000,43,G2,0.39,1,-0.12
2820,94.000,60,C4,0.22,0,-0.24
2825,94.167,67,G4,0.22,0,-0.24
2830,94.333,64,E4,0.22,0,-0.24
2835,94.500,67,G4,0.22,0,-0.24
2840,94.667,60,C4,0.22,0,-0.24
2845,94.833,67,G4,0.22,0,-0.24
2850,95.000,64,E4,0.22,0,-0.24
2855,95.167,67,G4,0.22,0,-0.24
2860,95.333,60,C4,0.22,0,-0.24
2865,95.500,67,G4,0.22,0,-0.24
2870,95.667,64,E4,0.22,0,-0.24
2875,95.833,67,G4,0.22,0,-0.24
2820,94.000,0,C-1,0.1,2,0
2835,94.500,0,C-1,0.1,3,0
2850,95.000,0,C-1,0.1,2,0
2865,95.500,0,C-1,0.1,3,0
2880,96.000,76,E5,0.67,0,0.16
2895,96.500,74,D5,0.48,0,0.16
2910,97.000,72,C5,0.67,0,0.16
2925,97.500,76,E5,0.48,0,0.16
2880,96.000,36,C2,0.6,1,-0.12
2910,97.000,43,G2,0.39,1,-0.12
2880,96.000,60,C4,0.22,0,-0.24
2885,96.167,67,G4,0.22,0,-0.24
2890,96.333,64,E4,0.22,0,-0.24
2895,96.500,67,G4,0.22,0,-0.24
2900,96.667,60,C4,0.22,0,-0.24
2905,96.833,67,G4,0.22,0,-0.24
2910,97.000,64,E4,0.22,0,-0.24
2915,97.167,67,G4,0.22,0,-0.24
2920,97.333,60,C4,0.22,0,-0.24
2925,97.500,67,G4,0.22,0,-0.24
2930,97.667,64,E4,0.22,0,-0.24
2935,97.833,67,G4,0.22,0,-0.24
2880,96.000,0,C-1,0.1,2,0
2895,96.500,0,C-1,0.1,3,0
2910,97.000,0,C-1,0.1,2,0
2925,97.500,0,C-1,0.1,3,0
2940,98.000,77,F5,0.67,0,0.16
2955,98.500,76,E5,0.48,0,0.16
2970,99.000,74,D5,0.67,0,0.16
2985,99.500,72,C5,0.48,0,0.16
2940,98.000,41,F2,0.6,1,-0.12
2970,99.000,48,C3,0.39,1,-0.12
2940,98.000,65,F4,0.22,0,-0.24
2945,98.167,72,C5,0.22,0,-0.24
2950,98.333,69,A4,0.22,0,-0.24
2955,98.500,72,C5,0.22,0,-0.24
2960,98.667,65,F4,0.22,0,-0.24
2965,98.833,72,C5,0.22,0,-0.24
2970,99.000,69,A4,0.22,0,-0.24
2975,99.167,72,C5,0.22,0,-0.24
2980,99.333,65,F4,0.22,0,-0.24
2985,99.500,72,C5,0.22,0,-0.24
2990,99.667,69,A4,0.22,0,-0.24
2995,99.833,72,C5,0.22,0,-0.24
2940,98.000,0,C-1,0.1,2,0
2955,98.500,0,C-1,0.1,3,0
2970,99.000,0,C-1,0.1,2,0
2985,99.500,0,C-1,0.1,3,0
3000,100.000,74,D5,0.67,0,0.16
3015,100.500,76,E5,0.48,0,0.16
3030,101.000,74,D5,0.67,0,0.16
3045,101.500,79,G5,0.48,0,0.16
3000,100.000,43,G2,0.6,1,-0.12
3030,101.000,50,D3,0.39,1,-0.12
3000,100.000,67,G4,0.22,0,-0.24
3005,100.167,74,D5,0.22,0,-0.24
3010,100.333,71,B4,0.22,0,-0.24
3015,100.500,74,D5,0.22,0,-0.24
3020,100.667,67,G4,0.22,0,-0.24
3025,100.833,74,D5,0.22,0,-0.24
3030,101.000,71,B4,0.22,0,-0.24
3035,101.167,74,D5,0.22,0,-0.24
3040,101.333,67,G4,0.22,0,-0.24
3045,101.500,74,D5,0.22,0,-0.24
3050,101.667,71,B4,0.22,0,-0.24
3055,101.833,74,D5,0.22,0,-0.24
3000,100.000,0,C-1,0.1,2,0
3015,100.500,0,C-1,0.1,3,0
3030,101.000,0,C-1,0.1,2,0
3045,101.500,0,C-1,0.1,3,0
3060,102.000,76,E5,0.67,0,0.16
3075,102.500,74,D5,0.48,0,0.16
3090,103.000,72,C5,0.67,0,0.16
3105,103.500,72,C5,0.48,0,0.16
3060,102.000,36,C2,0.6,1,-0.12
3090,103.000,43,G2,0.39,1,-0.12
3060,102.000,60,C4,0.22,0,-0.24
3065,102.167,67,G4,0.22,0,-0.24
3070,102.333,64,E4,0.22,0,-0.24
3075,102.500,67,G4,0.22,0,-0.24
3080,102.667,60,C4,0.22,0,-0.24
3085,102.833,67,G4,0.22,0,-0.24
3090,103.000,64,E4,0.22,0,-0.24
3095,103.167,67,G4,0.22,0,-0.24
3100,103.333,60,C4,0.22,0,-0.24
3105,103.500,67,G4,0.22,0,-0.24
3110,103.667,64,E4,0.22,0,-0.24
3115,103.833,67,G4,0.22,0,-0.24
3060,102.000,0,C-1,0.1,2,0
3075,102.500,0,C-1,0.1,3,0
3090,103.000,0,C-1,0.1,2,0
3105,103.500,0,C-1,0.1,3,0
3120,104.000,79,G5,0.67,0,0.16
3135,104.500,76,E5,0.48,0,0.16
3150,105.000,74,D5,0.67,0,0.16
3165,105.500,72,C5,0.48,0,0.16
3120,104.000,36,C2,0.6,1,-0.12
3150,105.000,43,G2,0.39,1,-0.12
3120,104.000,60,C4,0.22,0,-0.24
3125,104.167,67,G4,0.22,0,-0.24
3130,104.333,64,E4,0.22,0,-0.24
3135,104.500,67,G4,0.22,0,-0.24
3140,104.667,60,C4,0.22,0,-0.24
3145,104.833,67,G4,0.22,0,-0.24
3150,105.000,64,E4,0.22,0,-0.24
3155,105.167,67,G4,0.22,0,-0.24
3160,105.333,60,C4,0.22,0,-0.24
3165,105.500,67,G4,0.22,0,-0.24
3170,105.667,64,E4,0.22,0,-0.24
3175,105.833,67,G4,0.22,0,-0.24
3120,104.000,0,C-1,0.1,2,0
3135,104.500,0,C-1,0.1,3,0
3150,105.000,0,C-1,0.1,2,0
3165,105.500,0,C-1,0.1,3,0
3180,106.000,77,F5,0.67,0,0.16
3195,106.500,79,G5,0.48,0,0.16
3210,107.000,81,A5,0.67,0,0.16
3225,107.500,77,F5,0.48,0,0.16
3180,106.000,41,F2,0.6,1,-0.12
3210,107.000,48,C3,0.39,1,-0.12
3180,106.000,65,F4,0.22,0,-0.24
3185,106.167,72,C5,0.22,0,-0.24
3190,106.333,69,A4,0.22,0,-0.24
3195,106.500,72,C5,0.22,0,-0.24
3200,106.667,65,F4,0.22,0,-0.24
3205,106.833,72,C5,0.22,0,-0.24
3210,107.000,69,A4,0.22,0,-0.24
3215,107.167,72,C5,0.22,0,-0.24
3220,107.333,65,F4,0.22,0,-0.24
3225,107.500,72,C5,0.22,0,-0.24
3230,107.667,69,A4,0.22,0,-0.24
3235,107.833,72,C5,0.22,0,-0.24
3180,106.000,0,C-1,0.1,2,0
3195,106.500,0,C-1,0.1,3,0
3210,107.000,0,C-1,0.1,2,0
3225,107.500,0,C-1,0.1,3,0
3240,108.000,79,G5,0.67,0,0.16
3255,108.500,77,F5,0.48,0,0.16
3270,109.000,74,D5,0.67,0,0.16
3285,109.500,79,G5,0.48,0,0.16
3240,108.000,43,G2,0.6,1,-0.12
3270,109.000,50,D3,0.39,1,-0.12
3240,108.000,67,G4,0.22,0,-0.24
3245,108.167,74,D5,0.22,0,-0.24
3250,108.333,71,B4,0.22,0,-0.24
3255,108.500,74,D5,0.22,0,-0.24
3260,108.667,67,G4,0.22,0,-0.24
3265,108.833,74,D5,0.22,0,-0.24
3270,109.000,71,B4,0.22,0,-0.24
3275,109.167,74,D5,0.22,0,-0.24
3280,109.333,67,G4,0.22,0,-0.24
3285,109.500,74,D5,0.22,0,-0.24
3290,109.667,71,B4,0.22,0,-0.24
3295,109.833,74,D5,0.22,0,-0.24
3240,108.000,0,C-1,0.1,2,0
3255,108.500,0,C-1,0.1,3,0
3270,109.000,0,C-1,0.1,2,0
3285,109.500,0,C-1,0.1,3,0
3300,110.000,76,E5,0.67,0,0.16
3315,110.500,74,D5,0.48,0,0.16
3330,111.000,72,C5,0.67,0,0.16
3345,111.500,72,C5,0.48,0,0.16
3300,110.000,36,C2,0.6,1,-0.12
3330,111.000,43,G2,0.39,1,-0.12
3300,110.000,60,C4,0.22,0,-0.24
3305,110.167,67,G4,0.22,0,-0.24
3310,110.333,64,E4,0.22,0,-0.24
3315,110.500,67,G4,0.22,0,-0.24
3320,110.667,60,C4,0.22,0,-0.24
3325,110.833,67,G4,0.22,0,-0.24
3330,111.000,64,E4,0.22,0,-0.24
3335,111.167,67,G4,0.22,0,-0.24
3340,111.333,60,C4,0.22,0,-0.24
3345,111.500,67,G4,0.22,0,-0.24
3350,111.667,64,E4,0.22,0,-0.24
3355,111.833,67,G4,0.22,0,-0.24
3300,110.000,0,C-1,0.1,2,0
3315,110.500,0,C-1,0.1,3,0
3330,111.000,0,C-1,0.1,2,0
3345,111.500,0,C-1,0.1,3,0
3360,112.000,76,E5,0.67,0,0.16
3375,112.500,74,D5,0.48,0,0.16
3390,113.000,72,C5,0.67,0,0.16
3405,113.500,76,E5,0.48,0,0.16
3360,112.000,36,C2,0.6,1,-0.12
3390,113.000,43,G2,0.39,1,-0.12
3360,112.000,60,C4,0.22,0,-0.24
3365,112.167,67,G4,0.22,0,-0.24
3370,112.333,64,E4,0.22,0,-0.24
3375,112.500,67,G4,0.22,0,-0.24
3380,112.667,60,C4,0.22,0,-0.24
3385,112.833,67,G4,0.22,0,-0.24
3390,113.000,64,E4,0.22,0,-0.24
3395,113.167,67,G4,0.22,0,-0.24
3400,113.333,60,C4,0.22,0,-0.24
3405,113.500,67,G4,0.22,0,-0.24
3410,113.667,64,E4,0.22,0,-0.24
3415,113.833,67,G4,0.22,0,-0.24
3360,112.000,0,C-1,0.1,2,0
3375,112.500,0,C-1,0.1,3,0
3390,113.000,0,C-1,0.1,2,0
3405,113.500,0,C-1,0.1,3,0
3420,114.000,77,F5,0.67,0,0.16
3435,114.500,76,E5,0.48,0,0.16
3450,115.000,74,D5,0.67,0,0.16
3465,115.500,72,C5,0.48,0,0.16
3420,114.000,41,F2,0.6,1,-0.12
3450,115.000,48,C3,0.39,1,-0.12
3420,114.000,65,F4,0.22,0,-0.24
3425,114.167,72,C5,0.22,0,-0.24
3430,114.333,69,A4,0.22,0,-0.24
3435,114.500,72,C5,0.22,0,-0.24
3440,114.667,65,F4,0.22,0,-0.24
3445,114.833,72,C5,0.22,0,-0.24
3450,115.000,69,A4,0.22,0,-0.24
3455,115.167,72,C5,0.22,0,-0.24
3460,115.333,65,F4,0.22,0,-0.24
3465,115.500,72,C5,0.22,0,-0.24
3470,115.667,69,A4,0.22,0,-0.24
3475,115.833,72,C5,0.22,0,-0.24
3420,114.000,0,C-1,0.1,2,0
3435,114.500,0,C-1,0.1,3,0
3450,115.000,0,C-1,0.1,2,0
3465,115.500,0,C-1,0.1,3,0
3480,116.000,74,D5,0.67,0,0.16
3495,116.500,76,E5,0.48,0,0.16
3510,117.000,74,D5,0.67,0,0.16
3525,117.500,79,G5,0.48,0,0.16
3480,116.000,43,G2,0.6,1,-0.12
3510,117.000,50,D3,0.39,1,-0.12
3480,116.000,67,G4,0.22,0,-0.24
3485,116.167,74,D5,0.22,0,-0.24
3490,116.333,71,B4,0.22,0,-0.24
3495,116.500,74,D5,0.22,0,-0.24
3500,116.667,67,G4,0.22,0,-0.24
3505,116.833,74,D5,0.22,0,-0.24
3510,117.000,71,B4,0.22,0,-0.24
3515,117.167,74,D5,0.22,0,-0.24
3520,117.333,67,G4,0.22,0,-0.24
3525,117.500,74,D5,0.22,0,-0.24
3530,117.667,71,B4,0.22,0,-0.24
3535,117.833,74,D5,0.22,0,-0.24
3480,116.000,0,C-1,0.1,2,0
3495,116.500,0,C-1,0.1,3,0
3510,117.000,0,C-1,0.1,2,0
3525,117.500,0,C-1,0.1,3,0
3540,118.000,76,E5,0.67,0,0.16
3555,118.500,74,D5,0.48,0,0.16
3570,119.000,72,C5,0.67,0,0.16
3585,119.500,72,C5,0.48,0,0.16
3540,118.000,36,C2,0.6,1,-0.12
3570,119.000,43,G2,0.39,1,-0.12
3540,118.000,60,C4,0.22,0,-0.24
3545,118.167,67,G4,0.22,0,-0.24
3550,118.333,64,E4,0.22,0,-0.24
3555,118.500,67,G4,0.22,0,-0.24
3560,118.667,60,C4,0.22,0,-0.24
3565,118.833,67,G4,0.22,0,-0.24
3570,119.000,64,E4,0.22,0,-0.24
3575,119.167,67,G4,0.22,0,-0.24
3580,119.333,60,C4,0.22,0,-0.24
3585,119.500,67,G4,0.22,0,-0.24
3590,119.667,64,E4,0.22,0,-0.24
3595,119.833,67,G4,0.22,0,-0.24
3540,118.000,0,C-1,0.1,2,0
3555,118.500,0,C-1,0.1,3,0
3570,119.000,0,C-1,0.1,2,0
3585,119.500,0,C-1,0.1,3,0
3600,120.000,79,G5,0.67,0,0.16
3615,120.500,76,E5,0.48,0,0.16
3630,121.000,74,D5,0.67,0,0.16
3645,121.500,72,C5,0.48,0,0.16
3600,120.000,36,C2,0.6,1,-0.12
3630,121.000,43,G2,0.39,1,-0.12
3600,120.000,60,C4,0.22,0,-0.24
3605,120.167,67,G4,0.22,0,-0.24
3610,120.333,64,E4,0.22,0,-0.24
3615,120.500,67,G4,0.22,0,-0.24
3620,120.667,60,C4,0.22,0,-0.24
3625,120.833,67,G4,0.22,0,-0.24
3630,121.000,64,E4,0.22,0,-0.24
3635,121.167,67,G4,0.22,0,-0.24
3640,121.333,60,C4,0.22,0,-0.24
3645,121.500,67,G4,0.22,0,-0.24
3650,121.667,64,E4,0.22,0,-0.24
3655,121.833,67,G4,0.22,0,-0.24
3600,120.000,0,C-1,0.1,2,0
3615,120.500,0,C-1,0.1,3,0
3630,121.000,0,C-1,0.1,2,0
3645,121.500,0,C-1,0.1,3,0
3660,122.000,77,F5,0.67,0,0.16
3675,122.500,79,G5,0.48,0,0.16
3690,123.000,81,A5,0.67,0,0.16
3705,123.500,77,F5,0.48,0,0.16
3660,122.000,41,F2,0.6,1,-0.12
3690,123.000,48,C3,0.39,1,-0.12
3660,122.000,65,F4,0.22,0,-0.24
3665,122.167,72,C5,0.22,0,-0.24
3670,122.333,69,A4,0.22,0,-0.24
3675,122.500,72,C5,0.22,0,-0.24
3680,122.667,65,F4,0.22,0,-0.24
3685,122.833,72,C5,0.22,0,-0.24
3690,123.000,69,A4,0.22,0,-0.24
3695,123.167,72,C5,0.22,0,-0.24
3700,123.333,65,F4,0.22,0,-0.24
3705,123.500,72,C5,0.22,0,-0.24
3710,123.667,69,A4,0.22,0,-0.24
3715,123.833,72,C5,0.22,0,-0.24
3660,122.000,0,C-1,0.1,2,0
3675,122.500,0,C-1,0.1,3,0
3690,123.000,0,C-1,0.1,2,0
3705,123.500,0,C-1,0.1,3,0
3720,124.000,79,G5,0.67,0,0.16
3735,124.500,77,F5,0.48,0,0.16
3750,125.000,74,D5,0.67,0,0.16
3765,125.500,79,G5,0.48,0,0.16
3720,124.000,43,G2,0.6,1,-0.12
3750,125.000,50,D3,0.39,1,-0.12
3720,124.000,67,G4,0.22,0,-0.24
3725,124.167,74,D5,0.22,0,-0.24
3730,124.333,71,B4,0.22,0,-0.24
3735,124.500,74,D5,0.22,0,-0.24
3740,124.667,67,G4,0.22,0,-0.24
3745,124.833,74,D5,0.22,0,-0.24
3750,125.000,71,B4,0.22,0,-0.24
3755,125.167,74,D5,0.22,0,-0.24
3760,125.333,67,G4,0.22,0,-0.24
3765,125.500,74,D5,0.22,0,-0.24
3770,125.667,71,B4,0.22,0,-0.24
3775,125.833,74,D5,0.22,0,-0.24
3720,124.000,0,C-1,0.1,2,0
3735,124.500,0,C-1,0.1,3,0
3750,125.000,0,C-1,0.1,2,0
3765,125.500,0,C-1,0.1,3,0
3780,126.000,76,E5,0.67,0,0.16
3795,126.500,74,D5,0.48,0,0.16
3810,127.000,72,C5,0.67,0,0.16
3825,127.500,72,C5,0.48,0,0.16
3780,126.000,36,C2,0.6,1,-0.12
3810,127.000,43,G2,0.39,1,-0.12
3780,126.000,60,C4,0.22,0,-0.24
3785,126.167,67,G4,0.22,0,-0.24
3790,126.333,64,E4,0.22,0,-0.24
3795,126.500,67,G4,0.22,0,-0.24
3800,126.667,60,C4,0.22,0,-0.24
3805,126.833,67,G4,0.22,0,-0.24
3810,127.000,64,E4,0.22,0,-0.24
3815,127.167,67,G4,0.22,0,-0.24
3820,127.333,60,C4,0.22,0,-0.24
3825,127.500,67,G4,0.22,0,-0.24
3830,127.667,64,E4,0.22,0,-0.24
3835,127.833,67,G4,0.22,0,-0.24
3780,126.000,0,C-1,0.1,2,0
3795,126.500,0,C-1,0.1,3,0
3810,127.000,0,C-1,0.1,2,0
3825,127.500,0,C-1,0.1,3,0
3840,128.000,76,E5,0.67,0,0.16
3855,128.500,74,D5,0.48,0,0.16
3870,129.000,72,C5,0.67,0,0.16
3885,129.500,76,E5,0.48,0,0.16
3840,128.000,36,C2,0.6,1,-0.12
3870,129.000,43,G2,0.39,1,-0.12
3840,128.000,60,C4,0.22,0,-0.24
3845,128.167,67,G4,0.22,0,-0.24
3850,128.333,64,E4,0.22,0,-0.24
3855,128.500,67,G4,0.22,0,-0.24
3860,128.667,60,C4,0.22,0,-0.24
3865,128.833,67,G4,0.22,0,-0.24
3870,129.000,64,E4,0.22,0,-0.24
3875,129.167,67,G4,0.22,0,-0.24
3880,129.333,60,C4,0.22,0,-0.24
3885,129.500,67,G4,0.22,0,-0.24
3890,129.667,64,E4,0.22,0,-0.24
3895,129.833,67,G4,0.22,0,-0.24
3840,128.000,0,C-1,0.1,2,0
3855,128.500,0,C-1,0.1,3,0
3870,129.000,0,C-1,0.1,2,0
3885,129.500,0,C-1,0.1,3,0
3900,130.000,77,F5,0.67,0,0.16
3915,130.500,76,E5,0.48,0,0.16
3930,131.000,74,D5,0.67,0,0.16
3945,131.500,72,C5,0.48,0,0.16
3900,130.000,41,F2,0.6,1,-0.12
3930,131.000,48,C3,0.39,1,-0.12
3900,130.000,65,F4,0.22,0,-0.24
3905,130.167,72,C5,0.22,0,-0.24
3910,130.333,69,A4,0.22,0,-0.24
3915,130.500,72,C5,0.22,0,-0.24
3920,130.667,65,F4,0.22,0,-0.24
3925,130.833,72,C5,0.22,0,-0.24
3930,131.000,69,A4,0.22,0,-0.24
3935,131.167,72,C5,0.22,0,-0.24
3940,131.333,65,F4,0.22,0,-0.24
3945,131.500,72,C5,0.22,0,-0.24
3950,131.667,69,A4,0.22,0,-0.24
3955,131.833,72,C5,0.22,0,-0.24
3900,130.000,0,C-1,0.1,2,0
3915,130.500,0,C-1,0.1,3,0
3930,131.000,0,C-1,0.1,2,0
3945,131.500,0,C-1,0.1,3,0
3960,132.000,74,D5,0.67,0,0.16
3975,132.500,76,E5,0.48,0,0.16
3990,133.000,74,D5,0.67,0,0.16
4005,133.500,79,G5,0.48,0,0.16
3960,132.000,43,G2,0.6,1,-0.12
3990,133.000,50,D3,0.39,1,-0.12
3960,132.000,67,G4,0.22,0,-0.24
3965,132.167,74,D5,0.22,0,-0.24
3970,132.333,71,B4,0.22,0,-0.24
3975,132.500,74,D5,0.22,0,-0.24
3980,132.667,67,G4,0.22,0,-0.24
3985,132.833,74,D5,0.22,0,-0.24
3990,133.000,71,B4,0.22,0,-0.24
3995,133.167,74,D5,0.22,0,-0.24
4000,133.333,67,G4,0.22,0,-0.24
4005,133.500,74,D5,0.22,0,-0.24
4010,133.667,71,B4,0.22,0,-0.24
4015,133.833,74,D5,0.22,0,-0.24
3960,132.000,0,C-1,0.1,2,0
3975,132.500,0,C-1,0.1,3,0
3990,133.000,0,C-1,0.1,2,0
4005,133.500,0,C-1,0.1,3,0
4020,134.000,76,E5,0.67,0,0.16
4035,134.500,74,D5,0.48,0,0.16
4050,135.000,72,C5,0.67,0,0.16
4065,135.500,72,C5,0.48,0,0.16
4020,134.000,36,C2,0.6,1,-0.12
4050,135.000,43,G2,0.39,1,-0.12
4020,134.000,60,C4,0.22,0,-0.24
4025,134.167,67,G4,0.22,0,-0.24
4030,134.333,64,E4,0.22,0,-0.24
4035,134.500,67,G4,0.22,0,-0.24
4040,134.667,60,C4,0.22,0,-0.24
4045,134.833,67,G4,0.22,0,-0.24
4050,135.000,64,E4,0.22,0,-0.24
4055,135.167,67,G4,0.22,0,-0.24
4060,135.333,60,C4,0.22,0,-0.24
4065,135.500,67,G4,0.22,0,-0.24
4070,135.667,64,E4,0.22,0,-0.24
4075,135.833,67,G4,0.22,0,-0.24
4020,134.000,0,C-1,0.1,2,0
4035,134.500,0,C-1,0.1,3,0
4050,135.000,0,C-1,0.1,2,0
4065,135.500,0,C-1,0.1,3,0
4080,136.000,79,G5,0.67,0,0.16
4095,136.500,76,E5,0.48,0,0.16
4110,137.000,74,D5,0.67,0,0.16
4125,137.500,72,C5,0.48,0,0.16
4080,136.000,36,C2,0.6,1,-0.12
4110,137.000,43,G2,0.39,1,-0.12
4080,136.000,60,C4,0.22,0,-0.24
4085,136.167,67,G4,0.22,0,-0.24
4090,136.333,64,E4,0.22,0,-0.24
4095,136.500,67,G4,0.22,0,-0.24
4100,136.667,60,C4,0.22,0,-0.24
4105,136.833,67,G4,0.22,0,-0.24
4110,137.000,64,E4,0.22,0,-0.24
4115,137.167,67,G4,0.22,0,-0.24
4120,137.333,60,C4,0.22,0,-0.24
4125,137.500,67,G4,0.22,0,-0.24
4130,137.667,64,E4,0.22,0,-0.24
4135,137.833,67,G4,0.22,0,-0.24
4080,136.000,0,C-1,0.1,2,0
4095,136.500,0,C-1,0.1,3,0
4110,137.000,0,C-1,0.1,2,0
4125,137.500,0,C-1,0.1,3,0
4140,138.000,77,F5,0.67,0,0.16
4155,138.500,79,G5,0.48,0,0.16
4170,139.000,81,A5,0.67,0,0.16
4185,139.500,77,F5,0.48,0,0.16
4140,138.000,41,F2,0.6,1,-0.12
4170,139.000,48,C3,0.39,1,-0.12
4140,138.000,65,F4,0.22,0,-0.24
4145,138.167,72,C5,0.22,0,-0.24
4150,138.333,69,A4,0.22,0,-0.24
4155,138.500,72,C5,0.22,0,-0.24
4160,138.667,65,F4,0.22,0,-0.24
4165,138.833,72,C5,0.22,0,-0.24
4170,139.000,69,A4,0.22,0,-0.24
4175,139.167,72,C5,0.22,0,-0.24
4180,139.333,65,F4,0.22,0,-0.24
4185,139.500,72,C5,0.22,0,-0.24
4190,139.667,69,A4,0.22,0,-0.24
4195,139.833,72,C5,0.22,0,-0.24
4140,138.000,0,C-1,0.1,2,0
4155,138.500,0,C-1,0.1,3,0
4170,139.000,0,C-1,0.1,2,0
4185,139.500,0,C-1,0.1,3,0
4200,140.000,79,G5,0.67,0,0.16
4215,140.500,77,F5,0.48,0,0.16
4230,141.000,74,D5,0.67,0,0.16
4245,141.500,79,G5,0.48,0,0.16
4200,140.000,43,G2,0.6,1,-0.12
4230,141.000,50,D3,0.39,1,-0.12
4200,140.000,67,G4,0.22,0,-0.24
4205,140.167,74,D5,0.22,0,-0.24
4210,140.333,71,B4,0.22,0,-0.24
4215,140.500,74,D5,0.22,0,-0.24
4220,140.667,67,G4,0.22,0,-0.24
4225,140.833,74,D5,0.22,0,-0.24
4230,141.000,71,B4,0.22,0,-0.24
4235,141.167,74,D5,0.22,0,-0.24
4240,141.333,67,G4,0.22,0,-0.24
4245,141.500,74,D5,0.22,0,-0.24
4250,141.667,71,B4,0.22,0,-0.24
4255,141.833,74,D5,0.22,0,-0.24
4200,140.000,0,C-1,0.1,2,0
4215,140.500,0,C-1,0.1,3,0
4230,141.000,0,C-1,0.1,2,0
4245,141.500,0,C-1,0.1,3,0
4260,142.000,76,E5,0.67,0,0.16
4275,142.500,74,D5,0.48,0,0.16
4290,143.000,72,C5,0.67,0,0.16
4305,143.500,72,C5,0.48,0,0.16
4260,142.000,36,C2,0.6,1,-0.12
4290,143.000,43,G2,0.39,1,-0.12
4260,142.000,60,C4,0.22,0,-0.24
4265,142.167,67,G4,0.22,0,-0.24
4270,142.333,64,E4,0.22,0,-0.24
4275,142.500,67,G4,0.22,0,-0.24
4280,142.667,60,C4,0.22,0,-0.24
4285,142.833,67,G4,0.22,0,-0.24
4290,143.000,64,E4,0.22,0,-0.24
4295,143.167,67,G4,0.22,0,-0.24
4300,143.333,60,C4,0.22,0,-0.24
4305,143.500,67,G4,0.22,0,-0.24
4310,143.667,64,E4,0.22,0,-0.24
4315,143.833,67,G4,0.22,0,-0.24
4260,142.000,0,C-1,0.1,2,0
4275,142.500,0,C-1,0.1,3,0
4290,143.000,0,C-1,0.1,2,0
4305,143.500,0,C-1,0.1,3,0
4320,144.000,76,E5,0.67,0,0.16
4335,144.500,74,D5,0.48,0,0.16
4350,145.000,72,C5,0.67,0,0.16
4365,145.500,76,E5,0.48,0,0.16
4320,144.000,36,C2,0.6,1,-0.12
4350,145.000,43,G2,0.39,1,-0.12
4320,144.000,60,C4,0.22,0,-0.24
4325,144.167,67,G4,0.22,0,-0.24
4330,144.333,64,E4,0.22,0,-0.24
4335,144.500,67,G4,0.22,0,-0.24
4340,144.667,60,C4,0.22,0,-0.24
4345,144.833,67,G4,0.22,0,-0.24
4350,145.000,64,E4,0.22,0,-0.24
4355,145.167,67,G4,0.22,0,-0.24
4360,145.333,60,C4,0.22,0,-0.24
4365,145.500,67,G4,0.22,0,-0.24
4370,145.667,64,E4,0.22,0,-0.24
4375,145.833,67,G4,0.22,0,-0.24
4320,144.000,0,C-1,0.1,2,0
4335,144.500,0,C-1,0.1,3,0
4350,145.000,0,C-1,0.1,2,0
4365,145.500,0,C-1,0.1,3,0
4380,146.000,77,F5,0.67,0,0.16
4395,146.500,76,E5,0.48,0,0.16
4410,147.000,74,D5,0.67,0,0.16
4425,147.500,72,C5,0.48,0,0.16
4380,146.000,41,F2,0.6,1,-0.12
4410,147.000,48,C3,0.39,1,-0.12
4380,146.000,65,F4,0.22,0,-0.24
4385,146.167,72,C5,0.22,0,-0.24
4390,146.333,69,A4,0.22,0,-0.24
4395,146.500,72,C5,0.22,0,-0.24
4400,146.667,65,F4,0.22,0,-0.24
4405,146.833,72,C5,0.22,0,-0.24
4410,147.000,69,A4,0.22,0,-0.24
4415,147.167,72,C5,0.22,0,-0.24
4420,147.333,65,F4,0.22,0,-0.24
4425,147.500,72,C5,0.22,0,-0.24
4430,147.667,69,A4,0.22,0,-0.24
4435,147.833,72,C5,0.22,0,-0.24
4380,146.000,0,C-1,0.1,2,0
4395,146.500,0,C-1,0.1,3,0
4410,147.000,0,C-1,0.1,2,0
4425,147.500,0,C-1,0.1,3,0
4440,148.000,74,D5,0.67,0,0.16
4455,148.500,76,E5,0.48,0,0.16
4470,149.000,74,D5,0.67,0,0.16
4485,149.500,79,G5,0.48,0,0.16
4440,148.000,43,G2,0.6,1,-0.12
4470,149.000,50,D3,0.39,1,-0.12
4440,148.000,67,G4,0.22,0,-0.24
4445,148.167,74,D5,0.22,0,-0.24
4450,148.333,71,B4,0.22,0,-0.24
4455,148.500,74,D5,0.22,0,-0.24
4460,148.667,67,G4,0.22,0,-0.24
4465,148.833,74,D5,0.22,0,-0.24
4470,149.000,71,B4,0.22,0,-0.24
4475,149.167,74,D5,0.22,0,-0.24
4480,149.333,67,G4,0.22,0,-0.24
4485,149.500,74,D5,0.22,0,-0.24
4490,149.667,71,B4,0.22,0,-0.24
4495,149.833,74,D5,0.22,0,-0.24
4440,148.000,0,C-1,0.1,2,0
4455,148.500,0,C-1,0.1,3,0
4470,149.000,0,C-1,0.1,2,0
4485,149.500,0,C-1,0.1,3,0
4500,150.000,76,E5,0.67,0,0.16
4515,150.500,74,D5,0.48,0,0.16
4530,151.000,72,C5,0.67,0,0.16
4545,151.500,72,C5,0.48,0,0.16
4500,150.000,36,C2,0.6,1,-0.12
4530,151.000,43,G2,0.39,1,-0.12
4500,150.000,60,C4,0.22,0,-0.24
4505,150.167,67,G4,0.22,0,-0.24
4510,150.333,64,E4,0.22,0,-0.24
4515,150.500,67,G4,0.22,0,-0.24
4520,150.667,60,C4,0.22,0,-0.24
4525,150.833,67,G4,0.22,0,-0.24
4530,151.000,64,E4,0.22,0,-0.24
4535,151.167,67,G4,0.22,0,-0.24
4540,151.333,60,C4,0.22,0,-0.24
4545,151.500,67,G4,0.22,0,-0.24
4550,151.667,64,E4,0.22,0,-0.24
4555,151.833,67,G4,0.22,0,-0.24
4500,150.000,0,C-1,0.1,2,0
4515,150.500,0,C-1,0.1,3,0
4530,151.000,0,C-1,0.1,2,0
4545,151.500,0,C-1,0.1,3,0
4560,152.000,79,G5,0.67,0,0.16
4575,152.500,76,E5,0.48,0,0.16
4590,153.000,74,D5,0.67,0,0.16
4605,153.500,72,C5,0.48,0,0.16
4560,152.000,36,C2,0.6,1,-0.12
4590,153.000,43,G2,0.39,1,-0.12
4560,152.000,60,C4,0.22,0,-0.24
4565,152.167,67,G4,0.22,0,-0.24
4570,152.333,64,E4,0.22,0,-0.24
4575,152.500,67,G4,0.22,0,-0.24
4580,152.667,60,C4,0.22,0,-0.24
4585,152.833,67,G4,0.22,0,-0.24
4590,153.000,64,E4,0.22,0,-0.24
4595,153.167,67,G4,0.22,0,-0.24
4600,153.333,60,C4,0.22,0,-0.24
4605,153.500,67,G4,0.22,0,-0.24
4610,153.667,64,E4,0.22,0,-0.24
4615,153.833,67,G4,0.22,0,-0.24
4560,152.000,0,C-1,0.1,2,0
4575,152.500,0,C-1,0.1,3,0
4590,153.000,0,C-1,0.1,2,0
4605,153.500,0,C-1,0.1,3,0
4620,154.000,77,F5,0.67,0,0.16
4635,154.500,79,G5,0.48,0,0.16
4650,155.000,81,A5,0.67,0,0.16
4665,155.500,77,F5,0.48,0,0.16
4620,154.000,41,F2,0.6,1,-0.12
4650,155.000,48,C3,0.39,1,-0.12
4620,154.000,65,F4,0.22,0,-0.24
4625,154.167,72,C5,0.22,0,-0.24
4630,154.333,69,A4,0.22,0,-0.24
4635,154.500,72,C5,0.22,0,-0.24
4640,154.667,65,F4,0.22,0,-0.24
4645,154.833,72,C5,0.22,0,-0.24
4650,155.000,69,A4,0.22,0,-0.24
4655,155.167,72,C5,0.22,0,-0.24
4660,155.333,65,F4,0.22,0,-0.24
4665,155.500,72,C5,0.22,0,-0.24
4670,155.667,69,A4,0.22,0,-0.24
4675,155.833,72,C5,0.22,0,-0.24
4620,154.000,0,C-1,0.1,2,0
4635,154.500,0,C-1,0.1,3,0
4650,155.000,0,C-1,0.1,2,0
4665,155.500,0,C-1,0.1,3,0
4680,156.000,79,G5,0.67,0,0.16
4695,156.500,77,F5,0.48,0,0.16
4710,157.000,74,D5,0.67,0,0.16
4725,157.500,79,G5,0.48,0,0.16
4680,156.000,43,G2,0.6,1,-0.12
4710,157.000,50,D3,0.39,1,-0.12
4680,156.000,67,G4,0.22,0,-0.24
4685,156.167,74,D5,0.22,0,-0.24
4690,156.333,71,B4,0.22,0,-0.24
4695,156.500,74,D5,0.22,0,-0.24
4700,156.667,67,G4,0.22,0,-0.24
4705,156.833,74,D5,0.22,0,-0.24
4710,157.000,71,B4,0.22,0,-0.24
4715,157.167,74,D5,0.22,0,-0.24
4720,157.333,67,G4,0.22,0,-0.24
4725,157.500,74,D5,0.22,0,-0.24
4730,157.667,71,B4,0.22,0,-0.24
4735,157.833,74,D5,0.22,0,-0.24
4680,156.000,0,C-1,0.1,2,0
4695,156.500,0,C-1,0.1,3,0
4710,157.000,0,C-1,0.1,2,0
4725,157.500,0,C-1,0.1,3,0
4740,158.000,76,E5,0.67,0,0.16
4755,158.500,74,D5,0.48,0,0.16
4770,159.000,72,C5,0.67,0,0.16
4785,159.500,72,C5,0.48,0,0.16
4740,158.000,36,C2,0.6,1,-0.12
4770,159.000,43,G2,0.39,1,-0.12
4740,158.000,60,C4,0.22,0,-0.24
4745,158.167,67,G4,0.22,0,-0.24
4750,158.333,64,E4,0.22,0,-0.24
4755,158.500,67,G4,0.22,0,-0.24
4760,158.667,60,C4,0.22,0,-0.24
4765,158.833,67,G4,0.22,0,-0.24
4770,159.000,64,E4,0.22,0,-0.24
4775,159.167,67,G4,0.22,0,-0.24
4780,159.333,60,C4,0.22,0,-0.24
4785,159.500,67,G4,0.22,0,-0.24
4790,159.667,64,E4,0.22,0,-0.24
4795,159.833,67,G4,0.22,0,-0.24
4740,158.000,0,C-1,0.1,2,0
4755,158.500,0,C-1,0.1,3,0
4770,159.000,0,C-1,0.1,2,0
4785,159.500,0,C-1,0.1,3,0
4800,160.000,76,E5,0.67,0,0.16
4815,160.500,74,D5,0.48,0,0.16
4830,161.000,72,C5,0.67,0,0.16
4845,161.500,76,E5,0.48,0,0.16
4800,160.000,36,C2,0.6,1,-0.12
4830,161.000,43,G2,0.39,1,-0.12
4800,160.000,60,C4,0.22,0,-0.24
4805,160.167,67,G4,0.22,0,-0.24
4810,160.333,64,E4,0.22,0,-0.24
4815,160.500,67,G4,0.22,0,-0.24
4820,160.667,60,C4,0.22,0,-0.24
4825,160.833,67,G4,0.22,0,-0.24
4830,161.000,64,E4,0.22,0,-0.24
4835,161.167,67,G4,0.22,0,-0.24
4840,161.333,60,C4,0.22,0,-0.24
4845,161.500,67,G4,0.22,0,-0.24
4850,161.667,64,E4,0.22,0,-0.24
4855,161.833,67,G4,0.22,0,-0.24
4800,160.000,0,C-1,0.1,2,0
4815,160.500,0,C-1,0.1,3,0
4830,161.000,0,C-1,0.1,2,0
4845,161.500,0,C-1,0.1,3,0
4860,162.000,77,F5,0.67,0,0.16
4875,162.500,76,E5,0.48,0,0.16
4890,163.000,74,D5,0.67,0,0.16
4905,163.500,72,C5,0.48,0,0.16
4860,162.000,41,F2,0.6,1,-0.12
4890,163.000,48,C3,0.39,1,-0.12
4860,162.000,65,F4,0.22,0,-0.24
4865,162.167,72,C5,0.22,0,-0.24
4870,162.333,69,A4,0.22,0,-0.24
4875,162.500,72,C5,0.22,0,-0.24
4880,162.667,65,F4,0.22,0,-0.24
4885,162.833,72,C5,0.22,0,-0.24
4890,163.000,69,A4,0.22,0,-0.24
4895,163.167,72,C5,0.22,0,-0.24
4900,163.333,65,F4,0.22,0,-0.24
4905,163.500,72,C5,0.22,0,-0.24
4910,163.667,69,A4,0.22,0,-0.24
4915,163.833,72,C5,0.22,0,-0.24
4860,162.000,0,C-1,0.1,2,0
4875,162.500,0,C-1,0.1,3,0
4890,163.000,0,C-1,0.1,2,0
4905,163.500,0,C-1,0.1,3,0
4920,164.000,74,D5,0.67,0,0.16
4935,164.500,76,E5,0.48,0,0.16
4950,165.000,74,D5,0.67,0,0.16
4965,165.500,79,G5,0.48,0,0.16
4920,164.000,43,G2,0.6,1,-0.12
4950,165.000,50,D3,0.39,1,-0.12
4920,164.000,67,G4,0.22,0,-0.24
4925,164.167,74,D5,0.22,0,-0.24
4930,164.333,71,B4,0.22,0,-0.24
4935,164.500,74,D5,0.22,0,-0.24
4940,164.667,67,G4,0.22,0,-0.24
4945,164.833,74,D5,0.22,0,-0.24
4950,165.000,71,B4,0.22,0,-0.24
4955,165.167,74,D5,0.22,0,-0.24
4960,165.333,67,G4,0.22,0,-0.24
4965,165.500,74,D5,0.22,0,-0.24
4970,165.667,71,B4,0.22,0,-0.24
4975,165.833,74,D5,0.22,0,-0.24
4920,164.000,0,C-1,0.1,2,0
4935,164.500,0,C-1,0.1,3,0
4950,165.000,0,C-1,0.1,2,0
4965,165.500,0,C-1,0.1,3,0
4980,166.000,76,E5,0.67,0,0.16
4995,166.500,74,D5,0.48,0,0.16
5010,167.000,72,C5,0.67,0,0.16
5025,167.500,72,C5,0.48,0,0.16
4980,166.000,36,C2,0.6,1,-0.12
5010,167.000,43,G2,0.39,1,-0.12
4980,166.000,60,C4,0.22,0,-0.24
4985,166.167,67,G4,0.22,0,-0.24
4990,166.333,64,E4,0.22,0,-0.24
4995,166.500,67,G4,0.22,0,-0.24
5000,166.667,60,C4,0.22,0,-0.24
5005,166.833,67,G4,0.22,0,-0.24
5010,167.000,64,E4,0.22,0,-0.24
5015,167.167,67,G4,0.22,0,-0.24
5020,167.333,60,C4,0.22,0,-0.24
5025,167.500,67,G4,0.22,0,-0.24
5030,167.667,64,E4,0.22,0,-0.24
5035,167.833,67,G4,0.22,0,-0.24
4980,166.000,0,C-1,0.1,2,0
4995,166.500,0,C-1,0.1,3,0
5010,167.000,0,C-1,0.1,2,0
5025,167.500,0,C-1,0.1,3,0
5040,168.000,79,G5,0.67,0,0.16
5055,168.500,76,E5,0.48,0,0.16
5070,169.000,74,D5,0.67,0,0.16
5085,169.500,72,C5,0.48,0,0.16
5040,168.000,36,C2,0.6,1,-0.12
5070,169.000,43,G2,0.39,1,-0.12
5040,168.000,60,C4,0.22,0,-0.24
5045,168.167,67,G4,0.22,0,-0.24
5050,168.333,64,E4,0.22,0,-0.24
5055,168.500,67,G4,0.22,0,-0.24
5060,168.667,60,C4,0.22,0,-0.24
5065,168.833,67,G4,0.22,0,-0.24
5070,169.000,64,E4,0.22,0,-0.24
5075,169.167,67,G4,0.22,0,-0.24
5080,169.333,60,C4,0.22,0,-0.24
5085,169.500,67,G4,0.22,0,-0.24
5090,169.667,64,E4,0.22,0,-0.24
5095,169.833,67,G4,0.22,0,-0.24
5040,168.000,0,C-1,0.1,2,0
5055,168.500,0,C-1,0.1,3,0
5070,169.000,0,C-1,0.1,2,0
5085,169.500,0,C-1,0.1,3,0
5100,170.000,77,F5,0.67,0,0.16
5115,170.500,79,G5,0.48,0,0.16
5130,171.000,81,A5,0.67,0,0.16
5145,171.500,77,F5,0.48,0,0.16
5100,170.000,41,F2,0.6,1,-0.12
5130,171.000,48,C3,0.39,1,-0.12
5100,170.000,65,F4,0.22,0,-0.24
5105,170.167,72,C5,0.22,0,-0.24
5110,170.333,69,A4,0.22,0,-0.24
5115,170.500,72,C5,0.22,0,-0.24
5120,170.667,65,F4,0.22,0,-0.24
5125,170.833,72,C5,0.22,0,-0.24
5130,171.000,69,A4,0.22,0,-0.24
5135,171.167,72,C5,0.22,0,-0.24
5140,171.333,65,F4,0.22,0,-0.24
5145,171.500,72,C5,0.22,0,-0.24
5150,171.667,69,A4,0.22,0,-0.24
5155,171.833,72,C5,0.22,0,-0.24
5100,170.000,0,C-1,0.1,2,0
5115,170.500,0,C-1,0.1,3,0
5130,171.000,0,C-1,0.1,2,0
5145,171.500,0,C-1,0.1,3,0
5160,172.000,79,G5,0.67,0,0.16
5175,172.500,77,F5,0.48,0,0.16
5190,173.000,74,D5,0.67,0,0.16
5205,173.500,79,G5,0.48,0,0.16
5160,172.000,43,G2,0.6,1,-0.12
5190,173.000,50,D3,0.39,1,-0.12
5160,172.000,67,G4,0.22,0,-0.24
5165,172.167,74,D5,0.22,0,-0.24
5170,172.333,71,B4,0.22,0,-0.24
5175,172.500,74,D5,0.22,0,-0.24
5180,172.667,67,G4,0.22,0,-0.24
5185,172.833,74,D5,0.22,0,-0.24
5190,173.000,71,B4,0.22,0,-0.24
5195,173.167,74,D5,0.22,0,-0.24
5200,173.333,67,G4,0.22,0,-0.24
5205,173.500,74,D5,0.22,0,-0.24
5210,173.667,71,B4,0.22,0,-0.24
5215,173.833,74,D5,0.22,0,-0.24
5160,172.000,0,C-1,0.1,2,0
5175,172.500,0,C-1,0.1,3,0
5190,173.000,0,C-1,0.1,2,0
5205,173.500,0,C-1,0.1,3,0
5220,174.000,76,E5,0.67,0,0.16
5235,174.500,74,D5,0.48,0,0.16
5250,175.000,72,C5,0.67,0,0.16
5265,175.500,72,C5,0.48,0,0.16
5220,174.000,36,C2,0.6,1,-0.12
5250,175.000,43,G2,0.39,1,-0.12
5220,174.000,60,C4,0.22,0,-0.24
5225,174.167,67,G4,0.22,0,-0.24
5230,174.333,64,E4,0.22,0,-0.24
5235,174.500,67,G4,0.22,0,-0.24
5240,174.667,60,C4,0.22,0,-0.24
5245,174.833,67,G4,0.22,0,-0.24
5250,175.000,64,E4,0.22,0,-0.24
5255,175.167,67,G4,0.22,0,-0.24
5260,175.333,60,C4,0.22,0,-0.24
5265,175.500,67,G4,0.22,0,-0.24
5270,175.667,64,E4,0.22,0,-0.24
5275,175.833,67,G4,0.22,0,-0.24
5220,174.000,0,C-1,0.1,2,0
5235,174.500,0,C-1,0.1,3,0
5250,175.000,0,C-1,0.1,2,0
5265,175.500,0,C-1,0.1,3,0
5280,176.000,76,E5,0.67,0,0.16
5295,176.500,74,D5,0.48,0,0.16
5310,177.000,72,C5,0.67,0,0.16
5325,177.500,76,E5,0.48,0,0.16
5280,176.000,36,C2,0.6,1,-0.12
5310,177.000,43,G2,0.39,1,-0.12
5280,176.000,60,C4,0.22,0,-0.24
5285,176.167,67,G4,0.22,0,-0.24
5290,176.333,64,E4,0.22,0,-0.24
5295,176.500,67,G4,0.22,0,-0.24
5300,176.667,60,C4,0.22,0,-0.24
5305,176.833,67,G4,0.22,0,-0.24
5310,177.000,64,E4,0.22,0,-0.24
5315,177.167,67,G4,0.22,0,-0.24
5320,177.333,60,C4,0.22,0,-0.24
5325,177.500,67,G4,0.22,0,-0.24
5330,177.667,64,E4,0.22,0,-0.24
5335,177.833,67,G4,0.22,0,-0.24
5280,176.000,0,C-1,0.1,2,0
5295,176.500,0,C-1,0.1,3,0
5310,177.000,0,C-1,0.1,2,0
5325,177.500,0,C-1,0.1,3,0
5340,178.000,77,F5,0.67,0,0.16
5355,178.500,76,E5,0.48,0,0.16
5370,179.000,74,D5,0.67,0,0.16
5385,179.500,72,C5,0.48,0,0.16
5340,178.000,41,F2,0.6,1,-0.12
5370,179.000,48,C3,0.39,1,-0.12
5340,178.000,65,F4,0.22,0,-0.24
5345,178.167,72,C5,0.22,0,-0.24
5350,178.333,69,A4,0.22,0,-0.24
5355,178.500,72,C5,0.22,0,-0.24
5360,178.667,65,F4,0.22,0,-0.24
5365,178.833,72,C5,0.22,0,-0.24
5370,179.000,69,A4,0.22,0,-0.24
5375,179.167,72,C5,0.22,0,-0.24
5380,179.333,65,F4,0.22,0,-0.24
5385,179.500,72,C5,0.22,0,-0.24
5390,179.667,69,A4,0.22,0,-0.24
5395,179.833,72,C5,0.22,0,-0.24
5340,178.000,0,C-1,0.1,2,0
5355,178.500,0,C-1,0.1,3,0
5370,179.000,0,C-1,0.1,2,0
5385,179.500,0,C-1,0.1,3,0
5400,180.000,74,D5,0.67,0,0.16
5415,180.500,76,E5,0.48,0,0.16
5430,181.000,74,D5,0.67,0,0.16
5445,181.500,79,G5,0.48,0,0.16
5400,180.000,43,G2,0.6,1,-0.12
5430,181.000,50,D3,0.39,1,-0.12
5400,180.000,67,G4,0.22,0,-0.24
5405,180.167,74,D5,0.22,0,-0.24
5410,180.333,71,B4,0.22,0,-0.24
5415,180.500,74,D5,0.22,0,-0.24
5420,180.667,67,G4,0.22,0,-0.24
5425,180.833,74,D5,0.22,0,-0.24
5430,181.000,71,B4,0.22,0,-0.24
5435,181.167,74,D5,0.22,0,-0.24
5440,181.333,67,G4,0.22,0,-0.24
5445,181.500,74,D5,0.22,0,-0.24
5450,181.667,71,B4,0.22,0,-0.24
5455,181.833,74,D5,0.22,0,-0.24
5400,180.000,0,C-1,0.1,2,0
5415,180.500,0,C-1,0.1,3,0
5430,181.000,0,C-1,0.1,2,0
5445,181.500,0,C-1,0.1,3,0
5460,182.000,76,E5,0.67,0,0.16
5475,182.500,74,D5,0.48,0,0.16
5490,183.000,72,C5,0.67,0,0.16
5505,183.500,72,C5,0.48,0,0.16
5460,182.000,36,C2,0.6,1,-0.12
5490,183.000,43,G2,0.39,1,-0.12
5460,182.000,60,C4,0.22,0,-0.24
5465,182.167,67,G4,0.22,0,-0.24
5470,182.333,64,E4,0.22,0,-0.24
5475,182.500,67,G4,0.22,0,-0.24
5480,182.667,60,C4,0.22,0,-0.24
5485,182.833,67,G4,0.22,0,-0.24
5490,183.000,64,E4,0.22,0,-0.24
5495,183.167,67,G4,0.22,0,-0.24
5500,183.333,60,C4,0.22,0,-0.24
5505,183.500,67,G4,0.22,0,-0.24
5510,183.667,64,E4,0.22,0,-0.24
5515,183.833,67,G4,0.22,0,-0.24
5460,182.000,0,C-1,0.1,2,0
5475,182.500,0,C-1,0.1,3,0
5490,183.000,0,C-1,0.1,2,0
5505,183.500,0,C-1,0.1,3,0
5520,184.000,79,G5,0.67,0,0.16
5535,184.500,76,E5,0.48,0,0.16
5550,185.000,74,D5,0.67,0,0.16
5565,185.500,72,C5,0.48,0,0.16
5520,184.000,36,C2,0.6,1,-0.12
5550,185.000,43,G2,0.39,1,-0.12
5520,184.000,60,C4,0.22,0,-0.24
5525,184.167,67,G4,0.22,0,-0.24
5530,184.333,64,E4,0.22,0,-0.24
5535,184.500,67,G4,0.22,0,-0.24
5540,184.667,60,C4,0.22,0,-0.24
5545,184.833,67,G4,0.22,0,-0.24
5550,185.000,64,E4,0.22,0,-0.24
5555,185.167,67,G4,0.22,0,-0.24
5560,185.333,60,C4,0.22,0,-0.24
5565,185.500,67,G4,0.22,0,-0.24
5570,185.667,64,E4,0.22,0,-0.24
5575,185.833,67,G4,0.22,0,-0.24
5520,184.000,0,C-1,0.1,2,0
5535,184.500,0,C-1,0.1,3,0
5550,185.000,0,C-1,0.1,2,0
5565,185.500,0,C-1,0.1,3,0
5580,186.000,77,F5,0.67,0,0.16
5595,186.500,79,G5,0.48,0,0.16
5610,187.000,81,A5,0.67,0,0.16
5625,187.500,77,F5,0.48,0,0.16
5580,186.000,41,F2,0.6,1,-0.12
5610,187.000,48,C3,0.39,1,-0.12
5580,186.000,65,F4,0.22,0,-0.24
5585,186.167,72,C5,0.22,0,-0.24
5590,186.333,69,A4,0.22,0,-0.24
5595,186.500,72,C5,0.22,0,-0.24
5600,186.667,65,F4,0.22,0,-0.24
5605,186.833,72,C5,0.22,0,-0.24
5610,187.000,69,A4,0.22,0,-0.24
5615,187.167,72,C5,0.22,0,-0.24
5620,187.333,65,F4,0.22,0,-0.24
5625,187.500,72,C5,0.22,0,-0.24
5630,187.667,69,A4,0.22,0,-0.24
5635,187.833,72,C5,0.22,0,-0.24
5580,186.000,0,C-1,0.1,2,0
5595,186.500,0,C-1,0.1,3,0
5610,187.000,0,C-1,0.1,2,0
5625,187.500,0,C-1,0.1,3,0
5640,188.000,79,G5,0.67,0,0.16
5655,188.500,77,F5,0.48,0,0.16
5670,189.000,74,D5,0.67,0,0.16
5685,189.500,79,G5,0.48,0,0.16
5640,188.000,43,G2,0.6,1,-0.12
5670,189.000,50,D3,0.39,1,-0.12
5640,188.000,67,G4,0.22,0,-0.24
5645,188.167,74,D5,0.22,0,-0.24
5650,188.333,71,B4,0.22,0,-0.24
5655,188.500,74,D5,0.22,0,-0.24
5660,188.667,67,G4,0.22,0,-0.24
5665,188.833,74,D5,0.22,0,-0.24
5670,189.000,71,B4,0.22,0,-0.24
5675,189.167,74,D5,0.22,0,-0.24
5680,189.333,67,G4,0.22,0,-0.24
5685,189.500,74,D5,0.22,0,-0.24
5690,189.667,71,B4,0.22,0,-0.24
5695,189.833,74,D5,0.22,0,-0.24
5640,188.000,0,C-1,0.1,2,0
5655,188.500,0,C-1,0.1,3,0
5670,189.000,0,C-1,0.1,2,0
5685,189.500,0,C-1,0.1,3,0
5700,190.000,76,E5,0.67,0,0.16
5715,190.500,74,D5,0.48,0,0.16
5730,191.000,72,C5,0.67,0,0.16
5745,191.500,72,C5,0.48,0,0.16
5700,190.000,36,C2,0.6,1,-0.12
5730,191.000,43,G2,0.39,1,-0.12
5700,190.000,60,C4,0.22,0,-0.24
5705,190.167,67,G4,0.22,0,-0.24
5710,190.333,64,E4,0.22,0,-0.24
5715,190.500,67,G4,0.22,0,-0.24
5720,190.667,60,C4,0.22,0,-0.24
5725,190.833,67,G4,0.22,0,-0.24
5730,191.000,64,E4,0.22,0,-0.24
5735,191.167,67,G4,0.22,0,-0.24
5740,191.333,60,C4,0.22,0,-0.24
5745,191.500,67,G4,0.22,0,-0.24
5750,191.667,64,E4,0.22,0,-0.24
5755,191.833,67,G4,0.22,0,-0.24
5700,190.000,0,C-1,0.1,2,0
5715,190.500,0,C-1,0.1,3,0
5730,191.000,0,C-1,0.1,2,0
5745,191.500,0,C-1,0.1,3,0
5760,192.000,76,E5,0.67,0,0.16
5775,192.500,74,D5,0.48,0,0.16
5790,193.000,72,C5,0.67,0,0.16
5805,193.500,76,E5,0.48,0,0.16
5760,192.000,36,C2,0.6,1,-0.12
5790,193.000,43,G2,0.39,1,-0.12
5760,192.000,60,C4,0.22,0,-0.24
5765,192.167,67,G4,0.22,0,-0.24
5770,192.333,64,E4,0.22,0,-0.24
5775,192.500,67,G4,0.22,0,-0.24
5780,192.667,60,C4,0.22,0,-0.24
5785,192.833,67,G4,0.22,0,-0.24
5790,193.000,64,E4,0.22,0,-0.24
5795,193.167,67,G4,0.22,0,-0.24
5800,193.333,60,C4,0.22,0,-0.24
5805,193.500,67,G4,0.22,0,-0.24
5810,193.667,64,E4,0.22,0,-0.24
5815,193.833,67,G4,0.22,0,-0.24
5760,192.000,0,C-1,0.1,2,0
5775,192.500,0,C-1,0.1,3,0
5790,193.000,0,C-1,0.1,2,0
5805,193.500,0,C-1,0.1,3,0
5820,194.000,77,F5,0.67,0,0.16
5835,194.500,76,E5,0.48,0,0.16
5850,195.000,74,D5,0.67,0,0.16
5865,195.500,72,C5,0.48,0,0.16
5820,194.000,41,F2,0.6,1,-0.12
5850,195.000,48,C3,0.39,1,-0.12
5820,194.000,65,F4,0.22,0,-0.24
5825,194.167,72,C5,0.22,0,-0.24
5830,194.333,69,A4,0.22,0,-0.24
5835,194.500,72,C5,0.22,0,-0.24
5840,194.667,65,F4,0.22,0,-0.24
5845,194.833,72,C5,0.22,0,-0.24
5850,195.000,69,A4,0.22,0,-0.24
5855,195.167,72,C5,0.22,0,-0.24
5860,195.333,65,F4,0.22,0,-0.24
5865,195.500,72,C5,0.22,0,-0.24
5870,195.667,69,A4,0.22,0,-0.24
5875,195.833,72,C5,0.22,0,-0.24
5820,194.000,0,C-1,0.1,2,0
5835,194.500,0,C-1,0.1,3,0
5850,195.000,0,C-1,0.1,2,0
5865,195.500,0,C-1,0.1,3,0
5880,196.000,74,D5,0.67,0,0.16
5895,196.500,76,E5,0.48,0,0.16
5910,197.000,74,D5,0.67,0,0.16
5925,197.500,79,G5,0.48,0,0.16
5880,196.000,43,G2,0.6,1,-0.12
5910,197.000,50,D3,0.39,1,-0.12
5880,196.000,67,G4,0.22,0,-0.24
5885,196.167,74,D5,0.22,0,-0.24
5890,196.333,71,B4,0.22,0,-0.24
5895,196.500,74,D5,0.22,0,-0.24
5900,196.667,67,G4,0.22,0,-0.24
5905,196.833,74,D5,0.22,0,-0.24
5910,197.000,71,B4,0.22,0,-0.24
5915,197.167,74,D5,0.22,0,-0.24
5920,197.333,67,G4,0.22,0,-0.24
5925,197.500,74,D5,0.22,0,-0.24
5930,197.667,71,B4,0.22,0,-0.24
5935,197.833,74,D5,0.22,0,-0.24
5880,196.000,0,C-1,0.1,2,0
5895,196.500,0,C-1,0.1,3,0
5910,197.000,0,C-1,0.1,2,0
5925,197.500,0,C-1,0.1,3,0
5940,198.000,76,E5,0.67,0,0.16
5955,198.500,74,D5,0.48,0,0.16
5970,199.000,72,C5,0.67,0,0.16
5985,199.500,72,C5,0.48,0,0.16
5940,198.000,36,C2,0.6,1,-0.12
5970,199.000,43,G2,0.39,1,-0.12
5940,198.000,60,C4,0.22,0,-0.24
5945,198.167,67,G4,0.22,0,-0.24
5950,198.333,64,E4,0.22,0,-0.24
5955,198.500,67,G4,0.22,0,-0.24
5960,198.667,60,C4,0.22,0,-0.24
5965,198.833,67,G4,0.22,0,-0.24
5970,199.000,64,E4,0.22,0,-0.24
5975,199.167,67,G4,0.22,0,-0.24
5980,199.333,60,C4,0.22,0,-0.24
5985,199.500,67,G4,0.22,0,-0.24
5990,199.667,64,E4,0.22,0,-0.24
5995,199.833,67,G4,0.22,0,-0.24
5940,198.000,0,C-1,0.1,2,0
5955,198.500,0,C-1,0.1,3,0
5970,199.000,0,C-1,0.1,2,0
5985,199.500,0,C-1,0.1,3,0
6000,200.000,79,G5,0.67,0,0.16
6015,200.500,76,E5,0.48,0,0.16
6030,201.000,74,D5,0.67,0,0.16
6045,201.500,72,C5,0.48,0,0.16
6000,200.000,36,C2,0.6,1,-0.12
6030,201.000,43,G2,0.39,1,-0.12
6000,200.000,60,C4,0.22,0,-0.24
6005,200.167,67,G4,0.22,0,-0.24
6010,200.333,64,E4,0.22,0,-0.24
6015,200.500,67,G4,0.22,0,-0.24
6020,200.667,60,C4,0.22,0,-0.24
6025,200.833,67,G4,0.22,0,-0.24
6030,201.000,64,E4,0.22,0,-0.24
6035,201.167,67,G4,0.22,0,-0.24
6040,201.333,60,C4,0.22,0,-0.24
6045,201.500,67,G4,0.22,0,-0.24
6050,201.667,64,E4,0.22,0,-0.24
6055,201.833,67,G4,0.22,0,-0.24
6000,200.000,0,C-1,0.1,2,0
6015,200.500,0,C-1,0.1,3,0
6030,201.000,0,C-1,0.1,2,0
6045,201.500,0,C-1,0.1,3,0
6060,202.000,77,F5,0.67,0,0.16
6075,202.500,79,G5,0.48,0,0.16
6090,203.000,81,A5,0.67,0,0.16
6105,203.500,77,F5,0.48,0,0.16
6060,202.000,41,F2,0.6,1,-0.12
6090,203.000,48,C3,0.39,1,-0.12
6060,202.000,65,F4,0.22,0,-0.24
6065,202.167,72,C5,0.22,0,-0.24
6070,202.333,69,A4,0.22,0,-0.24
6075,202.500,72,C5,0.22,0,-0.24
6080,202.667,65,F4,0.22,0,-0.24
6085,202.833,72,C5,0.22,0,-0.24
6090,203.000,69,A4,0.22,0,-0.24
6095,203.167,72,C5,0.22,0,-0.24
6100,203.333,65,F4,0.22,0,-0.24
6105,203.500,72,C5,0.22,0,-0.24
6110,203.667,69,A4,0.22,0,-0.24
6115,203.833,72,C5,0.22,0,-0.24
6060,202.000,0,C-1,0.1,2,0
6075,202.500,0,C-1,0.1,3,0
6090,203.000,0,C-1,0.1,2,0
6105,203.500,0,C-1,0.1,3,0
6120,204.000,79,G5,0.67,0,0.16
6135,204.500,77,F5,0.48,0,0.16
6150,205.000,74,D5,0.67,0,0.16
6165,205.500,79,G5,0.48,0,0.16
6120,204.000,43,G2,0.6,1,-0.12
6150,205.000,50,D3,0.39,1,-0.12
6120,204.000,67,G4,0.22,0,-0.24
6125,204.167,74,D5,0.22,0,-0.24
6130,204.333,71,B4,0.22,0,-0.24
6135,204.500,74,D5,0.22,0,-0.24
6140,204.667,67,G4,0.22,0,-0.24
6145,204.833,74,D5,0.22,0,-0.24
6150,205.000,71,B4,0.22,0,-0.24
6155,205.167,74,D5,0.22,0,-0.24
6160,205.333,67,G4,0.22,0,-0.24
6165,205.500,74,D5,0.22,0,-0.24
6170,205.667,71,B4,0.22,0,-0.24
6175,205.833,74,D5,0.22,0,-0.24
6120,204.000,0,C-1,0.1,2,0
6135,204.500,0,C-1,0.1,3,0
6150,205.000,0,C-1,0.1,2,0
6165,205.500,0,C-1,0.1,3,0
6180,206.000,76,E5,0.67,0,0.16
6195,206.500,74,D5,0.48,0,0.16
6210,207.000,72,C5,0.67,0,0.16
6225,207.500,72,C5,0.48,0,0.16
6180,206.000,36,C2,0.6,1,-0.12
6210,207.000,43,G2,0.39,1,-0.12
6180,206.000,60,C4,0.22,0,-0.24
6185,206.167,67,G4,0.22,0,-0.24
6190,206.333,64,E4,0.22,0,-0.24
6195,206.500,67,G4,0.22,0,-0.24
6200,206.667,60,C4,0.22,0,-0.24
6205,206.833,67,G4,0.22,0,-0.24
6210,207.000,64,E4,0.22,0,-0.24
6215,207.167,67,G4,0.22,0,-0.24
6220,207.333,60,C4,0.22,0,-0.24
6225,207.500,67,G4,0.22,0,-0.24
6230,207.667,64,E4,0.22,0,-0.24
6235,207.833,67,G4,0.22,0,-0.24
6180,206.000,0,C-1,0.1,2,0
6195,206.500,0,C-1,0.1,3,0
6210,207.000,0,C-1,0.1,2,0
6225,207.500,0,C-1,0.1,3,0
6240,208.000,76,E5,0.67,0,0.16
6255,208.500,74,D5,0.48,0,0.16
6270,209.000,72,C5,0.67,0,0.16
6285,209.500,76,E5,0.48,0,0.16
6240,208.000,36,C2,0.6,1,-0.12
6270,209.000,43,G2,0.39,1,-0.12
6240,208.000,60,C4,0.22,0,-0.24
6245,208.167,67,G4,0.22,0,-0.24
6250,208.333,64,E4,0.22,0,-0.24
6255,208.500,67,G4,0.22,0,-0.24
6260,208.667,60,C4,0.22,0,-0.24
6265,208.833,67,G4,0.22,0,-0.24
6270,209.000,64,E4,0.22,0,-0.24
6275,209.167,67,G4,0.22,0,-0.24
6280,209.333,60,C4,0.22,0,-0.24
6285,209.500,67,G4,0.22,0,-0.24
6290,209.667,64,E4,0.22,0,-0.24
6295,209.833,67,G4,0.22,0,-0.24
6240,208.000,0,C-1,0.1,2,0
6255,208.500,0,C-1,0.1,3,0
6270,209.000,0,C-1,0.1,2,0
6285,209.500,0,C-1,0.1,3,0
6300,210.000,77,F5,0.67,0,0.16
6315,210.500,76,E5,0.48,0,0.16
6330,211.000,74,D5,0.67,0,0.16
6345,211.500,72,C5,0.48,0,0.16
6300,210.000,41,F2,0.6,1,-0.12
6330,211.000,48,C3,0.39,1,-0.12
6300,210.000,65,F4,0.22,0,-0.24
6305,210.167,72,C5,0.22,0,-0.24
6310,210.333,69,A4,0.22,0,-0.24
6315,210.500,72,C5,0.22,0,-0.24
6320,210.667,65,F4,0.22,0,-0.24
6325,210.833,72,C5,0.22,0,-0.24
6330,211.000,69,A4,0.22,0,-0.24
6335,211.167,72,C5,0.22,0,-0.24
6340,211.333,65,F4,0.22,0,-0.24
6345,211.500,72,C5,0.22,0,-0.24
6350,211.667,69,A4,0.22,0,-0.24
6355,211.833,72,C5,0.22,0,-0.24
6300,210.000,0,C-1,0.1,2,0
6315,210.500,0,C-1,0.1,3,0
6330,211.000,0,C-1,0.1,2,0
6345,211.500,0,C-1,0.1,3,0
6360,212.000,74,D5,0.67,0,0.16
6375,212.500,76,E5,0.48,0,0.16
6390,213.000,74,D5,0.67,0,0.16
6405,213.500,79,G5,0.48,0,0.16
6360,212.000,43,G2,0.6,1,-0.12
6390,213.000,50,D3,0.39,1,-0.12
6360,212.000,67,G4,0.22,0,-0.24
6365,212.167,74,D5,0.22,0,-0.24
6370,212.333,71,B4,0.22,0,-0.24
6375,212.500,74,D5,0.22,0,-0.24
6380,212.667,67,G4,0.22,0,-0.24
6385,212.833,74,D5,0.22,0,-0.24
6390,213.000,71,B4,0.22,0,-0.24
6395,213.167,74,D5,0.22,0,-0.24
6400,213.333,67,G4,0.22,0,-0.24
6405,213.500,74,D5,0.22,0,-0.24
6410,213.667,71,B4,0.22,0,-0.24
6415,213.833,74,D5,0.22,0,-0.24
6360,212.000,0,C-1,0.1,2,0
6375,212.500,0,C-1,0.1,3,0
6390,213.000,0,C-1,0.1,2,0
6405,213.500,0,C-1,0.1,3,0
6420,214.000,76,E5,0.67,0,0.16
6435,214.500,74,D5,0.48,0,0.16
6450,215.000,72,C5,0.67,0,0.16
6465,215.500,72,C5,0.48,0,0.16
6420,214.000,36,C2,0.6,1,-0.12
6450,215.000,43,G2,0.39,1,-0.12
6420,214.000,60,C4,0.22,0,-0.24
6425,214.167,67,G4,0.22,0,-0.24
6430,214.333,64,E4,0.22,0,-0.24
6435,214.500,67,G4,0.22,0,-0.24
6440,214.667,60,C4,0.22,0,-0.24
6445,214.833,67,G4,0.22,0,-0.24
6450,215.000,64,E4,0.22,0,-0.24
6455,215.167,67,G4,0.22,0,-0.24
6460,215.333,60,C4,0.22,0,-0.24
6465,215.500,67,G4,0.22,0,-0.24
6470,215.667,64,E4,0.22,0,-0.24
6475,215.833,67,G4,0.22,0,-0.24
6420,214.000,0,C-1,0.1,2,0
6435,214.500,0,C-1,0.1,3,0
6450,215.000,0,C-1,0.1,2,0
6465,215.500,0,C-1,0.1,3,0
6480,216.000,79,G5,0.67,0,0.16
6495,216.500,76,E5,0.48,0,0.16
6510,217.000,74,D5,0.67,0,0.16
6525,217.500,72,C5,0.48,0,0.16
6480,216.000,36,C2,0.6,1,-0.12
6510,217.000,43,G2,0.39,1,-0.12
6480,216.000,60,C4,0.22,0,-0.24
6485,216.167,67,G4,0.22,0,-0.24
6490,216.333,64,E4,0.22,0,-0.24
6495,216.500,67,G4,0.22,0,-0.24
6500,216.667,60,C4,0.22,0,-0.24
6505,216.833,67,G4,0.22,0,-0.24
6510,217.000,64,E4,0.22,0,-0.24
6515,217.167,67,G4,0.22,0,-0.24
6520,217.333,60,C4,0.22,0,-0.24
6525,217.500,67,G4,0.22,0,-0.24
6530,217.667,64,E4,0.22,0,-0.24
6535,217.833,67,G4,0.22,0,-0.24
6480,216.000,0,C-1,0.1,2,0
6495,216.500,0,C-1,0.1,3,0
6510,217.000,0,C-1,0.1,2,0
6525,217.500,0,C-1,0.1,3,0
6540,218.000,77,F5,0.67,0,0.16
6555,218.500,79,G5,0.48,0,0.16
6570,219.000,81,A5,0.67,0,0.16
6585,219.500,77,F5,0.48,0,0.16
6540,218.000,41,F2,0.6,1,-0.12
6570,219.000,48,C3,0.39,1,-0.12
6540,218.000,65,F4,0.22,0,-0.24
6545,218.167,72,C5,0.22,0,-0.24
6550,218.333,69,A4,0.22,0,-0.24
6555,218.500,72,C5,0.22,0,-0.24
6560,218.667,65,F4,0.22,0,-0.24
6565,218.833,72,C5,0.22,0,-0.24
6570,219.000,69,A4,0.22,0,-0.24
6575,219.167,72,C5,0.22,0,-0.24
6580,219.333,65,F4,0.22,0,-0.24
6585,219.500,72,C5,0.22,0,-0.24
6590,219.667,69,A4,0.22,0,-0.24
6595,219.833,72,C5,0.22,0,-0.24
6540,218.000,0,C-1,0.1,2,0
6555,218.500,0,C-1,0.1,3,0
6570,219.000,0,C-1,0.1,2,0
6585,219.500,0,C-1,0.1,3,0
6600,220.000,79,G5,0.67,0,0.16
6615,220.500,77,F5,0.48,0,0.16
6630,221.000,74,D5,0.67,0,0.16
6645,221.500,79,G5,0.48,0,0.16
6600,220.000,43,G2,0.6,1,-0.12
6630,221.000,50,D3,0.39,1,-0.12
6600,220.000,67,G4,0.22,0,-0.24
6605,220.167,74,D5,0.22,0,-0.24
6610,220.333,71,B4,0.22,0,-0.24
6615,220.500,74,D5,0.22,0,-0.24
6620,220.667,67,G4,0.22,0,-0.24
6625,220.833,74,D5,0.22,0,-0.24
6630,221.000,71,B4,0.22,0,-0.24
6635,221.167,74,D5,0.22,0,-0.24
6640,221.333,67,G4,0.22,0,-0.24
6645,221.500,74,D5,0.22,0,-0.24
6650,221.667,71,B4,0.22,0,-0.24
6655,221.833,74,D5,0.22,0,-0.24
6600,220.000,0,C-1,0.1,2,0
6615,220.500,0,C-1,0.1,3,0
6630,221.000,0,C-1,0.1,2,0
6645,221.500,0,C-1,0.1,3,0
6660,222.000,76,E5,0.67,0,0.16
6675,222.500,74,D5,0.48,0,0.16
6690,223.000,72,C5,0.67,0,0.16
6705,223.500,72,C5,0.48,0,0.16
6660,222.000,36,C2,0.6,1,-0.12
6690,223.000,43,G2,0.39,1,-0.12
6660,222.000,60,C4,0.22,0,-0.24
6665,222.167,67,G4,0.22,0,-0.24
6670,222.333,64,E4,0.22,0,-0.24
6675,222.500,67,G4,0.22,0,-0.24
6680,222.667,60,C4,0.22,0,-0.24
6685,222.833,67,G4,0.22,0,-0.24
6690,223.000,64,E4,0.22,0,-0.24
6695,223.167,67,G4,0.22,0,-0.24
6700,223.333,60,C4,0.22,0,-0.24
6705,223.500,67,G4,0.22,0,-0.24
6710,223.667,64,E4,0.22,0,-0.24
6715,223.833,67,G4,0.22,0,-0.24
6660,222.000,0,C-1,0.1,2,0
6675,222.500,0,C-1,0.1,3,0
6690,223.000,0,C-1,0.1,2,0
6705,223.500,0,C-1,0.1,3,0
6720,224.000,76,E5,0.67,0,0.16
6735,224.500,74,D5,0.48,0,0.16
6750,225.000,72,C5,0.67,0,0.16
6765,225.500,76,E5,0.48,0,0.16
6720,224.000,36,C2,0.6,1,-0.12
6750,225.000,43,G2,0.39,1,-0.12
6720,224.000,60,C4,0.22,0,-0.24
6725,224.167,67,G4,0.22,0,-0.24
6730,224.333,64,E4,0.22,0,-0.24
6735,224.500,67,G4,0.22,0,-0.24
6740,224.667,60,C4,0.22,0,-0.24
6745,224.833,67,G4,0.22,0,-0.24
6750,225.000,64,E4,0.22,0,-0.24
6755,225.167,67,G4,0.22,0,-0.24
6760,225.333,60,C4,0.22,0,-0.24
6765,225.500,67,G4,0.22,0,-0.24
6770,225.667,64,E4,0.22,0,-0.24
6775,225.833,67,G4,0.22,0,-0.24
6720,224.000,0,C-1,0.1,2,0
6735,224.500,0,C-1,0.1,3,0
6750,225.000,0,C-1,0.1,2,0
6765,225.500,0,C-1,0.1,3,0
6780,226.000,77,F5,0.67,0,0.16
6795,226.500,76,E5,0.48,0,0.16
6810,227.000,74,D5,0.67,0,0.16
6825,227.500,72,C5,0.48,0,0.16
6780,226.000,41,F2,0.6,1,-0.12
6810,227.000,48,C3,0.39,1,-0.12
6780,226.000,65,F4,0.22,0,-0.24
6785,226.167,72,C5,0.22,0,-0.24
6790,226.333,69,A4,0.22,0,-0.24
6795,226.500,72,C5,0.22,0,-0.24
6800,226.667,65,F4,0.22,0,-0.24
6805,226.833,72,C5,0.22,0,-0.24
6810,227.000,69,A4,0.22,0,-0.24
6815,227.167,72,C5,0.22,0,-0.24
6820,227.333,65,F4,0.22,0,-0.24
6825,227.500,72,C5,0.22,0,-0.24
6830,227.667,69,A4,0.22,0,-0.24
6835,227.833,72,C5,0.22,0,-0.24
6780,226.000,0,C-1,0.1,2,0
6795,226.500,0,C-1,0.1,3,0
6810,227.000,0,C-1,0.1,2,0
6825,227.500,0,C-1,0.1,3,0
6840,228.000,74,D5,0.67,0,0.16
6855,228.500,76,E5,0.48,0,0.16
6870,229.000,74,D5,0.67,0,0.16
6885,229.500,79,G5,0.48,0,0.16
6840,228.000,43,G2,0.6,1,-0.12
6870,229.000,50,D3,0.39,1,-0.12
6840,228.000,67,G4,0.22,0,-0.24
6845,228.167,74,D5,0.22,0,-0.24
6850,228.333,71,B4,0.22,0,-0.24
6855,228.500,74,D5,0.22,0,-0.24
6860,228.667,67,G4,0.22,0,-0.24
6865,228.833,74,D5,0.22,0,-0.24
6870,229.000,71,B4,0.22,0,-0.24
6875,229.167,74,D5,0.22,0,-0.24
6880,229.333,67,G4,0.22,0,-0.24
6885,229.500,74,D5,0.22,0,-0.24
6890,229.667,71,B4,0.22,0,-0.24
6895,229.833,74,D5,0.22,0,-0.24
6840,228.000,0,C-1,0.1,2,0
6855,228.500,0,C-1,0.1,3,0
6870,229.000,0,C-1,0.1,2,0
6885,229.500,0,C-1,0.1,3,0
6900,230.000,76,E5,0.67,0,0.16
6915,230.500,74,D5,0.48,0,0.16
6930,231.000,72,C5,0.67,0,0.16
6945,231.500,72,C5,0.48,0,0.16
6900,230.000,36,C2,0.6,1,-0.12
6930,231.000,43,G2,0.39,1,-0.12
6900,230.000,60,C4,0.22,0,-0.24
6905,230.167,67,G4,0.22,0,-0.24
6910,230.333,64,E4,0.22,0,-0.24
6915,230.500,67,G4,0.22,0,-0.24
6920,230.667,60,C4,0.22,0,-0.24
6925,230.833,67,G4,0.22,0,-0.24
6930,231.000,64,E4,0.22,0,-0.24
6935,231.167,67,G4,0.22,0,-0.24
6940,231.333,60,C4,0.22,0,-0.24
6945,231.500,67,G4,0.22,0,-0.24
6950,231.667,64,E4,0.22,0,-0.24
6955,231.833,67,G4,0.22,0,-0.24
6900,230.000,0,C-1,0.1,2,0
6915,230.500,0,C-1,0.1,3,0
6930,231.000,0,C-1,0.1,2,0
6945,231.500,0,C-1,0.1,3,0
6960,232.000,79,G5,0.67,0,0.16
6975,232.500,76,E5,0.48,0,0.16
6990,233.000,74,D5,0.67,0,0.16
7005,233.500,72,C5,0.48,0,0.16
6960,232.000,36,C2,0.6,1,-0.12
6990,233.000,43,G2,0.39,1,-0.12
6960,232.000,60,C4,0.22,0,-0.24
6965,232.167,67,G4,0.22,0,-0.24
6970,232.333,64,E4,0.22,0,-0.24
6975,232.500,67,G4,0.22,0,-0.24
6980,232.667,60,C4,0.22,0,-0.24
6985,232.833,67,G4,0.22,0,-0.24
6990,233.000,64,E4,0.22,0,-0.24
6995,233.167,67,G4,0.22,0,-0.24
7000,233.333,60,C4,0.22,0,-0.24
7005,233.500,67,G4,0.22,0,-0.24
7010,233.667,64,E4,0.22,0,-0.24
7015,233.833,67,G4,0.22,0,-0.24
6960,232.000,0,C-1,0.1,2,0
6975,232.500,0,C-1,0.1,3,0
6990,233.000,0,C-1,0.1,2,0
7005,233.500,0,C-1,0.1,3,0
7020,234.000,77,F5,0.67,0,0.16
7035,234.500,79,G5,0.48,0,0.16
7050,235.000,81,A5,0.67,0,0.16
7065,235.500,77,F5,0.48,0,0.16
7020,234.000,41,F2,0.6,1,-0.12
7050,235.000,48,C3,0.39,1,-0.12
7020,234.000,65,F4,0.22,0,-0.24
7025,234.167,72,C5,0.22,0,-0.24
7030,234.333,69,A4,0.22,0,-0.24
7035,234.500,72,C5,0.22,0,-0.24
7040,234.667,65,F4,0.22,0,-0.24
7045,234.833,72,C5,0.22,0,-0.24
7050,235.000,69,A4,0.22,0,-0.24
7055,235.167,72,C5,0.22,0,-0.24
7060,235.333,65,F4,0.22,0,-0.24
7065,235.500,72,C5,0.22,0,-0.24
7070,235.667,69,A4,0.22,0,-0.24
7075,235.833,72,C5,0.22,0,-0.24
7020,234.000,0,C-1,0.1,2,0
7035,234.500,0,C-1,0.1,3,0
7050,235.000,0,C-1,0.1,2,0
7065,235.500,0,C-1,0.1,3,0
7080,236.000,79,G5,0.67,0,0.16
7095,236.500,77,F5,0.48,0,0.16
7110,237.000,74,D5,0.67,0,0.16
7125,237.500,79,G5,0.48,0,0.16
7080,236.000,43,G2,0.6,1,-0.12
7110,237.000,50,D3,0.39,1,-0.12
7080,236.000,67,G4,0.22,0,-0.24
7085,236.167,74,D5,0.22,0,-0.24
7090,236.333,71,B4,0.22,0,-0.24
7095,236.500,74,D5,0.22,0,-0.24
7100,236.667,67,G4,0.22,0,-0.24
7105,236.833,74,D5,0.22,0,-0.24
7110,237.000,71,B4,0.22,0,-0.24
7115,237.167,74,D5,0.22,0,-0.24
7120,237.333,67,G4,0.22,0,-0.24
7125,237.500,74,D5,0.22,0,-0.24
7130,237.667,71,B4,0.22,0,-0.24
7135,237.833,74,D5,0.22,0,-0.24
7080,236.000,0,C-1,0.1,2,0
7095,236.500,0,C-1,0.1,3,0
7110,237.000,0,C-1,0.1,2,0
7125,237.500,0,C-1,0.1,3,0
7140,238.000,76,E5,0.67,0,0.16
7155,238.500,74,D5,0.48,0,0.16
7170,239.000,72,C5,0.67,0,0.16
7185,239.500,72,C5,0.48,0,0.16
7140,238.000,36,C2,0.6,1,-0.12
7170,239.000,43,G2,0.39,1,-0.12
7140,238.000,60,C4,0.22,0,-0.24
7145,238.167,67,G4,0.22,0,-0.24
7150,238.333,64,E4,0.22,0,-0.24
7155,238.500,67,G4,0.22,0,-0.24
7160,238.667,60,C4,0.22,0,-0.24
7165,238.833,67,G4,0.22,0,-0.24
7170,239.000,64,E4,0.22,0,-0.24
7175,239.167,67,G4,0.22,0,-0.24
7180,239.333,60,C4,0.22,0,-0.24
7185,239.500,67,G4,0.22,0,-0.24
7190,239.667,64,E4,0.22,0,-0.24
7195,239.833,67,G4,0.22,0,-0.24
7140,238.000,0,C-1,0.1,2,0
7155,238.500,0,C-1,0.1,3,0
7170,239.000,0,C-1,0.1,2,0
7185,239.500,0,C-1,0.1,3,0
7200,240.000,76,E5,0.67,0,0.16
7215,240.500,74,D5,0.48,0,0.16
7230,241.000,72,C5,0.67,0,0.16
7245,241.500,76,E5,0.48,0,0.16
7200,240.000,36,C2,0.6,1,-0.12
7230,241.000,43,G2,0.39,1,-0.12
7200,240.000,60,C4,0.22,0,-0.24
7205,240.167,67,G4,0.22,0,-0.24
7210,240.333,64,E4,0.22,0,-0.24
7215,240.500,67,G4,0.22,0,-0.24
7220,240.667,60,C4,0.22,0,-0.24
7225,240.833,67,G4,0.22,0,-0.24
7230,241.000,64,E4,0.22,0,-0.24
7235,241.167,67,G4,0.22,0,-0.24
7240,241.333,60,C4,0.22,0,-0.24
7245,241.500,67,G4,0.22,0,-0.24
7250,241.667,64,E4,0.22,0,-0.24
7255,241.833,67,G4,0.22,0,-0.24
7200,240.000,0,C-1,0.1,2,0
7215,240.500,0,C-1,0.1,3,0
7230,241.000,0,C-1,0.1,2,0
7245,241.500,0,C-1,0.1,3,0
7260,242.000,77,F5,0.67,0,0.16
7275,242.500,76,E5,0.48,0,0.16
7290,243.000,74,D5,0.67,0,0.16
7305,243.500,72,C5,0.48,0,0.16
7260,242.000,41,F2,0.6,1,-0.12
7290,243.000,48,C3,0.39,1,-0.12
7260,242.000,65,F4,0.22,0,-0.24
7265,242.167,72,C5,0.22,0,-0.24
7270,242.333,69,A4,0.22,0,-0.24
7275,242.500,72,C5,0.22,0,-0.24
7280,242.667,65,F4,0.22,0,-0.24
7285,242.833,72,C5,0.22,0,-0.24
7290,243.000,69,A4,0.22,0,-0.24
7295,243.167,72,C5,0.22,0,-0.24
7300,243.333,65,F4,0.22,0,-0.24
7305,243.500,72,C5,0.22,0,-0.24
7310,243.667,69,A4,0.22,0,-0.24
7315,243.833,72,C5,0.22,0,-0.24
7260,242.000,0,C-1,0.1,2,0
7275,242.500,0,C-1,0.1,3,0
7290,243.000,0,C-1,0.1,2,0
7305,243.500,0,C-1,0.1,3,0
7320,244.000,74,D5,0.67,0,0.16
7335,244.500,76,E5,0.48,0,0.16
7350,245.000,74,D5,0.67,0,0.16
7365,245.500,79,G5,0.48,0,0.16
7320,244.000,43,G2,0.6,1,-0.12
7350,245.000,50,D3,0.39,1,-0.12
7320,244.000,67,G4,0.22,0,-0.24
7325,244.167,74,D5,0.22,0,-0.24
7330,244.333,71,B4,0.22,0,-0.24
7335,244.500,74,D5,0.22,0,-0.24
7340,244.667,67,G4,0.22,0,-0.24
7345,244.833,74,D5,0.22,0,-0.24
7350,245.000,71,B4,0.22,0,-0.24
7355,245.167,74,D5,0.22,0,-0.24
7360,245.333,67,G4,0.22,0,-0.24
7365,245.500,74,D5,0.22,0,-0.24
7370,245.667,71,B4,0.22,0,-0.24
7375,245.833,74,D5,0.22,0,-0.24
7320,244.000,0,C-1,0.1,2,0
7335,244.500,0,C-1,0.1,3,0
7350,245.000,0,C-1,0.1,2,0
7365,245.500,0,C-1,0.1,3,0
7380,246.000,76,E5,0.67,0,0.16
7395,246.500,74,D5,0.48,0,0.16
7410,247.000,72,C5,0.67,0,0.16
7425,247.500,72,C5,0.48,0,0.16
7380,246.000,36,C2,0.6,1,-0.12
7410,247.000,43,G2,0.39,1,-0.12
7380,246.000,60,C4,0.22,0,-0.24
7385,246.167,67,G4,0.22,0,-0.24
7390,246.333,64,E4,0.22,0,-0.24
7395,246.500,67,G4,0.22,0,-0.24
7400,246.667,60,C4,0.22,0,-0.24
7405,246.833,67,G4,0.22,0,-0.24
7410,247.000,64,E4,0.22,0,-0.24
7415,247.167,67,G4,0.22,0,-0.24
7420,247.333,60,C4,0.22,0,-0.24
7425,247.500,67,G4,0.22,0,-0.24
7430,247.667,64,E4,0.22,0,-0.24
7435,247.833,67,G4,0.22,0,-0.24
7380,246.000,0,C-1,0.1,2,0
7395,246.500,0,C-1,0.1,3,0
7410,247.000,0,C-1,0.1,2,0
7425,247.500,0,C-1,0.1,3,0
7440,248.000,79,G5,0.67,0,0.16
7455,248.500,76,E5,0.48,0,0.16
7470,249.000,74,D5,0.67,0,0.16
7485,249.500,72,C5,0.48,0,0.16
7440,248.000,36,C2,0.6,1,-0.12
7470,249.000,43,G2,0.39,1,-0.12
7440,248.000,60,C4,0.22,0,-0.24
7445,248.167,67,G4,0.22,0,-0.24
7450,248.333,64,E4,0.22,0,-0.24
7455,248.500,67,G4,0.22,0,-0.24
7460,248.667,60,C4,0.22,0,-0.24
7465,248.833,67,G4,0.22,0,-0.24
7470,249.000,64,E4,0.22,0,-0.24
7475,249.167,67,G4,0.22,0,-0.24
7480,249.333,60,C4,0.22,0,-0.24
7485,249.500,67,G4,0.22,0,-0.24
7490,249.667,64,E4,0.22,0,-0.24
7495,249.833,67,G4,0.22,0,-0.24
7440,248.000,0,C-1,0.1,2,0
7455,248.500,0,C-1,0.1,3,0
7470,249.000,0,C-1,0.1,2,0
7485,249.500,0,C-1,0.1,3,0
7500,250.000,77,F5,0.67,0,0.16
7515,250.500,79,G5,0.48,0,0.16
7530,251.000,81,A5,0.67,0,0.16
7545,251.500,77,F5,0.48,0,0.16
7500,250.000,41,F2,0.6,1,-0.12
7530,251.000,48,C3,0.39,1,-0.12
7500,250.000,65,F4,0.22,0,-0.24
7505,250.167,72,C5,0.22,0,-0.24
7510,250.333,69,A4,0.22,0,-0.24
7515,250.500,72,C5,0.22,0,-0.24
7520,250.667,65,F4,0.22,0,-0.24
7525,250.833,72,C5,0.22,0,-0.24
7530,251.000,69,A4,0.22,0,-0.24
7535,251.167,72,C5,0.22,0,-0.24
7540,251.333,65,F4,0.22,0,-0.24
7545,251.500,72,C5,0.22,0,-0.24
7550,251.667,69,A4,0.22,0,-0.24
7555,251.833,72,C5,0.22,0,-0.24
7500,250.000,0,C-1,0.1,2,0
7515,250.500,0,C-1,0.1,3,0
7530,251.000,0,C-1,0.1,2,0
7545,251.500,0,C-1,0.1,3,0
7560,252.000,79,G5,0.67,0,0.16
7575,252.500,77,F5,0.48,0,0.16
7590,253.000,74,D5,0.67,0,0.16
7605,253.500,79,G5,0.48,0,0.16
7560,252.000,43,G2,0.6,1,-0.12
7590,253.000,50,D3,0.39,1,-0.12
7560,252.000,67,G4,0.22,0,-0.24
7565,252.167,74,D5,0.22,0,-0.24
7570,252.333,71,B4,0.22,0,-0.24
7575,252.500,74,D5,0.22,0,-0.24
7580,252.667,67,G4,0.22,0,-0.24
7585,252.833,74,D5,0.22,0,-0.24
7590,253.000,71,B4,0.22,0,-0.24
7595,253.167,74,D5,0.22,0,-0.24
7600,253.333,67,G4,0.22,0,-0.24
7605,253.500,74,D5,0.22,0,-0.24
7610,253.667,71,B4,0.22,0,-0.24
7615,253.833,74,D5,0.22,0,-0.24
7560,252.000,0,C-1,0.1,2,0
7575,252.500,0,C-1,0.1,3,0
7590,253.000,0,C-1,0.1,2,0
7605,253.500,0,C-1,0.1,3,0
7620,254.000,76,E5,0.67,0,0.16
7635,254.500,74,D5,0.48,0,0.16
7650,255.000,72,C5,0.67,0,0.16
7665,255.500,72,C5,0.48,0,0.16
7620,254.000,36,C2,0.6,1,-0.12
7650,255.000,43,G2,0.39,1,-0.12
7620,254.000,60,C4,0.22,0,-0.24
7625,254.167,67,G4,0.22,0,-0.24
7630,254.333,64,E4,0.22,0,-0.24
7635,254.500,67,G4,0.22,0,-0.24
7640,254.667,60,C4,0.22,0,-0.24
7645,254.833,67,G4,0.22,0,-0.24
7650,255.000,64,E4,0.22,0,-0.24
7655,255.167,67,G4,0.22,0,-0.24
7660,255.333,60,C4,0.22,0,-0.24
7665,255.500,67,G4,0.22,0,-0.24
7670,255.667,64,E4,0.22,0,-0.24
7675,255.833,67,G4,0.22,0,-0.24
7620,254.000,0,C-1,0.1,2,0
7635,254.500,0,C-1,0.1,3,0
7650,255.000,0,C-1,0.1,2,0
7665,255.500,0,C-1,0.1,3,0
7680,256.000,76,E5,0.67,0,0.16
7695,256.500,74,D5,0.48,0,0.16
7710,257.000,72,C5,0.67,0,0.16
7725,257.500,76,E5,0.48,0,0.16
7680,256.000,36,C2,0.6,1,-0.12
7710,257.000,43,G2,0.39,1,-0.12
7680,256.000,60,C4,0.22,0,-0.24
7685,256.167,67,G4,0.22,0,-0.24
7690,256.333,64,E4,0.22,0,-0.24
7695,256.500,67,G4,0.22,0,-0.24
7700,256.667,60,C4,0.22,0,-0.24
7705,256.833,67,G4,0.22,0,-0.24
7710,257.000,64,E4,0.22,0,-0.24
7715,257.167,67,G4,0.22,0,-0.24
7720,257.333,60,C4,0.22,0,-0.24
7725,257.500,67,G4,0.22,0,-0.24
7730,257.667,64,E4,0.22,0,-0.24
7735,257.833,67,G4,0.22,0,-0.24
7680,256.000,0,C-1,0.1,2,0
7695,256.500,0,C-1,0.1,3,0
7710,257.000,0,C-1,0.1,2,0
7725,257.500,0,C-1,0.1,3,0
7740,258.000,77,F5,0.67,0,0.16
7755,258.500,76,E5,0.48,0,0.16
7770,259.000,74,D5,0.67,0,0.16
7785,259.500,72,C5,0.48,0,0.16
7740,258.000,41,F2,0.6,1,-0.12
7770,259.000,48,C3,0.39,1,-0.12
7740,258.000,65,F4,0.22,0,-0.24
7745,258.167,72,C5,0.22,0,-0.24
7750,258.333,69,A4,0.22,0,-0.24
7755,258.500,72,C5,0.22,0,-0.24
7760,258.667,65,F4,0.22,0,-0.24
7765,258.833,72,C5,0.22,0,-0.24
7770,259.000,69,A4,0.22,0,-0.24
7775,259.167,72,C5,0.22,0,-0.24
7780,259.333,65,F4,0.22,0,-0.24
7785,259.500,72,C5,0.22,0,-0.24
7790,259.667,69,A4,0.22,0,-0.24
7795,259.833,72,C5,0.22,0,-0.24
7740,258.000,0,C-1,0.1,2,0
7755,258.500,0,C-1,0.1,3,0
7770,259.000,0,C-1,0.1,2,0
7785,259.500,0,C-1,0.1,3,0
7800,260.000,74,D5,0.67,0,0.16
7815,260.500,76,E5,0.48,0,0.16
7830,261.000,74,D5,0.67,0,0.16
7845,261.500,79,G5,0.48,0,0.16
7800,260.000,43,G2,0.6,1,-0.12
7830,261.000,50,D3,0.39,1,-0.12
7800,260.000,67,G4,0.22,0,-0.24
7805,260.167,74,D5,0.22,0,-0.24
7810,260.333,71,B4,0.22,0,-0.24
7815,260.500,74,D5,0.22,0,-0.24
7820,260.667,67,G4,0.22,0,-0.24
7825,260.833,74,D5,0.22,0,-0.24
7830,261.000,71,B4,0.22,0,-0.24
7835,261.167,74,D5,0.22,0,-0.24
7840,261.333,67,G4,0.22,0,-0.24
7845,261.500,74,D5,0.22,0,-0.24
7850,261.667,71,B4,0.22,0,-0.24
7855,261.833,74,D5,0.22,0,-0.24
7800,260.000,0,C-1,0.1,2,0
7815,260.500,0,C-1,0.1,3,0
7830,261.000,0,C-1,0.1,2,0
7845,261.500,0,C-1,0.1,3,0
7860,262.000,76,E5,0.67,0,0.16
7875,262.500,74,D5,0.48,0,0.16
7890,263.000,72,C5,0.67,0,0.16
7905,263.500,72,C5,0.48,0,0.16
7860,262.000,36,C2,0.6,1,-0.12
7890,263.000,43,G2,0.39,1,-0.12
7860,262.000,60,C4,0.22,0,-0.24
7865,262.167,67,G4,0.22,0,-0.24
7870,262.333,64,E4,0.22,0,-0.24
7875,262.500,67,G4,0.22,0,-0.24
7880,262.667,60,C4,0.22,0,-0.24
7885,262.833,67,G4,0.22,0,-0.24
7890,263.000,64,E4,0.22,0,-0.24
7895,263.167,67,G4,0.22,0,-0.24
7900,263.333,60,C4,0.22,0,-0.24
7905,263.500,67,G4,0.22,0,-0.24
7910,263.667,64,E4,0.22,0,-0.24
7915,263.833,67,G4,0.22,0,-0.24
7860,262.000,0,C-1,0.1,2,0
7875,262.500,0,C-1,0.1,3,0
7890,263.000,0,C-1,0.1,2,0
7905,263.500,0,C-1,0.1,3,0
7920,264.000,79,G5,0.67,0,0.16
7935,264.500,76,E5,0.48,0,0.16
7950,265.000,74,D5,0.67,0,0.16
7965,265.500,72,C5,0.48,0,0.16
7920,264.000,36,C2,0.6,1,-0.12
7950,265.000,43,G2,0.39,1,-0.12
7920,264.000,60,C4,0.22,0,-0.24
7925,264.167,67,G4,0.22,0,-0.24
7930,264.333,64,E4,0.22,0,-0.24
7935,264.500,67,G4,0.22,0,-0.24
7940,264.667,60,C4,0.22,0,-0.24
7945,264.833,67,G4,0.22,0,-0.24
7950,265.000,64,E4,0.22,0,-0.24
7955,265.167,67,G4,0.22,0,-0.24
7960,265.333,60,C4,0.22,0,-0.24
7965,265.500,67,G4,0.22,0,-0.24
7970,265.667,64,E4,0.22,0,-0.24
7975,265.833,67,G4,0.22,0,-0.24
7920,264.000,0,C-1,0.1,2,0
7935,264.500,0,C-1,0.1,3,0
7950,265.000,0,C-1,0.1,2,0
7965,265.500,0,C-1,0.1,3,0
7980,266.000,77,F5,0.67,0,0.16
7995,266.500,79,G5,0.48,0,0.16
8010,267.000,81,A5,0.67,0,0.16
8025,267.500,77,F5,0.48,0,0.16
7980,266.000,41,F2,0.6,1,-0.12
8010,267.000,48,C3,0.39,1,-0.12
7980,266.000,65,F4,0.22,0,-0.24
7985,266.167,72,C5,0.22,0,-0.24
7990,266.333,69,A4,0.22,0,-0.24
7995,266.500,72,C5,0.22,0,-0.24
8000,266.667,65,F4,0.22,0,-0.24
8005,266.833,72,C5,0.22,0,-0.24
8010,267.000,69,A4,0.22,0,-0.24
8015,267.167,72,C5,0.22,0,-0.24
8020,267.333,65,F4,0.22,0,-0.24
8025,267.500,72,C5,0.22,0,-0.24
8030,267.667,69,A4,0.22,0,-0.24
8035,267.833,72,C5,0.22,0,-0.24
7980,266.000,0,C-1,0.1,2,0
7995,266.500,0,C-1,0.1,3,0
8010,267.000,0,C-1,0.1,2,0
8025,267.500,0,C-1,0.1,3,0
8040,268.000,79,G5,0.67,0,0.16
8055,268.500,77,F5,0.48,0,0.16
8070,269.000,74,D5,0.67,0,0.16
8085,269.500,79,G5,0.48,0,0.16
8040,268.000,43,G2,0.6,1,-0.12
8070,269.000,50,D3,0.39,1,-0.12
8040,268.000,67,G4,0.22,0,-0.24
8045,268.167,74,D5,0.22,0,-0.24
8050,268.333,71,B4,0.22,0,-0.24
8055,268.500,74,D5,0.22,0,-0.24
8060,268.667,67,G4,0.22,0,-0.24
8065,268.833,74,D5,0.22,0,-0.24
8070,269.000,71,B4,0.22,0,-0.24
8075,269.167,74,D5,0.22,0,-0.24
8080,269.333,67,G4,0.22,0,-0.24
8085,269.500,74,D5,0.22,0,-0.24
8090,269.667,71,B4,0.22,0,-0.24
8095,269.833,74,D5,0.22,0,-0.24
8040,268.000,0,C-1,0.1,2,0
8055,268.500,0,C-1,0.1,3,0
8070,269.000,0,C-1,0.1,2,0
8085,269.500,0,C-1,0.1,3,0
8100,270.000,76,E5,0.67,0,0.16
8115,270.500,74,D5,0.48,0,0.16
8130,271.000,72,C5,0.67,0,0.16
8145,271.500,72,C5,0.48,0,0.16
8100,270.000,36,C2,0.6,1,-0.12
8130,271.000,43,G2,0.39,1,-0.12
8100,270.000,60,C4,0.22,0,-0.24
8105,270.167,67,G4,0.22,0,-0.24
8110,270.333,64,E4,0.22,0,-0.24
8115,270.500,67,G4,0.22,0,-0.24
8120,270.667,60,C4,0.22,0,-0.24
8125,270.833,67,G4,0.22,0,-0.24
8130,271.000,64,E4,0.22,0,-0.24
8135,271.167,67,G4,0.22,0,-0.24
8140,271.333,60,C4,0.22,0,-0.24
8145,271.500,67,G4,0.22,0,-0.24
8150,271.667,64,E4,0.22,0,-0.24
8155,271.833,67,G4,0.22,0,-0.24
8100,270.000,0,C-1,0.1,2,0
8115,270.500,0,C-1,0.1,3,0
8130,271.000,0,C-1,0.1,2,0
8145,271.500,0,C-1,0.1,3,0
8160,272.000,76,E5,0.67,0,0.16
8175,272.500,74,D5,0.48,0,0.16
8190,273.000,72,C5,0.67,0,0.16
8205,273.500,76,E5,0.48,0,0.16
8160,272.000,36,C2,0.6,1,-0.12
8190,273.000,43,G2,0.39,1,-0.12
8160,272.000,60,C4,0.22,0,-0.24
8165,272.167,67,G4,0.22,0,-0.24
8170,272.333,64,E4,0.22,0,-0.24
8175,272.500,67,G4,0.22,0,-0.24
8180,272.667,60,C4,0.22,0,-0.24
8185,272.833,67,G4,0.22,0,-0.24
8190,273.000,64,E4,0.22,0,-0.24
8195,273.167,67,G4,0.22,0,-0.24
8200,273.333,60,C4,0.22,0,-0.24
8205,273.500,67,G4,0.22,0,-0.24
8210,273.667,64,E4,0.22,0,-0.24
8215,273.833,67,G4,0.22,0,-0.24
8160,272.000,0,C-1,0.1,2,0
8175,272.500,0,C-1,0.1,3,0
8190,273.000,0,C-1,0.1,2,0
8205,273.500,0,C-1,0.1,3,0
8220,274.000,77,F5,0.67,0,0.16
8235,274.500,76,E5,0.48,0,0.16
8250,275.000,74,D5,0.67,0,0.16
8265,275.500,72,C5,0.48,0,0.16
8220,274.000,41,F2,0.6,1,-0.12
8250,275.000,48,C3,0.39,1,-0.12
8220,274.000,65,F4,0.22,0,-0.24
8225,274.167,72,C5,0.22,0,-0.24
8230,274.333,69,A4,0.22,0,-0.24
8235,274.500,72,C5,0.22,0,-0.24
8240,274.667,65,F4,0.22,0,-0.24
8245,274.833,72,C5,0.22,0,-0.24
8250,275.000,69,A4,0.22,0,-0.24
8255,275.167,72,C5,0.22,0,-0.24
8260,275.333,65,F4,0.22,0,-0.24
8265,275.500,72,C5,0.22,0,-0.24
8270,275.667,69,A4,0.22,0,-0.24
8275,275.833,72,C5,0.22,0,-0.24
8220,274.000,0,C-1,0.1,2,0
8235,274.500,0,C-1,0.1,3,0
8250,275.000,0,C-1,0.1,2,0
8265,275.500,0,C-1,0.1,3,0
8280,276.000,74,D5,0.67,0,0.16
8295,276.500,76,E5,0.48,0,0.16
8310,277.000,74,D5,0.67,0,0.16
8325,277.500,79,G5,0.48,0,0.16
8280,276.000,43,G2,0.6,1,-0.12
8310,277.000,50,D3,0.39,1,-0.12
8280,276.000,67,G4,0.22,0,-0.24
8285,276.167,74,D5,0.22,0,-0.24
8290,276.333,71,B4,0.22,0,-0.24
8295,276.500,74,D5,0.22,0,-0.24
8300,276.667,67,G4,0.22,0,-0.24
8305,276.833,74,D5,0.22,0,-0.24
8310,277.000,71,B4,0.22,0,-0.24
8315,277.167,74,D5,0.22,0,-0.24
8320,277.333,67,G4,0.22,0,-0.24
8325,277.500,74,D5,0.22,0,-0.24
8330,277.667,71,B4,0.22,0,-0.24
8335,277.833,74,D5,0.22,0,-0.24
8280,276.000,0,C-1,0.1,2,0
8295,276.500,0,C-1,0.1,3,0
8310,277.000,0,C-1,0.1,2,0
8325,277.500,0,C-1,0.1,3,0
8340,278.000,76,E5,0.67,0,0.16
8355,278.500,74,D5,0.48,0,0.16
8370,279.000,72,C5,0.67,0,0.16
8385,279.500,72,C5,0.48,0,0.16
8340,278.000,36,C2,0.6,1,-0.12
8370,279.000,43,G2,0.39,1,-0.12
8340,278.000,60,C4,0.22,0,-0.24
8345,278.167,67,G4,0.22,0,-0.24
8350,278.333,64,E4,0.22,0,-0.24
8355,278.500,67,G4,0.22,0,-0.24
8360,278.667,60,C4,0.22,0,-0.24
8365,278.833,67,G4,0.22,0,-0.24
8370,279.000,64,E4,0.22,0,-0.24
8375,279.167,67,G4,0.22,0,-0.24
8380,279.333,60,C4,0.22,0,-0.24
8385,279.500,67,G4,0.22,0,-0.24
8390,279.667,64,E4,0.22,0,-0.24
8395,279.833,67,G4,0.22,0,-0.24
8340,278.000,0,C-1,0.1,2,0
8355,278.500,0,C-1,0.1,3,0
8370,279.000,0,C-1,0.1,2,0
8385,279.500,0,C-1,0.1,3,0
8400,280.000,79,G5,0.67,0,0.16
8415,280.500,76,E5,0.48,0,0.16
8430,281.000,74,D5,0.67,0,0.16
8445,281.500,72,C5,0.48,0,0.16
8400,280.000,36,C2,0.6,1,-0.12
8430,281.000,43,G2,0.39,1,-0.12
8400,280.000,60,C4,0.22,0,-0.24
8405,280.167,67,G4,0.22,0,-0.24
8410,280.333,64,E4,0.22,0,-0.24
8415,280.500,67,G4,0.22,0,-0.24
8420,280.667,60,C4,0.22,0,-0.24
8425,280.833,67,G4,0.22,0,-0.24
8430,281.000,64,E4,0.22,0,-0.24
8435,281.167,67,G4,0.22,0,-0.24
8440,281.333,60,C4,0.22,0,-0.24
8445,281.500,67,G4,0.22,0,-0.24
8450,281.667,64,E4,0.22,0,-0.24
8455,281.833,67,G4,0.22,0,-0.24
8400,280.000,0,C-1,0.1,2,0
8415,280.500,0,C-1,0.1,3,0
8430,281.000,0,C-1,0.1,2,0
8445,281.500,0,C-1,0.1,3,0
8460,282.000,77,F5,0.67,0,0.16
8475,282.500,79,G5,0.48,0,0.16
8490,283.000,81,A5,0.67,0,0.16
8505,283.500,77,F5,0.48,0,0.16
8460,282.000,41,F2,0.6,1,-0.12
8490,283.000,48,C3,0.39,1,-0.12
8460,282.000,65,F4,0.22,0,-0.24
8465,282.167,72,C5,0.22,0,-0.24
8470,282.333,69,A4,0.22,0,-0.24
8475,282.500,72,C5,0.22,0,-0.24
8480,282.667,65,F4,0.22,0,-0.24
8485,282.833,72,C5,0.22,0,-0.24
8490,283.000,69,A4,0.22,0,-0.24
8495,283.167,72,C5,0.22,0,-0.24
8500,283.333,65,F4,0.22,0,-0.24
8505,283.500,72,C5,0.22,0,-0.24
8510,283.667,69,A4,0.22,0,-0.24
8515,283.833,72,C5,0.22,0,-0.24
8460,282.000,0,C-1,0.1,2,0
8475,282.500,0,C-1,0.1,3,0
8490,283.000,0,C-1,0.1,2,0
8505,283.500,0,C-1,0.1,3,0
8520,284.000,79,G5,0.67,0,0.16
8535,284.500,77,F5,0.48,0,0.16
8550,285.000,74,D5,0.67,0,0.16
8565,285.500,79,G5,0.48,0,0.16
8520,284.000,43,G2,0.6,1,-0.12
8550,285.000,50,D3,0.39,1,-0.12
8520,284.000,67,G4,0.22,0,-0.24
8525,284.167,74,D5,0.22,0,-0.24
8530,284.333,71,B4,0.22,0,-0.24
8535,284.500,74,D5,0.22,0,-0.24
8540,284.667,67,G4,0.22,0,-0.24
8545,284.833,74,D5,0.22,0,-0.24
8550,285.000,71,B4,0.22,0,-0.24
8555,285.167,74,D5,0.22,0,-0.24
8560,285.333,67,G4,0.22,0,-0.24
8565,285.500,74,D5,0.22,0,-0.24
8570,285.667,71,B4,0.22,0,-0.24
8575,285.833,74,D5,0.22,0,-0.24
8520,284.000,0,C-1,0.1,2,0
8535,284.500,0,C-1,0.1,3,0
8550,285.000,0,C-1,0.1,2,0
8565,285.500,0,C-1,0.1,3,0
8580,286.000,76,E5,0.67,0,0.16
8595,286.500,74,D5,0.48,0,0.16
8610,287.000,72,C5,0.67,0,0.16
8625,287.500,72,C5,0.48,0,0.16
8580,286.000,36,C2,0.6,1,-0.12
8610,287.000,43,G2,0.39,1,-0.12
8580,286.000,60,C4,0.22,0,-0.24
8585,286.167,67,G4,0.22,0,-0.24
8590,286.333,64,E4,0.22,0,-0.24
8595,286.500,67,G4,0.22,0,-0.24
8600,286.667,60,C4,0.22,0,-0.24
8605,286.833,67,G4,0.22,0,-0.24
8610,287.000,64,E4,0.22,0,-0.24
8615,287.167,67,G4,0.22,0,-0.24
8620,287.333,60,C4,0.22,0,-0.24
8625,287.500,67,G4,0.22,0,-0.24
8630,287.667,64,E4,0.22,0,-0.24
8635,287.833,67,G4,0.22,0,-0.24
8580,286.000,0,C-1,0.1,2,0
8595,286.500,0,C-1,0.1,3,0
8610,287.000,0,C-1,0.1,2,0
8625,287.500,0,C-1,0.1,3,0
8640,288.000,76,E5,0.67,0,0.16
8655,288.500,74,D5,0.48,0,0.16
8670,289.000,72,C5,0.67,0,0.16
8685,289.500,76,E5,0.48,0,0.16
8640,288.000,36,C2,0.6,1,-0.12
8670,289.000,43,G2,0.39,1,-0.12
8640,288.000,60,C4,0.22,0,-0.24
8645,288.167,67,G4,0.22,0,-0.24
8650,288.333,64,E4,0.22,0,-0.24
8655,288.500,67,G4,0.22,0,-0.24
8660,288.667,60,C4,0.22,0,-0.24
8665,288.833,67,G4,0.22,0,-0.24
8670,289.000,64,E4,0.22,0,-0.24
8675,289.167,67,G4,0.22,0,-0.24
8680,289.333,60,C4,0.22,0,-0.24
8685,289.500,67,G4,0.22,0,-0.24
8690,289.667,64,E4,0.22,0,-0.24
8695,289.833,67,G4,0.22,0,-0.24
8640,288.000,0,C-1,0.1,2,0
8655,288.500,0,C-1,0.1,3,0
8670,289.000,0,C-1,0.1,2,0
8685,289.500,0,C-1,0.1,3,0
8700,290.000,77,F5,0.67,0,0.16
8715,290.500,76,E5,0.48,0,0.16
8730,291.000,74,D5,0.67,0,0.16
8745,291.500,72,C5,0.48,0,0.16
8700,290.000,41,F2,0.6,1,-0.12
8730,291.000,48,C3,0.39,1,-0.12
8700,290.000,65,F4,0.22,0,-0.24
8705,290.167,72,C5,0.22,0,-0.24
8710,290.333,69,A4,0.22,0,-0.24
8715,290.500,72,C5,0.22,0,-0.24
8720,290.667,65,F4,0.22,0,-0.24
8725,290.833,72,C5,0.22,0,-0.24
8730,291.000,69,A4,0.22,0,-0.24
8735,291.167,72,C5,0.22,0,-0.24
8740,291.333,65,F4,0.22,0,-0.24
8745,291.500,72,C5,0.22,0,-0.24
8750,291.667,69,A4,0.22,0,-0.24
8755,291.833,72,C5,0.22,0,-0.24
8700,290.000,0,C-1,0.1,2,0
8715,290.500,0,C-1,0.1,3,0
8730,291.000,0,C-1,0.1,2,0
8745,291.500,0,C-1,0.1,3,0
8760,292.000,74,D5,0.67,0,0.16
8775,292.500,76,E5,0.48,0,0.16
8790,293.000,74,D5,0.67,0,0.16
8805,293.500,79,G5,0.48,0,0.16
8760,292.000,43,G2,0.6,1,-0.12
8790,293.000,50,D3,0.39,1,-0.12
8760,292.000,67,G4,0.22,0,-0.24
8765,292.167,74,D5,0.22,0,-0.24
8770,292.333,71,B4,0.22,0,-0.24
8775,292.500,74,D5,0.22,0,-0.24
8780,292.667,67,G4,0.22,0,-0.24
8785,292.833,74,D5,0.22,0,-0.24
8790,293.000,71,B4,0.22,0,-0.24
8795,293.167,74,D5,0.22,0,-0.24
8800,293.333,67,G4,0.22,0,-0.24
8805,293.500,74,D5,0.22,0,-0.24
8810,293.667,71,B4,0.22,0,-0.24
8815,293.833,74,D5,0.22,0,-0.24
8760,292.000,0,C-1,0.1,2,0
8775,292.500,0,C-1,0.1,3,0
8790,293.000,0,C-1,0.1,2,0
8805,293.500,0,C-1,0.1,3,0
8820,294.000,76,E5,0.67,0,0.16
8835,294.500,74,D5,0.48,0,0.16
8850,295.000,72,C5,0.67,0,0.16
8865,295.500,72,C5,0.48,0,0.16
8820,294.000,36,C2,0.6,1,-0.12
8850,295.000,43,G2,0.39,1,-0.12
8820,294.000,60,C4,0.22,0,-0.24
8825,294.167,67,G4,0.22,0,-0.24
8830,294.333,64,E4,0.22,0,-0.24
8835,294.500,67,G4,0.22,0,-0.24
8840,294.667,60,C4,0.22,0,-0.24
8845,294.833,67,G4,0.22,0,-0.24
8850,295.000,64,E4,0.22,0,-0.24
8855,295.167,67,G4,0.22,0,-0.24
8860,295.333,60,C4,0.22,0,-0.24
8865,295.500,67,G4,0.22,0,-0.24
8870,295.667,64,E4,0.22,0,-0.24
8875,295.833,67,G4,0.22,0,-0.24
8820,294.000,0,C-1,0.1,2,0
8835,294.500,0,C-1,0.1,3,0
8850,295.000,0,C-1,0.1,2,0
8865,295.500,0,C-1,0.1,3,0
8880,296.000,79,G5,0.67,0,0.16
8895,296.500,76,E5,0.48,0,0.16
8910,297.000,74,D5,0.67,0,0.16
8925,297.500,72,C5,0.48,0,0.16
8880,296.000,36,C2,0.6,1,-0.12
8910,297.000,43,G2,0.39,1,-0.12
8880,296.000,60,C4,0.22,0,-0.24
8885,296.167,67,G4,0.22,0,-0.24
8890,296.333,64,E4,0.22,0,-0.24
8895,296.500,67,G4,0.22,0,-0.24
8900,296.667,60,C4,0.22,0,-0.24
8905,296.833,67,G4,0.22,0,-0.24
8910,297.000,64,E4,0.22,0,-0.24
8915,297.167,67,G4,0.22,0,-0.24
8920,297.333,60,C4,0.22,0,-0.24
8925,297.500,67,G4,0.22,0,-0.24
8930,297.667,64,E4,0.22,0,-0.24
8935,297.833,67,G4,0.22,0,-0.24
8880,296.000,0,C-1,0.1,2,0
8895,296.500,0,C-1,0.1,3,0
8910,297.000,0,C-1,0.1,2,0
8925,297.500,0,C-1,0.1,3,0
8940,298.000,77,F5,0.67,0,0.16
8955,298.500,79,G5,0.48,0,0.16
8970,299.000,81,A5,0.67,0,0.16
8985,299.500,77,F5,0.48,0,0.16
8940,298.000,41,F2,0.6,1,-0.12
8970,299.000,48,C3,0.39,1,-0.12
8940,298.000,65,F4,0.22,0,-0.24
8945,298.167,72,C5,0.22,0,-0.24
8950,298.333,69,A4,0.22,0,-0.24
8955,298.500,72,C5,0.22,0,-0.24
8960,298.667,65,F4,0.22,0,-0.24
8965,298.833,72,C5,0.22,0,-0.24
8970,299.000,69,A4,0.22,0,-0.24
8975,299.167,72,C5,0.22,0,-0.24
8980,299.333,65,F4,0.22,0,-0.24
8985,299.500,72,C5,0.22,0,-0.24
8990,299.667,69,A4,0.22,0,-0.24
8995,299.833,72,C5,0.22,0,-0.24
8940,298.000,0,C-1,0.1,2,0
8955,298.500,0,C-1,0.1,3,0
8970,299.000,0,C-1,0.1,2,0
8985,299.500,0,C-1,0.1,3,0
9000,300.000,79,G5,0.67,0,0.16
9015,300.500,77,F5,0.48,0,0.16
9030,301.000,74,D5,0.67,0,0.16
9045,301.500,79,G5,0.48,0,0.16
9000,300.000,43,G2,0.6,1,-0.12
9030,301.000,50,D3,0.39,1,-0.12
9000,300.000,67,G4,0.22,0,-0.24
9005,300.167,74,D5,0.22,0,-0.24
9010,300.333,71,B4,0.22,0,-0.24
9015,300.500,74,D5,0.22,0,-0.24
9020,300.667,67,G4,0.22,0,-0.24
9025,300.833,74,D5,0.22,0,-0.24
9030,301.000,71,B4,0.22,0,-0.24
9035,301.167,74,D5,0.22,0,-0.24
9040,301.333,67,G4,0.22,0,-0.24
9045,301.500,74,D5,0.22,0,-0.24
9050,301.667,71,B4,0.22,0,-0.24
9055,301.833,74,D5,0.22,0,-0.24
9000,300.000,0,C-1,0.1,2,0
9015,300.500,0,C-1,0.1,3,0
9030,301.000,0,C-1,0.1,2,0
9045,301.500,0,C-1,0.1,3,0
9060,302.000,76,E5,0.67,0,0.16
9075,302.500,74,D5,0.48,0,0.16
9090,303.000,72,C5,0.67,0,0.16
9105,303.500,72,C5,0.48,0,0.16
9060,302.000,36,C2,0.6,1,-0.12
9090,303.000,43,G2,0.39,1,-0.12
9060,302.000,60,C4,0.22,0,-0.24
9065,302.167,67,G4,0.22,0,-0.24
9070,302.333,64,E4,0.22,0,-0.24
9075,302.500,67,G4,0.22,0,-0.24
9080,302.667,60,C4,0.22,0,-0.24
9085,302.833,67,G4,0.22,0,-0.24
9090,303.000,64,E4,0.22,0,-0.24
9095,303.167,67,G4,0.22,0,-0.24
9100,303.333,60,C4,0.22,0,-0.24
9105,303.500,67,G4,0.22,0,-0.24
9110,303.667,64,E4,0.22,0,-0.24
9115,303.833,67,G4,0.22,0,-0.24
9060,302.000,0,C-1,0.1,2,0
9075,302.500,0,C-1,0.1,3,0
9090,303.000,0,C-1,0.1,2,0
9105,303.500,0,C-1,0.1,3,0
9120,304.000,76,E5,0.67,0,0.16
9135,304.500,74,D5,0.48,0,0.16
9150,305.000,72,C5,0.67,0,0.16
9165,305.500,76,E5,0.48,0,0.16
9120,304.000,36,C2,0.6,1,-0.12
9150,305.000,43,G2,0.39,1,-0.12
9120,304.000,60,C4,0.22,0,-0.24
9125,304.167,67,G4,0.22,0,-0.24
9130,304.333,64,E4,0.22,0,-0.24
9135,304.500,67,G4,0.22,0,-0.24
9140,304.667,60,C4,0.22,0,-0.24
9145,304.833,67,G4,0.22,0,-0.24
9150,305.000,64,E4,0.22,0,-0.24
9155,305.167,67,G4,0.22,0,-0.24
9160,305.333,60,C4,0.22,0,-0.24
9165,305.500,67,G4,0.22,0,-0.24
9170,305.667,64,E4,0.22,0,-0.24
9175,305.833,67,G4,0.22,0,-0.24
9120,304.000,0,C-1,0.1,2,0
9135,304.500,0,C-1,0.1,3,0
9150,305.000,0,C-1,0.1,2,0
9165,305.500,0,C-1,0.1,3,0
9180,306.000,77,F5,0.67,0,0.16
9195,306.500,76,E5,0.48,0,0.16
9210,307.000,74,D5,0.67,0,0.16
9225,307.500,72,C5,0.48,0,0.16
9180,306.000,41,F2,0.6,1,-0.12
9210,307.000,48,C3,0.39,1,-0.12
9180,306.000,65,F4,0.22,0,-0.24
9185,306.167,72,C5,0.22,0,-0.24
9190,306.333,69,A4,0.22,0,-0.24
9195,306.500,72,C5,0.22,0,-0.24
9200,306.667,65,F4,0.22,0,-0.24
9205,306.833,72,C5,0.22,0,-0.24
9210,307.000,69,A4,0.22,0,-0.24
9215,307.167,72,C5,0.22,0,-0.24
9220,307.333,65,F4,0.22,0,-0.24
9225,307.500,72,C5,0.22,0,-0.24
9230,307.667,69,A4,0.22,0,-0.24
9235,307.833,72,C5,0.22,0,-0.24
9180,306.000,0,C-1,0.1,2,0
9195,306.500,0,C-1,0.1,3,0
9210,307.000,0,C-1,0.1,2,0
9225,307.500,0,C-1,0.1,3,0
9240,308.000,74,D5,0.67,0,0.16
9255,308.500,76,E5,0.48,0,0.16
9270,309.000,74,D5,0.67,0,0.16
9285,309.500,79,G5,0.48,0,0.16
9240,308.000,43,G2,0.6,1,-0.12
9270,309.000,50,D3,0.39,1,-0.12
9240,308.000,67,G4,0.22,0,-0.24
9245,308.167,74,D5,0.22,0,-0.24
9250,308.333,71,B4,0.22,0,-0.24
9255,308.500,74,D5,0.22,0,-0.24
9260,308.667,67,G4,0.22,0,-0.24
9265,308.833,74,D5,0.22,0,-0.24
9270,309.000,71,B4,0.22,0,-0.24
9275,309.167,74,D5,0.22,0,-0.24
9280,309.333,67,G4,0.22,0,-0.24
9285,309.500,74,D5,0.22,0,-0.24
9290,309.667,71,B4,0.22,0,-0.24
9295,309.833,74,D5,0.22,0,-0.24
9240,308.000,0,C-1,0.1,2,0
9255,308.500,0,C-1,0.1,3,0
9270,309.000,0,C-1,0.1,2,0
9285,309.500,0,C-1,0.1,3,0
9300,310.000,76,E5,0.67,0,0.16
9315,310.500,74,D5,0.48,0,0.16
9330,311.000,72,C5,0.67,0,0.16
9345,311.500,72,C5,0.48,0,0.16
9300,310.000,36,C2,0.6,1,-0.12
9330,311.000,43,G2,0.39,1,-0.12
9300,310.000,60,C4,0.22,0,-0.24
9305,310.167,67,G4,0.22,0,-0.24
9310,310.333,64,E4,0.22,0,-0.24
9315,310.500,67,G4,0.22,0,-0.24
9320,310.667,60,C4,0.22,0,-0.24
9325,310.833,67,G4,0.22,0,-0.24
9330,311.000,64,E4,0.22,0,-0.24
9335,311.167,67,G4,0.22,0,-0.24
9340,311.333,60,C4,0.22,0,-0.24
9345,311.500,67,G4,0.22,0,-0.24
9350,311.667,64,E4,0.22,0,-0.24
9355,311.833,67,G4,0.22,0,-0.24
9300,310.000,0,C-1,0.1,2,0
9315,310.500,0,C-1,0.1,3,0
9330,311.000,0,C-1,0.1,2,0
9345,311.500,0,C-1,0.1,3,0
9360,312.000,79,G5,0.67,0,0.16
9375,312.500,76,E5,0.48,0,0.16
9390,313.000,74,D5,0.67,0,0.16
9405,313.500,72,C5,0.48,0,0.16
9360,312.000,36,C2,0.6,1,-0.12
9390,313.000,43,G2,0.39,1,-0.12
9360,312.000,60,C4,0.22,0,-0.24
9365,312.167,67,G4,0.22,0,-0.24
9370,312.333,64,E4,0.22,0,-0.24
9375,312.500,67,G4,0.22,0,-0.24
9380,312.667,60,C4,0.22,0,-0.24
9385,312.833,67,G4,0.22,0,-0.24
9390,313.000,64,E4,0.22,0,-0.24
9395,313.167,67,G4,0.22,0,-0.24
9400,313.333,60,C4,0.22,0,-0.24
9405,313.500,67,G4,0.22,0,-0.24
9410,313.667,64,E4,0.22,0,-0.24
9415,313.833,67,G4,0.22,0,-0.24
9360,312.000,0,C-1,0.1,2,0
9375,312.500,0,C-1,0.1,3,0
9390,313.000,0,C-1,0.1,2,0
9405,313.500,0,C-1,0.1,3,0
9420,314.000,77,F5,0.67,0,0.16
9435,314.500,79,G5,0.48,0,0.16
9450,315.000,81,A5,0.67,0,0.16
9465,315.500,77,F5,0.48,0,0.16
9420,314.000,41,F2,0.6,1,-0.12
9450,315.000,48,C3,0.39,1,-0.12
9420,314.000,65,F4,0.22,0,-0.24
9425,314.167,72,C5,0.22,0,-0.24
9430,314.333,69,A4,0.22,0,-0.24
9435,314.500,72,C5,0.22,0,-0.24
9440,314.667,65,F4,0.22,0,-0.24
9445,314.833,72,C5,0.22,0,-0.24
9450,315.000,69,A4,0.22,0,-0.24
9455,315.167,72,C5,0.22,0,-0.24
9460,315.333,65,F4,0.22,0,-0.24
9465,315.500,72,C5,0.22,0,-0.24
9470,315.667,69,A4,0.22,0,-0.24
9475,315.833,72,C5,0.22,0,-0.24
9420,314.000,0,C-1,0.1,2,0
9435,314.500,0,C-1,0.1,3,0
9450,315.000,0,C-1,0.1,2,0
9465,315.500,0,C-1,0.1,3,0
9480,316.000,79,G5,0.67,0,0.16
9495,316.500,77,F5,0.48,0,0.16
9510,317.000,74,D5,0.67,0,0.16
9525,317.500,79,G5,0.48,0,0.16
9480,316.000,43,G2,0.6,1,-0.12
9510,317.000,50,D3,0.39,1,-0.12
9480,316.000,67,G4,0.22,0,-0.24
9485,316.167,74,D5,0.22,0,-0.24
9490,316.333,71,B4,0.22,0,-0.24
9495,316.500,74,D5,0.22,0,-0.24
9500,316.667,67,G4,0.22,0,-0.24
9505,316.833,74,D5,0.22,0,-0.24
9510,317.000,71,B4,0.22,0,-0.24
9515,317.167,74,D5,0.22,0,-0.24
9520,317.333,67,G4,0.22,0,-0.24
9525,317.500,74,D5,0.22,0,-0.24
9530,317.667,71,B4,0.22,0,-0.24
9535,317.833,74,D5,0.22,0,-0.24
9480,316.000,0,C-1,0.1,2,0
9495,316.500,0,C-1,0.1,3,0
9510,317.000,0,C-1,0.1,2,0
9525,317.500,0,C-1,0.1,3,0
9540,318.000,76,E5,0.67,0,0.16
9555,318.500,74,D5,0.48,0,0.16
9570,319.000,72,C5,0.67,0,0.16
9585,319.500,72,C5,0.48,0,0.16
9540,318.000,36,C2,0.6,1,-0.12
9570,319.000,43,G2,0.39,1,-0.12
9540,318.000,60,C4,0.22,0,-0.24
9545,318.167,67,G4,0.22,0,-0.24
9550,318.333,64,E4,0.22,0,-0.24
9555,318.500,67,G4,0.22,0,-0.24
9560,318.667,60,C4,0.22,0,-0.24
9565,318.833,67,G4,0.22,0,-0.24
9570,319.000,64,E4,0.22,0,-0.24
9575,319.167,67,G4,0.22,0,-0.24
9580,319.333,60,C4,0.22,0,-0.24
9585,319.500,67,G4,0.22,0,-0.24
9590,319.667,64,E4,0.22,0,-0.24
9595,319.833,67,G4,0.22,0,-0.24
9540,318.000,0,C-1,0.1,2,0
9555,318.500,0,C-1,0.1,3,0
9570,319.000,0,C-1,0.1,2,0
9585,319.500,0,C-1,0.1,3,0
9600,320.000,76,E5,0.67,0,0.16
9615,320.500,74,D5,0.48,0,0.16
9630,321.000,72,C5,0.67,0,0.16
9645,321.500,76,E5,0.48,0,0.16
9600,320.000,36,C2,0.6,1,-0.12
9630,321.000,43,G2,0.39,1,-0.12
9600,320.000,60,C4,0.22,0,-0.24
9605,320.167,67,G4,0.22,0,-0.24
9610,320.333,64,E4,0.22,0,-0.24
9615,320.500,67,G4,0.22,0,-0.24
9620,320.667,60,C4,0.22,0,-0.24
9625,320.833,67,G4,0.22,0,-0.24
9630,321.000,64,E4,0.22,0,-0.24
9635,321.167,67,G4,0.22,0,-0.24
9640,321.333,60,C4,0.22,0,-0.24
9645,321.500,67,G4,0.22,0,-0.24
9650,321.667,64,E4,0.22,0,-0.24
9655,321.833,67,G4,0.22,0,-0.24
9600,320.000,0,C-1,0.1,2,0
9615,320.500,0,C-1,0.1,3,0
9630,321.000,0,C-1,0.1,2,0
9645,321.500,0,C-1,0.1,3,0
9660,322.000,77,F5,0.67,0,0.16
9675,322.500,76,E5,0.48,0,0.16
9690,323.000,74,D5,0.67,0,0.16
9705,323.500,72,C5,0.48,0,0.16
9660,322.000,41,F2,0.6,1,-0.12
9690,323.000,48,C3,0.39,1,-0.12
9660,322.000,65,F4,0.22,0,-0.24
9665,322.167,72,C5,0.22,0,-0.24
9670,322.333,69,A4,0.22,0,-0.24
9675,322.500,72,C5,0.22,0,-0.24
9680,322.667,65,F4,0.22,0,-0.24
9685,322.833,72,C5,0.22,0,-0.24
9690,323.000,69,A4,0.22,0,-0.24
9695,323.167,72,C5,0.22,0,-0.24
9700,323.333,65,F4,0.22,0,-0.24
9705,323.500,72,C5,0.22,0,-0.24
9710,323.667,69,A4,0.22,0,-0.24
9715,323.833,72,C5,0.22,0,-0.24
9660,322.000,0,C-1,0.1,2,0
9675,322.500,0,C-1,0.1,3,0
9690,323.000,0,C-1,0.1,2,0
9705,323.500,0,C-1,0.1,3,0
9720,324.000,74,D5,0.67,0,0.16
9735,324.500,76,E5,0.48,0,0.16
9750,325.000,74,D5,0.67,0,0.16
9765,325.500,79,G5,0.48,0,0.16
9720,324.000,43,G2,0.6,1,-0.12
9750,325.000,50,D3,0.39,1,-0.12
9720,324.000,67,G4,0.22,0,-0.24
9725,324.167,74,D5,0.22,0,-0.24
9730,324.333,71,B4,0.22,0,-0.24
9735,324.500,74,D5,0.22,0,-0.24
9740,324.667,67,G4,0.22,0,-0.24
9745,324.833,74,D5,0.22,0,-0.24
9750,325.000,71,B4,0.22,0,-0.24
9755,325.167,74,D5,0.22,0,-0.24
9760,325.333,67,G4,0.22,0,-0.24
9765,325.500,74,D5,0.22,0,-0.24
9770,325.667,71,B4,0.22,0,-0.24
9775,325.833,74,D5,0.22,0,-0.24
9720,324.000,0,C-1,0.1,2,0
9735,324.500,0,C-1,0.1,3,0
9750,325.000,0,C-1,0.1,2,0
9765,325.500,0,C-1,0.1,3,0
9780,326.000,76,E5,0.67,0,0.16
9795,326.500,74,D5,0.48,0,0.16
9810,327.000,72,C5,0.67,0,0.16
9825,327.500,72,C5,0.48,0,0.16
9780,326.000,36,C2,0.6,1,-0.12
9810,327.000,43,G2,0.39,1,-0.12
9780,326.000,60,C4,0.22,0,-0.24
9785,326.167,67,G4,0.22,0,-0.24
9790,326.333,64,E4,0.22,0,-0.24
9795,326.500,67,G4,0.22,0,-0.24
9800,326.667,60,C4,0.22,0,-0.24
9805,326.833,67,G4,0.22,0,-0.24
9810,327.000,64,E4,0.22,0,-0.24
9815,327.167,67,G4,0.22,0,-0.24
9820,327.333,60,C4,0.22,0,-0.24
9825,327.500,67,G4,0.22,0,-0.24
9830,327.667,64,E4,0.22,0,-0.24
9835,327.833,67,G4,0.22,0,-0.24
9780,326.000,0,C-1,0.1,2,0
9795,326.500,0,C-1,0.1,3,0
9810,327.000,0,C-1,0.1,2,0
9825,327.500,0,C-1,0.1,3,0
9840,328.000,79,G5,0.67,0,0.16
9855,328.500,76,E5,0.48,0,0.16
9870,329.000,74,D5,0.67,0,0.16
9885,329.500,72,C5,0.48,0,0.16
9840,328.000,36,C2,0.6,1,-0.12
9870,329.000,43,G2,0.39,1,-0.12
9840,328.000,60,C4,0.22,0,-0.24
9845,328.167,67,G4,0.22,0,-0.24
9850,328.333,64,E4,0.22,0,-0.24
9855,328.500,67,G4,0.22,0,-0.24
9860,328.667,60,C4,0.22,0,-0.24
9865,328.833,67,G4,0.22,0,-0.24
9870,329.000,64,E4,0.22,0,-0.24
9875,329.167,67,G4,0.22,0,-0.24
9880,329.333,60,C4,0.22,0,-0.24
9885,329.500,67,G4,0.22,0,-0.24
9890,329.667,64,E4,0.22,0,-0.24
9895,329.833,67,G4,0.22,0,-0.24
9840,328.000,0,C-1,0.1,2,0
9855,328.500,0,C-1,0.1,3,0
9870,329.000,0,C-1,0.1,2,0
9885,329.500,0,C-1,0.1,3,0
9900,330.000,77,F5,0.67,0,0.16
9915,330.500,79,G5,0.48,0,0.16
9930,331.000,81,A5,0.67,0,0.16
9945,331.500,77,F5,0.48,0,0.16
9900,330.000,41,F2,0.6,1,-0.12
9930,331.000,48,C3,0.39,1,-0.12
9900,330.000,65,F4,0.22,0,-0.24
9905,330.167,72,C5,0.22,0,-0.24
9910,330.333,69,A4,0.22,0,-0.24
9915,330.500,72,C5,0.22,0,-0.24
9920,330.667,65,F4,0.22,0,-0.24
9925,330.833,72,C5,0.22,0,-0.24
9930,331.000,69,A4,0.22,0,-0.24
9935,331.167,72,C5,0.22,0,-0.24
9940,331.333,65,F4,0.22,0,-0.24
9945,331.500,72,C5,0.22,0,-0.24
9950,331.667,69,A4,0.22,0,-0.24
9955,331.833,72,C5,0.22,0,-0.24
9900,330.000,0,C-1,0.1,2,0
9915,330.500,0,C-1,0.1,3,0
9930,331.000,0,C-1,0.1,2,0
9945,331.500,0,C-1,0.1,3,0
9960,332.000,79,G5,0.67,0,0.16
9975,332.500,77,F5,0.48,0,0.16
9990,333.000,74,D5,0.67,0,0.16
10005,333.500,79,G5,0.48,0,0.16
9960,332.000,43,G2,0.6,1,-0.12
9990,333.000,50,D3,0.39,1,-0.12
9960,332.000,67,G4,0.22,0,-0.24
9965,332.167,74,D5,0.22,0,-0.24
9970,332.333,71,B4,0.22,0,-0.24
9975,332.500,74,D5,0.22,0,-0.24
9980,332.667,67,G4,0.22,0,-0.24
9985,332.833,74,D5,0.22,0,-0.24
9990,333.000,71,B4,0.22,0,-0.24
9995,333.167,74,D5,0.22,0,-0.24
10000,333.333,67,G4,0.22,0,-0.24
10005,333.500,74,D5,0.22,0,-0.24
10010,333.667,71,B4,0.22,0,-0.24
10015,333.833,74,D5,0.22,0,-0.24
9960,332.000,0,C-1,0.1,2,0
9975,332.500,0,C-1,0.1,3,0
9990,333.000,0,C-1,0.1,2,0
10005,333.500,0,C-1,0.1,3,0
10020,334.000,76,E5,0.67,0,0.16
10035,334.500,74,D5,0.48,0,0.16
10050,335.000,72,C5,0.67,0,0.16
10065,335.500,72,C5,0.48,0,0.16
10020,334.000,36,C2,0.6,1,-0.12
10050,335.000,43,G2,0.39,1,-0.12
10020,334.000,60,C4,0.22,0,-0.24
10025,334.167,67,G4,0.22,0,-0.24
10030,334.333,64,E4,0.22,0,-0.24
10035,334.500,67,G4,0.22,0,-0.24
10040,334.667,60,C4,0.22,0,-0.24
10045,334.833,67,G4,0.22,0,-0.24
10050,335.000,64,E4,0.22,0,-0.24
10055,335.167,67,G4,0.22,0,-0.24
10060,335.333,60,C4,0.22,0,-0.24
10065,335.500,67,G4,0.22,0,-0.24
10070,335.667,64,E4,0.22,0,-0.24
10075,335.833,67,G4,0.22,0,-0.24
10020,334.000,0,C-1,0.1,2,0
10035,334.500,0,C-1,0.1,3,0
10050,335.000,0,C-1,0.1,2,0
10065,335.500,0,C-1,0.1,3,0
10080,336.000,76,E5,0.67,0,0.16
10095,336.500,74,D5,0.48,0,0.16
10110,337.000,72,C5,0.67,0,0.16
10125,337.500,76,E5,0.48,0,0.16
10080,336.000,36,C2,0.6,1,-0.12
10110,337.000,43,G2,0.39,1,-0.12
10080,336.000,60,C4,0.22,0,-0.24
10085,336.167,67,G4,0.22,0,-0.24
10090,336.333,64,E4,0.22,0,-0.24
10095,336.500,67,G4,0.22,0,-0.24
10100,336.667,60,C4,0.22,0,-0.24
10105,336.833,67,G4,0.22,0,-0.24
10110,337.000,64,E4,0.22,0,-0.24
10115,337.167,67,G4,0.22,0,-0.24
10120,337.333,60,C4,0.22,0,-0.24
10125,337.500,67,G4,0.22,0,-0.24
10130,337.667,64,E4,0.22,0,-0.24
10135,337.833,67,G4,0.22,0,-0.24
10080,336.000,0,C-1,0.1,2,0
10095,336.500,0,C-1,0.1,3,0
10110,337.000,0,C-1,0.1,2,0
10125,337.500,0,C-1,0.1,3,0
10140,338.000,77,F5,0.67,0,0.16
10155,338.500,76,E5,0.48,0,0.16
10170,339.000,74,D5,0.67,0,0.16
10185,339.500,72,C5,0.48,0,0.16
10140,338.000,41,F2,0.6,1,-0.12
10170,339.000,48,C3,0.39,1,-0.12
10140,338.000,65,F4,0.22,0,-0.24
10145,338.167,72,C5,0.22,0,-0.24
10150,338.333,69,A4,0.22,0,-0.24
10155,338.500,72,C5,0.22,0,-0.24
10160,338.667,65,F4,0.22,0,-0.24
10165,338.833,72,C5,0.22,0,-0.24
10170,339.000,69,A4,0.22,0,-0.24
10175,339.167,72,C5,0.22,0,-0.24
10180,339.333,65,F4,0.22,0,-0.24
10185,339.500,72,C5,0.22,0,-0.24
10190,339.667,69,A4,0.22,0,-0.24
10195,339.833,72,C5,0.22,0,-0.24
10140,338.000,0,C-1,0.1,2,0
10155,338.500,0,C-1,0.1,3,0
10170,339.000,0,C-1,0.1,2,0
10185,339.500,0,C-1,0.1,3,0
10200,340.000,74,D5,0.67,0,0.16
10215,340.500,76,E5,0.48,0,0.16
10230,341.000,74,D5,0.67,0,0.16
10245,341.500,79,G5,0.48,0,0.16
10200,340.000,43,G2,0.6,1,-0.12
10230,341.000,50,D3,0.39,1,-0.12
10200,340.000,67,G4,0.22,0,-0.24
10205,340.167,74,D5,0.22,0,-0.24
10210,340.333,71,B4,0.22,0,-0.24
10215,340.500,74,D5,0.22,0,-0.24
10220,340.667,67,G4,0.22,0,-0.24
10225,340.833,74,D5,0.22,0,-0.24
10230,341.000,71,B4,0.22,0,-0.24
10235,341.167,74,D5,0.22,0,-0.24
10240,341.333,67,G4,0.22,0,-0.24
10245,341.500,74,D5,0.22,0,-0.24
10250,341.667,71,B4,0.22,0,-0.24
10255,341.833,74,D5,0.22,0,-0.24
10200,340.000,0,C-1,0.1,2,0
10215,340.500,0,C-1,0.1,3,0
10230,341.000,0,C-1,0.1,2,0
10245,341.500,0,C-1,0.1,3,0
10260,342.000,76,E5,0.67,0,0.16
10275,342.500,74,D5,0.48,0,0.16
10290,343.000,72,C5,0.67,0,0.16
10305,343.500,72,C5,0.48,0,0.16
10260,342.000,36,C2,0.6,1,-0.12
10290,343.000,43,G2,0.39,1,-0.12
10260,342.000,60,C4,0.22,0,-0.24
10265,342.167,67,G4,0.22,0,-0.24
10270,342.333,64,E4,0.22,0,-0.24
10275,342.500,67,G4,0.22,0,-0.24
10280,342.667,60,C4,0.22,0,-0.24
10285,342.833,67,G4,0.22,0,-0.24
10290,343.000,64,E4,0.22,0,-0.24
10295,343.167,67,G4,0.22,0,-0.24
10300,343.333,60,C4,0.22,0,-0.24
10305,343.500,67,G4,0.22,0,-0.24
10310,343.667,64,E4,0.22,0,-0.24
10315,343.833,67,G4,0.22,0,-0.24
10260,342.000,0,C-1,0.1,2,0
10275,342.500,0,C-1,0.1,3,0
10290,343.000,0,C-1,0.1,2,0
10305,343.500,0,C-1,0.1,3,0
10320,344.000,79,G5,0.67,0,0.16
10335,344.500,76,E5,0.48,0,0.16
10350,345.000,74,D5,0.67,0,0.16
10365,345.500,72,C5,0.48,0,0.16
10320,344.000,36,C2,0.6,1,-0.12
10350,345.000,43,G2,0.39,1,-0.12
10320,344.000,60,C4,0.22,0,-0.24
10325,344.167,67,G4,0.22,0,-0.24
10330,344.333,64,E4,0.22,0,-0.24
10335,344.500,67,G4,0.22,0,-0.24
10340,344.667,60,C4,0.22,0,-0.24
10345,344.833,67,G4,0.22,0,-0.24
10350,345.000,64,E4,0.22,0,-0.24
10355,345.167,67,G4,0.22,0,-0.24
10360,345.333,60,C4,0.22,0,-0.24
10365,345.500,67,G4,0.22,0,-0.24
10370,345.667,64,E4,0.22,0,-0.24
10375,345.833,67,G4,0.22,0,-0.24
10320,344.000,0,C-1,0.1,2,0
10335,344.500,0,C-1,0.1,3,0
10350,345.000,0,C-1,0.1,2,0
10365,345.500,0,C-1,0.1,3,0
10380,346.000,77,F5,0.67,0,0.16
10395,346.500,79,G5,0.48,0,0.16
10410,347.000,81,A5,0.67,0,0.16
10425,347.500,77,F5,0.48,0,0.16
10380,346.000,41,F2,0.6,1,-0.12
10410,347.000,48,C3,0.39,1,-0.12
10380,346.000,65,F4,0.22,0,-0.24
10385,346.167,72,C5,0.22,0,-0.24
10390,346.333,69,A4,0.22,0,-0.24
10395,346.500,72,C5,0.22,0,-0.24
10400,346.667,65,F4,0.22,0,-0.24
10405,346.833,72,C5,0.22,0,-0.24
10410,347.000,69,A4,0.22,0,-0.24
10415,347.167,72,C5,0.22,0,-0.24
10420,347.333,65,F4,0.22,0,-0.24
10425,347.500,72,C5,0.22,0,-0.24
10430,347.667,69,A4,0.22,0,-0.24
10435,347.833,72,C5,0.22,0,-0.24
10380,346.000,0,C-1,0.1,2,0
10395,346.500,0,C-1,0.1,3,0
10410,347.000,0,C-1,0.1,2,0
10425,347.500,0,C-1,0.1,3,0
10440,348.000,79,G5,0.67,0,0.16
10455,348.500,77,F5,0.48,0,0.16
10470,349.000,74,D5,0.67,0,0.16
10485,349.500,79,G5,0.48,0,0.16
10440,348.000,43,G2,0.6,1,-0.12
10470,349.000,50,D3,0.39,1,-0.12
10440,348.000,67,G4,0.22,0,-0.24
10445,348.167,74,D5,0.22,0,-0.24
10450,348.333,71,B4,0.22,0,-0.24
10455,348.500,74,D5,0.22,0,-0.24
10460,348.667,67,G4,0.22,0,-0.24
10465,348.833,74,D5,0.22,0,-0.24
10470,349.000,71,B4,0.22,0,-0.24
10475,349.167,74,D5,0.22,0,-0.24
10480,349.333,67,G4,0.22,0,-0.24
10485,349.500,74,D5,0.22,0,-0.24
10490,349.667,71,B4,0.22,0,-0.24
10495,349.833,74,D5,0.22,0,-0.24
10440,348.000,0,C-1,0.1,2,0
10455,348.500,0,C-1,0.1,3,0
10470,349.000,0,C-1,0.1,2,0
10485,349.500,0,C-1,0.1,3,0
10500,350.000,76,E5,0.67,0,0.16
10515,350.500,74,D5,0.48,0,0.16
10530,351.000,72,C5,0.67,0,0.16
10545,351.500,72,C5,0.48,0,0.16
10500,350.000,36,C2,0.6,1,-0.12
10530,351.000,43,G2,0.39,1,-0.12
10500,350.000,60,C4,0.22,0,-0.24
10505,350.167,67,G4,0.22,0,-0.24
10510,350.333,64,E4,0.22,0,-0.24
10515,350.500,67,G4,0.22,0,-0.24
10520,350.667,60,C4,0.22,0,-0.24
10525,350.833,67,G4,0.22,0,-0.24
10530,351.000,64,E4,0.22,0,-0.24
10535,351.167,67,G4,0.22,0,-0.24
10540,351.333,60,C4,0.22,0,-0.24
10545,351.500,67,G4,0.22,0,-0.24
10550,351.667,64,E4,0.22,0,-0.24
10555,351.833,67,G4,0.22,0,-0.24
10500,350.000,0,C-1,0.1,2,0
10515,350.500,0,C-1,0.1,3,0
10530,351.000,0,C-1,0.1,2,0
10545,351.500,0,C-1,0.1,3,0
10560,352.000,76,E5,0.67,0,0.16
10575,352.500,74,D5,0.48,0,0.16
10590,353.000,72,C5,0.67,0,0.16
10605,353.500,76,E5,0.48,0,0.16
10560,352.000,36,C2,0.6,1,-0.12
10590,353.000,43,G2,0.39,1,-0.12
10560,352.000,60,C4,0.22,0,-0.24
10565,352.167,67,G4,0.22,0,-0.24
10570,352.333,64,E4,0.22,0,-0.24
10575,352.500,67,G4,0.22,0,-0.24
10580,352.667,60,C4,0.22,0,-0.24
10585,352.833,67,G4,0.22,0,-0.24
10590,353.000,64,E4,0.22,0,-0.24
10595,353.167,67,G4,0.22,0,-0.24
10600,353.333,60,C4,0.22,0,-0.24
10605,353.500,67,G4,0.22,0,-0.24
10610,353.667,64,E4,0.22,0,-0.24
10615,353.833,67,G4,0.22,0,-0.24
10560,352.000,0,C-1,0.1,2,0
10575,352.500,0,C-1,0.1,3,0
10590,353.000,0,C-1,0.1,2,0
10605,353.500,0,C-1,0.1,3,0
10620,354.000,77,F5,0.67,0,0.16
10635,354.500,76,E5,0.48,0,0.16
10650,355.000,74,D5,0.67,0,0.16
10665,355.500,72,C5,0.48,0,0.16
10620,354.000,41,F2,0.6,1,-0.12
10650,355.000,48,C3,0.39,1,-0.12
10620,354.000,65,F4,0.22,0,-0.24
10625,354.167,72,C5,0.22,0,-0.24
10630,354.333,69,A4,0.22,0,-0.24
10635,354.500,72,C5,0.22,0,-0.24
10640,354.667,65,F4,0.22,0,-0.24
10645,354.833,72,C5,0.22,0,-0.24
10650,355.000,69,A4,0.22,0,-0.24
10655,355.167,72,C5,0.22,0,-0.24
10660,355.333,65,F4,0.22,0,-0.24
10665,355.500,72,C5,0.22,0,-0.24
10670,355.667,69,A4,0.22,0,-0.24
10675,355.833,72,C5,0.22,0,-0.24
10620,354.000,0,C-1,0.1,2,0
10635,354.500,0,C-1,0.1,3,0
10650,355.000,0,C-1,0.1,2,0
10665,355.500,0,C-1,0.1,3,0
10680,356.000,74,D5,0.67,0,0.16
10695,356.500,76,E5,0.48,0,0.16
10710,357.000,74,D5,0.67,0,0.16
10725,357.500,79,G5,0.48,0,0.16
10680,356.000,43,G2,0.6,1,-0.12
10710,357.000,50,D3,0.39,1,-0.12
10680,356.000,67,G4,0.22,0,-0.24
10685,356.167,74,D5,0.22,0,-0.24
10690,356.333,71,B4,0.22,0,-0.24
10695,356.500,74,D5,0.22,0,-0.24
10700,356.667,67,G4,0.22,0,-0.24
10705,356.833,74,D5,0.22,0,-0.24
10710,357.000,71,B4,0.22,0,-0.24
10715,357.167,74,D5,0.22,0,-0.24
10720,357.333,67,G4,0.22,0,-0.24
10725,357.500,74,D5,0.22,0,-0.24
10730,357.667,71,B4,0.22,0,-0.24
10735,357.833,74,D5,0.22,0,-0.24
10680,356.000,0,C-1,0.1,2,0
10695,356.500,0,C-1,0.1,3,0
10710,357.000,0,C-1,0.1,2,0
10725,357.500,0,C-1,0.1,3,0
10740,358.000,76,E5,0.67,0,0.16
10755,358.500,74,D5,0.48,0,0.16
10770,359.000,72,C5,0.67,0,0.16
10785,359.500,72,C5,0.48,0,0.16
10740,358.000,36,C2,0.6,1,-0.12
10770,359.000,43,G2,0.39,1,-0.12
10740,358.000,60,C4,0.22,0,-0.24
10745,358.167,67,G4,0.22,0,-0.24
10750,358.333,64,E4,0.22,0,-0.24
10755,358.500,67,G4,0.22,0,-0.24
10760,358.667,60,C4,0.22,0,-0.24
10765,358.833,67,G4,0.22,0,-0.24
10770,359.000,64,E4,0.22,0,-0.24
10775,359.167,67,G4,0.22,0,-0.24
10780,359.333,60,C4,0.22,0,-0.24
10785,359.500,67,G4,0.22,0,-0.24
10790,359.667,64,E4,0.22,0,-0.24
10795,359.833,67,G4,0.22,0,-0.24
10740,358.000,0,C-1,0.1,2,0
10755,358.500,0,C-1,0.1,3,0
10770,359.000,0,C-1,0.1,2,0
10785,359.500,0,C-1,0.1,3,0
10800,360.000,79,G5,0.67,0,0.16
10815,360.500,76,E5,0.48,0,0.16
10830,361.000,74,D5,0.67,0,0.16
10845,361.500,72,C5,0.48,0,0.16
10800,360.000,36,C2,0.6,1,-0.12
10830,361.000,43,G2,0.39,1,-0.12
10800,360.000,60,C4,0.22,0,-0.24
10805,360.167,67,G4,0.22,0,-0.24
10810,360.333,64,E4,0.22,0,-0.24
10815,360.500,67,G4,0.22,0,-0.24
10820,360.667,60,C4,0.22,0,-0.24
10825,360.833,67,G4,0.22,0,-0.24
10830,361.000,64,E4,0.22,0,-0.24
10835,361.167,67,G4,0.22,0,-0.24
10840,361.333,60,C4,0.22,0,-0.24
10845,361.500,67,G4,0.22,0,-0.24
10850,361.667,64,E4,0.22,0,-0.24
10855,361.833,67,G4,0.22,0,-0.24
10800,360.000,0,C-1,0.1,2,0
10815,360.500,0,C-1,0.1,3,0
10830,361.000,0,C-1,0.1,2,0
10845,361.500,0,C-1,0.1,3,0
10860,362.000,77,F5,0.67,0,0.16
10875,362.500,79,G5,0.48,0,0.16
10890,363.000,81,A5,0.67,0,0.16
10905,363.500,77,F5,0.48,0,0.16
10860,362.000,41,F2,0.6,1,-0.12
10890,363.000,48,C3,0.39,1,-0.12
10860,362.000,65,F4,0.22,0,-0.24
10865,362.167,72,C5,0.22,0,-0.24
10870,362.333,69,A4,0.22,0,-0.24
10875,362.500,72,C5,0.22,0,-0.24
10880,362.667,65,F4,0.22,0,-0.24
10885,362.833,72,C5,0.22,0,-0.24
10890,363.000,69,A4,0.22,0,-0.24
10895,363.167,72,C5,0.22,0,-0.24
10900,363.333,65,F4,0.22,0,-0.24
10905,363.500,72,C5,0.22,0,-0.24
10910,363.667,69,A4,0.22,0,-0.24
10915,363.833,72,C5,0.22,0,-0.24
10860,362.000,0,C-1,0.1,2,0
10875,362.500,0,C-1,0.1,3,0
10890,363.000,0,C-1,0.1,2,0
10905,363.500,0,C-1,0.1,3,0
10920,364.000,79,G5,0.67,0,0.16
10935,364.500,77,F5,0.48,0,0.16
10950,365.000,74,D5,0.67,0,0.16
10965,365.500,79,G5,0.48,0,0.16
10920,364.000,43,G2,0.6,1,-0.12
10950,365.000,50,D3,0.39,1,-0.12
10920,364.000,67,G4,0.22,0,-0.24
10925,364.167,74,D5,0.22,0,-0.24
10930,364.333,71,B4,0.22,0,-0.24
10935,364.500,74,D5,0.22,0,-0.24
10940,364.667,67,G4,0.22,0,-0.24
10945,364.833,74,D5,0.22,0,-0.24
10950,365.000,71,B4,0.22,0,-0.24
10955,365.167,74,D5,0.22,0,-0.24
10960,365.333,67,G4,0.22,0,-0.24
10965,365.500,74,D5,0.22,0,-0.24
10970,365.667,71,B4,0.22,0,-0.24
10975,365.833,74,D5,0.22,0,-0.24
10920,364.000,0,C-1,0.1,2,0
10935,364.500,0,C-1,0.1,3,0
10950,365.000,0,C-1,0.1,2,0
10965,365.500,0,C-1,0.1,3,0
10980,366.000,76,E5,0.67,0,0.16
10995,366.500,74,D5,0.48,0,0.16
11010,367.000,72,C5,0.67,0,0.16
11025,367.500,72,C5,0.48,0,0.16
10980,366.000,36,C2,0.6,1,-0.12
11010,367.000,43,G2,0.39,1,-0.12
10980,366.000,60,C4,0.22,0,-0.24
10985,366.167,67,G4,0.22,0,-0.24
10990,366.333,64,E4,0.22,0,-0.24
10995,366.500,67,G4,0.22,0,-0.24
11000,366.667,60,C4,0.22,0,-0.24
11005,366.833,67,G4,0.22,0,-0.24
11010,367.000,64,E4,0.22,0,-0.24
11015,367.167,67,G4,0.22,0,-0.24
11020,367.333,60,C4,0.22,0,-0.24
11025,367.500,67,G4,0.22,0,-0.24
11030,367.667,64,E4,0.22,0,-0.24
11035,367.833,67,G4,0.22,0,-0.24
10980,366.000,0,C-1,0.1,2,0
10995,366.500,0,C-1,0.1,3,0
11010,367.000,0,C-1,0.1,2,0
11025,367.500,0,C-1,0.1,3,0
11040,368.000,76,E5,0.67,0,0.16
11055,368.500,74,D5,0.48,0,0.16
11070,369.000,72,C5,0.67,0,0.16
11085,369.500,76,E5,0.48,0,0.16
11040,368.000,36,C2,0.6,1,-0.12
11070,369.000,43,G2,0.39,1,-0.12
11040,368.000,60,C4,0.22,0,-0.24
11045,368.167,67,G4,0.22,0,-0.24
11050,368.333,64,E4,0.22,0,-0.24
11055,368.500,67,G4,0.22,0,-0.24
11060,368.667,60,C4,0.22,0,-0.24
11065,368.833,67,G4,0.22,0,-0.24
11070,369.000,64,E4,0.22,0,-0.24
11075,369.167,67,G4,0.22,0,-0.24
11080,369.333,60,C4,0.22,0,-0.24
11085,369.500,67,G4,0.22,0,-0.24
11090,369.667,64,E4,0.22,0,-0.24
11095,369.833,67,G4,0.22,0,-0.24
11040,368.000,0,C-1,0.1,2,0
11055,368.500,0,C-1,0.1,3,0
11070,369.000,0,C-1,0.1,2,0
11085,369.500,0,C-1,0.1,3,0
11100,370.000,77,F5,0.67,0,0.16
11115,370.500,76,E5,0.48,0,0.16
11130,371.000,74,D5,0.67,0,0.16
11145,371.500,72,C5,0.48,0,0.16
11100,370.000,41,F2,0.6,1,-0.12
11130,371.000,48,C3,0.39,1,-0.12
11100,370.000,65,F4,0.22,0,-0.24
11105,370.167,72,C5,0.22,0,-0.24
11110,370.333,69,A4,0.22,0,-0.24
11115,370.500,72,C5,0.22,0,-0.24
11120,370.667,65,F4,0.22,0,-0.24
11125,370.833,72,C5,0.22,0,-0.24
11130,371.000,69,A4,0.22,0,-0.24
11135,371.167,72,C5,0.22,0,-0.24
11140,371.333,65,F4,0.22,0,-0.24
11145,371.500,72,C5,0.22,0,-0.24
11150,371.667,69,A4,0.22,0,-0.24
11155,371.833,72,C5,0.22,0,-0.24
11100,370.000,0,C-1,0.1,2,0
11115,370.500,0,C-1,0.1,3,0
11130,371.000,0,C-1,0.1,2,0
11145,371.500,0,C-1,0.1,3,0
11160,372.000,74,D5,0.67,0,0.16
11175,372.500,76,E5,0.48,0,0.16
11190,373.000,74,D5,0.67,0,0.16
11205,373.500,79,G5,0.48,0,0.16
11160,372.000,43,G2,0.6,1,-0.12
11190,373.000,50,D3,0.39,1,-0.12
11160,372.000,67,G4,0.22,0,-0.24
11165,372.167,74,D5,0.22,0,-0.24
11170,372.333,71,B4,0.22,0,-0.24
11175,372.500,74,D5,0.22,0,-0.24
11180,372.667,67,G4,0.22,0,-0.24
11185,372.833,74,D5,0.22,0,-0.24
11190,373.000,71,B4,0.22,0,-0.24
11195,373.167,74,D5,0.22,0,-0.24
11200,373.333,67,G4,0.22,0,-0.24
11205,373.500,74,D5,0.22,0,-0.24
11210,373.667,71,B4,0.22,0,-0.24
11215,373.833,74,D5,0.22,0,-0.24
11160,372.000,0,C-1,0.1,2,0
11175,372.500,0,C-1,0.1,3,0
11190,373.000,0,C-1,0.1,2,0
11205,373.500,0,C-1,0.1,3,0
11220,374.000,76,E5,0.67,0,0.16
11235,374.500,74,D5,0.48,0,0.16
11250,375.000,72,C5,0.67,0,0.16
11265,375.500,72,C5,0.48,0,0.16
11220,374.000,36,C2,0.6,1,-0.12
11250,375.000,43,G2,0.39,1,-0.12
11220,374.000,60,C4,0.22,0,-0.24
11225,374.167,67,G4,0.22,0,-0.24
11230,374.333,64,E4,0.22,0,-0.24
11235,374.500,67,G4,0.22,0,-0.24
11240,374.667,60,C4,0.22,0,-0.24
11245,374.833,67,G4,0.22,0,-0.24
11250,375.000,64,E4,0.22,0,-0.24
11255,375.167,67,G4,0.22,0,-0.24
11260,375.333,60,C4,0.22,0,-0.24
11265,375.500,67,G4,0.22,0,-0.24
11270,375.667,64,E4,0.22,0,-0.24
11275,375.833,67,G4,0.22,0,-0.24
11220,374.000,0,C-1,0.1,2,0
11235,374.500,0,C-1,0.1,3,0
11250,375.000,0,C-1,0.1,2,0
11265,375.500,0,C-1,0.1,3,0
11280,376.000,79,G5,0.67,0,0.16
11295,376.500,76,E5,0.48,0,0.16
11310,377.000,74,D5,0.67,0,0.16
11325,377.500,72,C5,0.48,0,0.16
11280,376.000,36,C2,0.6,1,-0.12
11310,377.000,43,G2,0.39,1,-0.12
11280,376.000,60,C4,0.22,0,-0.24
11285,376.167,67,G4,0.22,0,-0.24
11290,376.333,64,E4,0.22,0,-0.24
11295,376.500,67,G4,0.22,0,-0.24
11300,376.667,60,C4,0.22,0,-0.24
11305,376.833,67,G4,0.22,0,-0.24
11310,377.000,64,E4,0.22,0,-0.24
11315,377.167,67,G4,0.22,0,-0.24
11320,377.333,60,C4,0.22,0,-0.24
11325,377.500,67,G4,0.22,0,-0.24
11330,377.667,64,E4,0.22,0,-0.24
11335,377.833,67,G4,0.22,0,-0.24
11280,376.000,0,C-1,0.1,2,0
11295,376.500,0,C-1,0.1,3,0
11310,377.000,0,C-1,0.1,2,0
11325,377.500,0,C-1,0.1,3,0
11340,378.000,77,F5,0.67,0,0.16
11355,378.500,79,G5,0.48,0,0.16
11370,379.000,81,A5,0.67,0,0.16
11385,379.500,77,F5,0.48,0,0.16
11340,378.000,41,F2,0.6,1,-0.12
11370,379.000,48,C3,0.39,1,-0.12
11340,378.000,65,F4,0.22,0,-0.24
11345,378.167,72,C5,0.22,0,-0.24
11350,378.333,69,A4,0.22,0,-0.24
11355,378.500,72,C5,0.22,0,-0.24
11360,378.667,65,F4,0.22,0,-0.24
11365,378.833,72,C5,0.22,0,-0.24
11370,379.000,69,A4,0.22,0,-0.24
11375,379.167,72,C5,0.22,0,-0.24
11380,379.333,65,F4,0.22,0,-0.24
11385,379.500,72,C5,0.22,0,-0.24
11390,379.667,69,A4,0.22,0,-0.24
11395,379.833,72,C5,0.22,0,-0.24
11340,378.000,0,C-1,0.1,2,0
11355,378.500,0,C-1,0.1,3,0
11370,379.000,0,C-1,0.1,2,0
11385,379.500,0,C-1,0.1,3,0
11400,380.000,79,G5,0.67,0,0.16
11415,380.500,77,F5,0.48,0,0.16
11430,381.000,74,D5,0.67,0,0.16
11445,381.500,79,G5,0.48,0,0.16
11400,380.000,43,G2,0.6,1,-0.12
11430,381.000,50,D3,0.39,1,-0.12
11400,380.000,67,G4,0.22,0,-0.24
11405,380.167,74,D5,0.22,0,-0.24
11410,380.333,71,B4,0.22,0,-0.24
11415,380.500,74,D5,0.22,0,-0.24
11420,380.667,67,G4,0.22,0,-0.24
11425,380.833,74,D5,0.22,0,-0.24
11430,381.000,71,B4,0.22,0,-0.24
11435,381.167,74,D5,0.22,0,-0.24
11440,381.333,67,G4,0.22,0,-0.24
11445,381.500,74,D5,0.22,0,-0.24
11450,381.667,71,B4,0.22,0,-0.24
11455,381.833,74,D5,0.22,0,-0.24
11400,380.000,0,C-1,0.1,2,0
11415,380.500,0,C-1,0.1,3,0
11430,381.000,0,C-1,0.1,2,0
11445,381.500,0,C-1,0.1,3,0
11460,382.000,76,E5,0.67,0,0.16
11475,382.500,74,D5,0.48,0,0.16
11490,383.000,72,C5,0.67,0,0.16
11505,383.500,72,C5,0.48,0,0.16
11460,382.000,36,C2,0.6,1,-0.12
11490,383.000,43,G2,0.39,1,-0.12
11460,382.000,60,C4,0.22,0,-0.24
11465,382.167,67,G4,0.22,0,-0.24
11470,382.333,64,E4,0.22,0,-0.24
11475,382.500,67,G4,0.22,0,-0.24
11480,382.667,60,C4,0.22,0,-0.24
11485,382.833,67,G4,0.22,0,-0.24
11490,383.000,64,E4,0.22,0,-0.24
11495,383.167,67,G4,0.22,0,-0.24
11500,383.333,60,C4,0.22,0,-0.24
11505,383.500,67,G4,0.22,0,-0.24
11510,383.667,64,E4,0.22,0,-0.24
11515,383.833,67,G4,0.22,0,-0.24
11460,382.000,0,C-1,0.1,2,0
11475,382.500,0,C-1,0.1,3,0
11490,383.000,0,C-1,0.1,2,0
11505,383.500,0,C-1,0.1,3,0
11520,384.000,76,E5,0.67,0,0.16
11535,384.500,74,D5,0.48,0,0.16
11550,385.000,72,C5,0.67,0,0.16
11565,385.500,76,E5,0.48,0,0.16
11520,384.000,36,C2,0.6,1,-0.12
11550,385.000,43,G2,0.39,1,-0.12
11520,384.000,60,C4,0.22,0,-0.24
11525,384.167,67,G4,0.22,0,-0.24
11530,384.333,64,E4,0.22,0,-0.24
11535,384.500,67,G4,0.22,0,-0.24
11540,384.667,60,C4,0.22,0,-0.24
11545,384.833,67,G4,0.22,0,-0.24
11550,385.000,64,E4,0.22,0,-0.24
11555,385.167,67,G4,0.22,0,-0.24
11560,385.333,60,C4,0.22,0,-0.24
11565,385.500,67,G4,0.22,0,-0.24
11570,385.667,64,E4,0.22,0,-0.24
11575,385.833,67,G4,0.22,0,-0.24
11520,384.000,0,C-1,0.1,2,0
11535,384.500,0,C-1,0.1,3,0
11550,385.000,0,C-1,0.1,2,0
11565,385.500,0,C-1,0.1,3,0
11580,386.000,77,F5,0.67,0,0.16
11595,386.500,76,E5,0.48,0,0.16
11610,387.000,74,D5,0.67,0,0.16
11625,387.500,72,C5,0.48,0,0.16
11580,386.000,41,F2,0.6,1,-0.12
11610,387.000,48,C3,0.39,1,-0.12
11580,386.000,65,F4,0.22,0,-0.24
11585,386.167,72,C5,0.22,0,-0.24
11590,386.333,69,A4,0.22,0,-0.24
11595,386.500,72,C5,0.22,0,-0.24
11600,386.667,65,F4,0.22,0,-0.24
11605,386.833,72,C5,0.22,0,-0.24
11610,387.000,69,A4,0.22,0,-0.24
11615,387.167,72,C5,0.22,0,-0.24
11620,387.333,65,F4,0.22,0,-0.24
11625,387.500,72,C5,0.22,0,-0.24
11630,387.667,69,A4,0.22,0,-0.24
11635,387.833,72,C5,0.22,0,-0.24
11580,386.000,0,C-1,0.1,2,0
11595,386.500,0,C-1,0.1,3,0
11610,387.000,0,C-1,0.1,2,0
11625,387.500,0,C-1,0.1,3,0
11640,388.000,74,D5,0.67,0,0.16
11655,388.500,76,E5,0.48,0,0.16
11670,389.000,74,D5,0.67,0,0.16
11685,389.500,79,G5,0.48,0,0.16
11640,388.000,43,G2,0.6,1,-0.12
11670,389.000,50,D3,0.39,1,-0.12
11640,388.000,67,G4,0.22,0,-0.24
11645,388.167,74,D5,0.22,0,-0.24
11650,388.333,71,B4,0.22,0,-0.24
11655,388.500,74,D5,0.22,0,-0.24
11660,388.667,67,G4,0.22,0,-0.24
11665,388.833,74,D5,0.22,0,-0.24
11670,389.000,71,B4,0.22,0,-0.24
11675,389.167,74,D5,0.22,0,-0.24
11680,389.333,67,G4,0.22,0,-0.24
11685,389.500,74,D5,0.22,0,-0.24
11690,389.667,71,B4,0.22,0,-0.24
11695,389.833,74,D5,0.22,0,-0.24
11640,388.000,0,C-1,0.1,2,0
11655,388.500,0,C-1,0.1,3,0
11670,389.000,0,C-1,0.1,2,0
11685,389.500,0,C-1,0.1,3,0
11700,390.000,76,E5,0.67,0,0.16
11715,390.500,74,D5,0.48,0,0.16
11730,391.000,72,C5,0.67,0,0.16
11745,391.500,72,C5,0.48,0,0.16
11700,390.000,36,C2,0.6,1,-0.12
11730,391.000,43,G2,0.39,1,-0.12
11700,390.000,60,C4,0.22,0,-0.24
11705,390.167,67,G4,0.22,0,-0.24
11710,390.333,64,E4,0.22,0,-0.24
11715,390.500,67,G4,0.22,0,-0.24
11720,390.667,60,C4,0.22,0,-0.24
11725,390.833,67,G4,0.22,0,-0.24
11730,391.000,64,E4,0.22,0,-0.24
11735,391.167,67,G4,0.22,0,-0.24
11740,391.333,60,C4,0.22,0,-0.24
11745,391.500,67,G4,0.22,0,-0.24
11750,391.667,64,E4,0.22,0,-0.24
11755,391.833,67,G4,0.22,0,-0.24
11700,390.000,0,C-1,0.1,2,0
11715,390.500,0,C-1,0.1,3,0
11730,391.000,0,C-1,0.1,2,0
11745,391.500,0,C-1,0.1,3,0
11760,392.000,79,G5,0.67,0,0.16
11775,392.500,76,E5,0.48,0,0.16
11790,393.000,74,D5,0.67,0,0.16
11805,393.500,72,C5,0.48,0,0.16
11760,392.000,36,C2,0.6,1,-0.12
11790,393.000,43,G2,0.39,1,-0.12
11760,392.000,60,C4,0.22,0,-0.24
11765,392.167,67,G4,0.22,0,-0.24
11770,392.333,64,E4,0.22,0,-0.24
11775,392.500,67,G4,0.22,0,-0.24
11780,392.667,60,C4,0.22,0,-0.24
11785,392.833,67,G4,0.22,0,-0.24
11790,393.000,64,E4,0.22,0,-0.24
11795,393.167,67,G4,0.22,0,-0.24
11800,393.333,60,C4,0.22,0,-0.24
11805,393.500,67,G4,0.22,0,-0.24
11810,393.667,64,E4,0.22,0,-0.24
11815,393.833,67,G4,0.22,0,-0.24
11760,392.000,0,C-1,0.1,2,0
11775,392.500,0,C-1,0.1,3,0
11790,393.000,0,C-1,0.1,2,0
11805,393.500,0,C-1,0.1,3,0
11820,394.000,77,F5,0.67,0,0.16
11835,394.500,79,G5,0.48,0,0.16
11850,395.000,81,A5,0.67,0,0.16
11865,395.500,77,F5,0.48,0,0.16
11820,394.000,41,F2,0.6,1,-0.12
11850,395.000,48,C3,0.39,1,-0.12
11820,394.000,65,F4,0.22,0,-0.24
11825,394.167,72,C5,0.22,0,-0.24
11830,394.333,69,A4,0.22,0,-0.24
11835,394.500,72,C5,0.22,0,-0.24
11840,394.667,65,F4,0.22,0,-0.24
11845,394.833,72,C5,0.22,0,-0.24
11850,395.000,69,A4,0.22,0,-0.24
11855,395.167,72,C5,0.22,0,-0.24
11860,395.333,65,F4,0.22,0,-0.24
11865,395.500,72,C5,0.22,0,-0.24
11870,395.667,69,A4,0.22,0,-0.24
11875,395.833,72,C5,0.22,0,-0.24
11820,394.000,0,C-1,0.1,2,0
11835,394.500,0,C-1,0.1,3,0
11850,395.000,0,C-1,0.1,2,0
11865,395.500,0,C-1,0.1,3,0
11880,396.000,79,G5,0.67,0,0.16
11895,396.500,77,F5,0.48,0,0.16
11910,397.000,74,D5,0.67,0,0.16
11925,397.500,79,G5,0.48,0,0.16
11880,396.000,43,G2,0.6,1,-0.12
11910,397.000,50,D3,0.39,1,-0.12
11880,396.000,67,G4,0.22,0,-0.24
11885,396.167,74,D5,0.22,0,-0.24
11890,396.333,71,B4,0.22,0,-0.24
11895,396.500,74,D5,0.22,0,-0.24
11900,396.667,67,G4,0.22,0,-0.24
11905,396.833,74,D5,0.22,0,-0.24
11910,397.000,71,B4,0.22,0,-0.24
11915,397.167,74,D5,0.22,0,-0.24
11920,397.333,67,G4,0.22,0,-0.24
11925,397.500,74,D5,0.22,0,-0.24
11930,397.667,71,B4,0.22,0,-0.24
11935,397.833,74,D5,0.22,0,-0.24
11880,396.000,0,C-1,0.1,2,0
11895,396.500,0,C-1,0.1,3,0
11910,397.000,0,C-1,0.1,2,0
11925,397.500,0,C-1,0.1,3,0
11940,398.000,76,E5,0.67,0,0.16
11955,398.500,74,D5,0.48,0,0.16
11970,399.000,72,C5,0.67,0,0.16
11985,399.500,72,C5,0.48,0,0.16
11940,398.000,36,C2,0.6,1,-0.12
11970,399.000,43,G2,0.39,1,-0.12
11940,398.000,60,C4,0.22,0,-0.24
11945,398.167,67,G4,0.22,0,-0.24
11950,398.333,64,E4,0.22,0,-0.24
11955,398.500,67,G4,0.22,0,-0.24
11960,398.667,60,C4,0.22,0,-0.24
11965,398.833,67,G4,0.22,0,-0.24
11970,399.000,64,E4,0.22,0,-0.24
11975,399.167,67,G4,0.22,0,-0.24
11980,399.333,60,C4,0.22,0,-0.24
11985,399.500,67,G4,0.22,0,-0.24
11990,399.667,64,E4,0.22,0,-0.24
11995,399.833,67,G4,0.22,0,-0.24
11940,398.000,0,C-1,0.1,2,0
11955,398.500,0,C-1,0.1,3,0
11970,399.000,0,C-1,0.1,2,0
11985,399.500,0,C-1,0.1,3,0
12000,400.000,76,E5,0.67,0,0.16
12015,400.500,74,D5,0.48,0,0.16
12030,401.000,72,C5,0.67,0,0.16
12045,401.500,76,E5,0.48,0,0.16
12000,400.000,36,C2,0.6,1,-0.12
12030,401.000,43,G2,0.39,1,-0.12
12000,400.000,60,C4,0.22,0,-0.24
12005,400.167,67,G4,0.22,0,-0.24
12010,400.333,64,E4,0.22,0,-0.24
12015,400.500,67,G4,0.22,0,-0.24
12020,400.667,60,C4,0.22,0,-0.24
12025,400.833,67,G4,0.22,0,-0.24
12030,401.000,64,E4,0.22,0,-0.24
12035,401.167,67,G4,0.22,0,-0.24
12040,401.333,60,C4,0.22,0,-0.24
12045,401.500,67,G4,0.22,0,-0.24
12050,401.667,64,E4,0.22,0,-0.24
12055,401.833,67,G4,0.22,0,-0.24
12000,400.000,0,C-1,0.1,2,0
12015,400.500,0,C-1,0.1,3,0
12030,401.000,0,C-1,0.1,2,0
12045,401.500,0,C-1,0.1,3,0
12060,402.000,77,F5,0.67,0,0.16
12075,402.500,76,E5,0.48,0,0.16
12090,403.000,74,D5,0.67,0,0.16
12105,403.500,72,C5,0.48,0,0.16
12060,402.000,41,F2,0.6,1,-0.12
12090,403.000,48,C3,0.39,1,-0.12
12060,402.000,65,F4,0.22,0,-0.24
12065,402.167,72,C5,0.22,0,-0.24
12070,402.333,69,A4,0.22,0,-0.24
12075,402.500,72,C5,0.22,0,-0.24
12080,402.667,65,F4,0.22,0,-0.24
12085,402.833,72,C5,0.22,0,-0.24
12090,403.000,69,A4,0.22,0,-0.24
12095,403.167,72,C5,0.22,0,-0.24
12100,403.333,65,F4,0.22,0,-0.24
12105,403.500,72,C5,0.22,0,-0.24
12110,403.667,69,A4,0.22,0,-0.24
12115,403.833,72,C5,0.22,0,-0.24
12060,402.000,0,C-1,0.1,2,0
12075,402.500,0,C-1,0.1,3,0
12090,403.000,0,C-1,0.1,2,0
12105,403.500,0,C-1,0.1,3,0
12120,404.000,74,D5,0.67,0,0.16
12135,404.500,76,E5,0.48,0,0.16
12150,405.000,74,D5,0.67,0,0.16
12165,405.500,79,G5,0.48,0,0.16
12120,404.000,43,G2,0.6,1,-0.12
12150,405.000,50,D3,0.39,1,-0.12
12120,404.000,67,G4,0.22,0,-0.24
12125,404.167,74,D5,0.22,0,-0.24
12130,404.333,71,B4,0.22,0,-0.24
12135,404.500,74,D5,0.22,0,-0.24
12140,404.667,67,G4,0.22,0,-0.24
12145,404.833,74,D5,0.22,0,-0.24
12150,405.000,71,B4,0.22,0,-0.24
12155,405.167,74,D5,0.22,0,-0.24
12160,405.333,67,G4,0.22,0,-0.24
12165,405.500,74,D5,0.22,0,-0.24
12170,405.667,71,B4,0.22,0,-0.24
12175,405.833,74,D5,0.22,0,-0.24
12120,404.000,0,C-1,0.1,2,0
12135,404.500,0,C-1,0.1,3,0
12150,405.000,0,C-1,0.1,2,0
12165,405.500,0,C-1,0.1,3,0
12180,406.000,76,E5,0.67,0,0.16
12195,406.500,74,D5,0.48,0,0.16
12210,407.000,72,C5,0.67,0,0.16
12225,407.500,72,C5,0.48,0,0.16
12180,406.000,36,C2,0.6,1,-0.12
12210,407.000,43,G2,0.39,1,-0.12
12180,406.000,60,C4,0.22,0,-0.24
12185,406.167,67,G4,0.22,0,-0.24
12190,406.333,64,E4,0.22,0,-0.24
12195,406.500,67,G4,0.22,0,-0.24
12200,406.667,60,C4,0.22,0,-0.24
12205,406.833,67,G4,0.22,0,-0.24
12210,407.000,64,E4,0.22,0,-0.24
12215,407.167,67,G4,0.22,0,-0.24
12220,407.333,60,C4,0.22,0,-0.24
12225,407.500,67,G4,0.22,0,-0.24
12230,407.667,64,E4,0.22,0,-0.24
12235,407.833,67,G4,0.22,0,-0.24
12180,406.000,0,C-1,0.1,2,0
12195,406.500,0,C-1,0.1,3,0
12210,407.000,0,C-1,0.1,2,0
12225,407.500,0,C-1,0.1,3,0
12240,408.000,79,G5,0.67,0,0.16
12255,408.500,76,E5,0.48,0,0.16
12270,409.000,74,D5,0.67,0,0.16
12285,409.500,72,C5,0.48,0,0.16
12240,408.000,36,C2,0.6,1,-0.12
12270,409.000,43,G2,0.39,1,-0.12
12240,408.000,60,C4,0.22,0,-0.24
12245,408.167,67,G4,0.22,0,-0.24
12250,408.333,64,E4,0.22,0,-0.24
12255,408.500,67,G4,0.22,0,-0.24
12260,408.667,60,C4,0.22,0,-0.24
12265,408.833,67,G4,0.22,0,-0.24
12270,409.000,64,E4,0.22,0,-0.24
12275,409.167,67,G4,0.22,0,-0.24
12280,409.333,60,C4,0.22,0,-0.24
12285,409.500,67,G4,0.22,0,-0.24
12290,409.667,64,E4,0.22,0,-0.24
12295,409.833,67,G4,0.22,0,-0.24
12240,408.000,0,C-1,0.1,2,0
12255,408.500,0,C-1,0.1,3,0
12270,409.000,0,C-1,0.1,2,0
12285,409.500,0,C-1,0.1,3,0
12300,410.000,77,F5,0.67,0,0.16
12315,410.500,79,G5,0.48,0,0.16
12330,411.000,81,A5,0.67,0,0.16
12345,411.500,77,F5,0.48,0,0.16
12300,410.000,41,F2,0.6,1,-0.12
12330,411.000,48,C3,0.39,1,-0.12
12300,410.000,65,F4,0.22,0,-0.24
12305,410.167,72,C5,0.22,0,-0.24
12310,410.333,69,A4,0.22,0,-0.24
12315,410.500,72,C5,0.22,0,-0.24
12320,410.667,65,F4,0.22,0,-0.24
12325,410.833,72,C5,0.22,0,-0.24
12330,411.000,69,A4,0.22,0,-0.24
12335,411.167,72,C5,0.22,0,-0.24
12340,411.333,65,F4,0.22,0,-0.24
12345,411.500,72,C5,0.22,0,-0.24
12350,411.667,69,A4,0.22,0,-0.24
12355,411.833,72,C5,0.22,0,-0.24
12300,410.000,0,C-1,0.1,2,0
12315,410.500,0,C-1,0.1,3,0
12330,411.000,0,C-1,0.1,2,0
12345,411.500,0,C-1,0.1,3,0
12360,412.000,79,G5,0.67,0,0.16
12375,412.500,77,F5,0.48,0,0.16
12390,413.000,74,D5,0.67,0,0.16
12405,413.500,79,G5,0.48,0,0.16
12360,412.000,43,G2,0.6,1,-0.12
12390,413.000,50,D3,0.39,1,-0.12
12360,412.000,67,G4,0.22,0,-0.24
12365,412.167,74,D5,0.22,0,-0.24
12370,412.333,71,B4,0.22,0,-0.24
12375,412.500,74,D5,0.22,0,-0.24
12380,412.667,67,G4,0.22,0,-0.24
12385,412.833,74,D5,0.22,0,-0.24
12390,413.000,71,B4,0.22,0,-0.24
12395,413.167,74,D5,0.22,0,-0.24
12400,413.333,67,G4,0.22,0,-0.24
12405,413.500,74,D5,0.22,0,-0.24
12410,413.667,71,B4,0.22,0,-0.24
12415,413.833,74,D5,0.22,0,-0.24
12360,412.000,0,C-1,0.1,2,0
12375,412.500,0,C-1,0.1,3,0
12390,413.000,0,C-1,0.1,2,0
12405,413.500,0,C-1,0.1,3,0
12420,414.000,76,E5,0.67,0,0.16
12435,414.500,74,D5,0.48,0,0.16
12450,415.000,72,C5,0.67,0,0.16
12465,415.500,72,C5,0.48,0,0.16
12420,414.000,36,C2,0.6,1,-0.12
12450,415.000,43,G2,0.39,1,-0.12
12420,414.000,60,C4,0.22,0,-0.24
12425,414.167,67,G4,0.22,0,-0.24
12430,414.333,64,E4,0.22,0,-0.24
12435,414.500,67,G4,0.22,0,-0.24
12440,414.667,60,C4,0.22,0,-0.24
12445,414.833,67,G4,0.22,0,-0.24
12450,415.000,64,E4,0.22,0,-0.24
12455,415.167,67,G4,0.22,0,-0.24
12460,415.333,60,C4,0.22,0,-0.24
12465,415.500,67,G4,0.22,0,-0.24
12470,415.667,64,E4,0.22,0,-0.24
12475,415.833,67,G4,0.22,0,-0.24
12420,414.000,0,C-1,0.1,2,0
12435,414.500,0,C-1,0.1,3,0
12450,415.000,0,C-1,0.1,2,0
12465,415.500,0,C-1,0.1,3,0
12480,416.000,76,E5,0.67,0,0.16
12495,416.500,74,D5,0.48,0,0.16
12510,417.000,72,C5,0.67,0,0.16
12525,417.500,76,E5,0.48,0,0.16
12480,416.000,36,C2,0.6,1,-0.12
12510,417.000,43,G2,0.39,1,-0.12
12480,416.000,60,C4,0.22,0,-0.24
12485,416.167,67,G4,0.22,0,-0.24
12490,416.333,64,E4,0.22,0,-0.24
12495,416.500,67,G4,0.22,0,-0.24
12500,416.667,60,C4,0.22,0,-0.24
12505,416.833,67,G4,0.22,0,-0.24
12510,417.000,64,E4,0.22,0,-0.24
12515,417.167,67,G4,0.22,0,-0.24
12520,417.333,60,C4,0.22,0,-0.24
12525,417.500,67,G4,0.22,0,-0.24
12530,417.667,64,E4,0.22,0,-0.24
12535,417.833,67,G4,0.22,0,-0.24
12480,416.000,0,C-1,0.1,2,0
12495,416.500,0,C-1,0.1,3,0
12510,417.000,0,C-1,0.1,2,0
12525,417.500,0,C-1,0.1,3,0
12540,418.000,77,F5,0.67,0,0.16
12555,418.500,76,E5,0.48,0,0.16
12570,419.000,74,D5,0.67,0,0.16
12585,419.500,72,C5,0.48,0,0.16
12540,418.000,41,F2,0.6,1,-0.12
12570,419.000,48,C3,0.39,1,-0.12
12540,418.000,65,F4,0.22,0,-0.24
12545,418.167,72,C5,0.22,0,-0.24
12550,418.333,69,A4,0.22,0,-0.24
12555,418.500,72,C5,0.22,0,-0.24
12560,418.667,65,F4,0.22,0,-0.24
12565,418.833,72,C5,0.22,0,-0.24
12570,419.000,69,A4,0.22,0,-0.24
12575,419.167,72,C5,0.22,0,-0.24
12580,419.333,65,F4,0.22,0,-0.24
12585,419.500,72,C5,0.22,0,-0.24
12590,419.667,69,A4,0.22,0,-0.24
12595,419.833,72,C5,0.22,0,-0.24
12540,418.000,0,C-1,0.1,2,0
12555,418.500,0,C-1,0.1,3,0
12570,419.000,0,C-1,0.1,2,0
12585,419.500,0,C-1,0.1,3,0
12600,420.000,74,D5,0.67,0,0.16
12615,420.500,76,E5,0.48,0,0.16
12630,421.000,74,D5,0.67,0,0.16
12645,421.500,79,G5,0.48,0,0.16
12600,420.000,43,G2,0.6,1,-0.12
12630,421.000,50,D3,0.39,1,-0.12
12600,420.000,67,G4,0.22,0,-0.24
12605,420.167,74,D5,0.22,0,-0.24
12610,420.333,71,B4,0.22,0,-0.24
12615,420.500,74,D5,0.22,0,-0.24
12620,420.667,67,G4,0.22,0,-0.24
12625,420.833,74,D5,0.22,0,-0.24
12630,421.000,71,B4,0.22,0,-0.24
12635,421.167,74,D5,0.22,0,-0.24
12640,421.333,67,G4,0.22,0,-0.24
12645,421.500,74,D5,0.22,0,-0.24
12650,421.667,71,B4,0.22,0,-0.24
12655,421.833,74,D5,0.22,0,-0.24
12600,420.000,0,C-1,0.1,2,0
12615,420.500,0,C-1,0.1,3,0
12630,421.000,0,C-1,0.1,2,0
12645,421.500,0,C-1,0.1,3,0
12660,422.000,76,E5,0.67,0,0.16
12675,422.500,74,D5,0.48,0,0.16
12690,423.000,72,C5,0.67,0,0.16
12705,423.500,72,C5,0.48,0,0.16
12660,422.000,36,C2,0.6,1,-0.12
12690,423.000,43,G2,0.39,1,-0.12
12660,422.000,60,C4,0.22,0,-0.24
12665,422.167,67,G4,0.22,0,-0.24
12670,422.333,64,E4,0.22,0,-0.24
12675,422.500,67,G4,0.22,0,-0.24
12680,422.667,60,C4,0.22,0,-0.24
12685,422.833,67,G4,0.22,0,-0.24
12690,423.000,64,E4,0.22,0,-0.24
12695,423.167,67,G4,0.22,0,-0.24
12700,423.333,60,C4,0.22,0,-0.24
12705,423.500,67,G4,0.22,0,-0.24
12710,423.667,64,E4,0.22,0,-0.24
12715,423.833,67,G4,0.22,0,-0.24
12660,422.000,0,C-1,0.1,2,0
12675,422.500,0,C-1,0.1,3,0
12690,423.000,0,C-1,0.1,2,0
12705,423.500,0,C-1,0.1,3,0
12720,424.000,79,G5,0.67,0,0.16
12735,424.500,76,E5,0.48,0,0.16
12750,425.000,74,D5,0.67,0,0.16
12765,425.500,72,C5,0.48,0,0.16
12720,424.000,36,C2,0.6,1,-0.12
12750,425.000,43,G2,0.39,1,-0.12
12720,424.000,60,C4,0.22,0,-0.24
12725,424.167,67,G4,0.22,0,-0.24
12730,424.333,64,E4,0.22,0,-0.24
12735,424.500,67,G4,0.22,0,-0.24
12740,424.667,60,C4,0.22,0,-0.24
12745,424.833,67,G4,0.22,0,-0.24
12750,425.000,64,E4,0.22,0,-0.24
12755,425.167,67,G4,0.22,0,-0.24
12760,425.333,60,C4,0.22,0,-0.24
12765,425.500,67,G4,0.22,0,-0.24
12770,425.667,64,E4,0.22,0,-0.24
12775,425.833,67,G4,0.22,0,-0.24
12720,424.000,0,C-1,0.1,2,0
12735,424.500,0,C-1,0.1,3,0
12750,425.000,0,C-1,0.1,2,0
12765,425.500,0,C-1,0.1,3,0
12780,426.000,77,F5,0.67,0,0.16
12795,426.500,79,G5,0.48,0,0.16
12810,427.000,81,A5,0.67,0,0.16
12825,427.500,77,F5,0.48,0,0.16
12780,426.000,41,F2,0.6,1,-0.12
12810,427.000,48,C3,0.39,1,-0.12
12780,426.000,65,F4,0.22,0,-0.24
12785,426.167,72,C5,0.22,0,-0.24
12790,426.333,69,A4,0.22,0,-0.24
12795,426.500,72,C5,0.22,0,-0.24
12800,426.667,65,F4,0.22,0,-0.24
12805,426.833,72,C5,0.22,0,-0.24
12810,427.000,69,A4,0.22,0,-0.24
12815,427.167,72,C5,0.22,0,-0.24
12820,427.333,65,F4,0.22,0,-0.24
12825,427.500,72,C5,0.22,0,-0.24
12830,427.667,69,A4,0.22,0,-0.24
12835,427.833,72,C5,0.22,0,-0.24
12780,426.000,0,C-1,0.1,2,0
12795,426.500,0,C-1,0.1,3,0
12810,427.000,0,C-1,0.1,2,0
12825,427.500,0,C-1,0.1,3,0
12840,428.000,79,G5,0.67,0,0.16
12855,428.500,77,F5,0.48,0,0.16
12870,429.000,74,D5,0.67,0,0.16
12885,429.500,79,G5,0.48,0,0.16
12840,428.000,43,G2,0.6,1,-0.12
12870,429.000,50,D3,0.39,1,-0.12
12840,428.000,67,G4,0.22,0,-0.24
12845,428.167,74,D5,0.22,0,-0.24
12850,428.333,71,B4,0.22,0,-0.24
12855,428.500,74,D5,0.22,0,-0.24
12860,428.667,67,G4,0.22,0,-0.24
12865,428.833,74,D5,0.22,0,-0.24
12870,429.000,71,B4,0.22,0,-0.24
12875,429.167,74,D5,0.22,0,-0.24
12880,429.333,67,G4,0.22,0,-0.24
12885,429.500,74,D5,0.22,0,-0.24
12890,429.667,71,B4,0.22,0,-0.24
12895,429.833,74,D5,0.22,0,-0.24
12840,428.000,0,C-1,0.1,2,0
12855,428.500,0,C-1,0.1,3,0
12870,429.000,0,C-1,0.1,2,0
12885,429.500,0,C-1,0.1,3,0
12900,430.000,76,E5,0.67,0,0.16
12915,430.500,74,D5,0.48,0,0.16
12930,431.000,72,C5,0.67,0,0.16
12945,431.500,72,C5,0.48,0,0.16
12900,430.000,36,C2,0.6,1,-0.12
12930,431.000,43,G2,0.39,1,-0.12
12900,430.000,60,C4,0.22,0,-0.24
12905,430.167,67,G4,0.22,0,-0.24
12910,430.333,64,E4,0.22,0,-0.24
12915,430.500,67,G4,0.22,0,-0.24
12920,430.667,60,C4,0.22,0,-0.24
12925,430.833,67,G4,0.22,0,-0.24
12930,431.000,64,E4,0.22,0,-0.24
12935,431.167,67,G4,0.22,0,-0.24
12940,431.333,60,C4,0.22,0,-0.24
12945,431.500,67,G4,0.22,0,-0.24
12950,431.667,64,E4,0.22,0,-0.24
12955,431.833,67,G4,0.22,0,-0.24
12900,430.000,0,C-1,0.1,2,0
12915,430.500,0,C-1,0.1,3,0
12930,431.000,0,C-1,0.1,2,0
12945,431.500,0,C-1,0.1,3,0
12960,432.000,76,E5,0.67,0,0.16
12975,432.500,74,D5,0.48,0,0.16
12990,433.000,72,C5,0.67,0,0.16
13005,433.500,76,E5,0.48,0,0.16
12960,432.000,36,C2,0.6,1,-0.12
12990,433.000,43,G2,0.39,1,-0.12
12960,432.000,60,C4,0.22,0,-0.24
12965,432.167,67,G4,0.22,0,-0.24
12970,432.333,64,E4,0.22,0,-0.24
12975,432.500,67,G4,0.22,0,-0.24
12980,432.667,60,C4,0.22,0,-0.24
12985,432.833,67,G4,0.22,0,-0.24
12990,433.000,64,E4,0.22,0,-0.24
12995,433.167,67,G4,0.22,0,-0.24
13000,433.333,60,C4,0.22,0,-0.24
13005,433.500,67,G4,0.22,0,-0.24
13010,433.667,64,E4,0.22,0,-0.24
13015,433.833,67,G4,0.22,0,-0.24
12960,432.000,0,C-1,0.1,2,0
12975,432.500,0,C-1,0.1,3,0
12990,433.000,0,C-1,0.1,2,0
13005,433.500,0,C-1,0.1,3,0
13020,434.000,77,F5,0.67,0,0.16
13035,434.500,76,E5,0.48,0,0.16
13050,435.000,74,D5,0.67,0,0.16
13065,435.500,72,C5,0.48,0,0.16
13020,434.000,41,F2,0.6,1,-0.12
13050,435.000,48,C3,0.39,1,-0.12
13020,434.000,65,F4,0.22,0,-0.24
13025,434.167,72,C5,0.22,0,-0.24
13030,434.333,69,A4,0.22,0,-0.24
13035,434.500,72,C5,0.22,0,-0.24
13040,434.667,65,F4,0.22,0,-0.24
13045,434.833,72,C5,0.22,0,-0.24
13050,435.000,69,A4,0.22,0,-0.24
13055,435.167,72,C5,0.22,0,-0.24
13060,435.333,65,F4,0.22,0,-0.24
13065,435.500,72,C5,0.22,0,-0.24
13070,435.667,69,A4,0.22,0,-0.24
13075,435.833,72,C5,0.22,0,-0.24
13020,434.000,0,C-1,0.1,2,0
13035,434.500,0,C-1,0.1,3,0
13050,435.000,0,C-1,0.1,2,0
13065,435.500,0,C-1,0.1,3,0
13080,436.000,74,D5,0.67,0,0.16
13095,436.500,76,E5,0.48,0,0.16
13110,437.000,74,D5,0.67,0,0.16
13125,437.500,79,G5,0.48,0,0.16
13080,436.000,43,G2,0.6,1,-0.12
13110,437.000,50,D3,0.39,1,-0.12
13080,436.000,67,G4,0.22,0,-0.24
13085,436.167,74,D5,0.22,0,-0.24
13090,436.333,71,B4,0.22,0,-0.24
13095,436.500,74,D5,0.22,0,-0.24
13100,436.667,67,G4,0.22,0,-0.24
13105,436.833,74,D5,0.22,0,-0.24
13110,437.000,71,B4,0.22,0,-0.24
13115,437.167,74,D5,0.22,0,-0.24
13120,437.333,67,G4,0.22,0,-0.24
13125,437.500,74,D5,0.22,0,-0.24
13130,437.667,71,B4,0.22,0,-0.24
13135,437.833,74,D5,0.22,0,-0.24
13080,436.000,0,C-1,0.1,2,0
13095,436.500,0,C-1,0.1,3,0
13110,437.000,0,C-1,0.1,2,0
13125,437.500,0,C-1,0.1,3,0
13140,438.000,76,E5,0.67,0,0.16
13155,438.500,74,D5,0.48,0,0.16
13170,439.000,72,C5,0.67,0,0.16
13185,439.500,72,C5,0.48,0,0.16
13140,438.000,36,C2,0.6,1,-0.12
13170,439.000,43,G2,0.39,1,-0.12
13140,438.000,60,C4,0.22,0,-0.24
13145,438.167,67,G4,0.22,0,-0.24
13150,438.333,64,E4,0.22,0,-0.24
13155,438.500,67,G4,0.22,0,-0.24
13160,438.667,60,C4,0.22,0,-0.24
13165,438.833,67,G4,0.22,0,-0.24
13170,439.000,64,E4,0.22,0,-0.24
13175,439.167,67,G4,0.22,0,-0.24
13180,439.333,60,C4,0.22,0,-0.24
13185,439.500,67,G4,0.22,0,-0.24
13190,439.667,64,E4,0.22,0,-0.24
13195,439.833,67,G4,0.22,0,-0.24
13140,438.000,0,C-1,0.1,2,0
13155,438.500,0,C-1,0.1,3,0
13170,439.000,0,C-1,0.1,2,0
13185,439.500,0,C-1,0.1,3,0
13200,440.000,79,G5,0.67,0,0.16
13215,440.500,76,E5,0.48,0,0.16
13230,441.000,74,D5,0.67,0,0.16
13245,441.500,72,C5,0.48,0,0.16
13200,440.000,36,C2,0.6,1,-0.12
13230,441.000,43,G2,0.39,1,-0.12
13200,440.000,60,C4,0.22,0,-0.24
13205,440.167,67,G4,0.22,0,-0.24
13210,440.333,64,E4,0.22,0,-0.24
13215,440.500,67,G4,0.22,0,-0.24
13220,440.667,60,C4,0.22,0,-0.24
13225,440.833,67,G4,0.22,0,-0.24
13230,441.000,64,E4,0.22,0,-0.24
13235,441.167,67,G4,0.22,0,-0.24
13240,441.333,60,C4,0.22,0,-0.24
13245,441.500,67,G4,0.22,0,-0.24
13250,441.667,64,E4,0.22,0,-0.24
13255,441.833,67,G4,0.22,0,-0.24
13200,440.000,0,C-1,0.1,2,0
13215,440.500,0,C-1,0.1,3,0
13230,441.000,0,C-1,0.1,2,0
13245,441.500,0,C-1,0.1,3,0
13260,442.000,77,F5,0.67,0,0.16
13275,442.500,79,G5,0.48,0,0.16
13290,443.000,81,A5,0.67,0,0.16
13305,443.500,77,F5,0.48,0,0.16
13260,442.000,41,F2,0.6,1,-0.12
13290,443.000,48,C3,0.39,1,-0.12
13260,442.000,65,F4,0.22,0,-0.24
13265,442.167,72,C5,0.22,0,-0.24
13270,442.333,69,A4,0.22,0,-0.24
13275,442.500,72,C5,0.22,0,-0.24
13280,442.667,65,F4,0.22,0,-0.24
13285,442.833,72,C5,0.22,0,-0.24
13290,443.000,69,A4,0.22,0,-0.24
13295,443.167,72,C5,0.22,0,-0.24
13300,443.333,65,F4,0.22,0,-0.24
13305,443.500,72,C5,0.22,0,-0.24
13310,443.667,69,A4,0.22,0,-0.24
13315,443.833,72,C5,0.22,0,-0.24
13260,442.000,0,C-1,0.1,2,0
13275,442.500,0,C-1,0.1,3,0
13290,443.000,0,C-1,0.1,2,0
13305,443.500,0,C-1,0.1,3,0
13320,444.000,79,G5,0.67,0,0.16
13335,444.500,77,F5,0.48,0,0.16
13350,445.000,74,D5,0.67,0,0.16
13365,445.500,79,G5,0.48,0,0.16
13320,444.000,43,G2,0.6,1,-0.12
13350,445.000,50,D3,0.39,1,-0.12
13320,444.000,67,G4,0.22,0,-0.24
13325,444.167,74,D5,0.22,0,-0.24
13330,444.333,71,B4,0.22,0,-0.24
13335,444.500,74,D5,0.22,0,-0.24
13340,444.667,67,G4,0.22,0,-0.24
13345,444.833,74,D5,0.22,0,-0.24
13350,445.000,71,B4,0.22,0,-0.24
13355,445.167,74,D5,0.22,0,-0.24
13360,445.333,67,G4,0.22,0,-0.24
13365,445.500,74,D5,0.22,0,-0.24
13370,445.667,71,B4,0.22,0,-0.24
13375,445.833,74,D5,0.22,0,-0.24
13320,444.000,0,C-1,0.1,2,0
13335,444.500,0,C-1,0.1,3,0
13350,445.000,0,C-1,0.1,2,0
13365,445.500,0,C-1,0.1,3,0
13380,446.000,76,E5,0.67,0,0.16
13395,446.500,74,D5,0.48,0,0.16
13410,447.000,72,C5,0.67,0,0.16
13425,447.500,72,C5,0.48,0,0.16
13380,446.000,36,C2,0.6,1,-0.12
13410,447.000,43,G2,0.39,1,-0.12
13380,446.000,60,C4,0.22,0,-0.24
13385,446.167,67,G4,0.22,0,-0.24
13390,446.333,64,E4,0.22,0,-0.24
13395,446.500,67,G4,0.22,0,-0.24
13400,446.667,60,C4,0.22,0,-0.24
13405,446.833,67,G4,0.22,0,-0.24
13410,447.000,64,E4,0.22,0,-0.24
13415,447.167,67,G4,0.22,0,-0.24
13420,447.333,60,C4,0.22,0,-0.24
13425,447.500,67,G4,0.22,0,-0.24
13430,447.667,64,E4,0.22,0,-0.24
13435,447.833,67,G4,0.22,0,-0.24
13380,446.000,0,C-1,0.1,2,0
13395,446.500,0,C-1,0.1,3,0
13410,447.000,0,C-1,0.1,2,0
13425,447.500,0,C-1,0.1,3,0
13440,448.000,76,E5,0.67,0,0.16
13455,448.500,74,D5,0.48,0,0.16
13470,449.000,72,C5,0.67,0,0.16
13485,449.500,76,E5,0.48,0,0.16
13440,448.000,36,C2,0.6,1,-0.12
13470,449.000,43,G2,0.39,1,-0.12
13440,448.000,60,C4,0.22,0,-0.24
13445,448.167,67,G4,0.22,0,-0.24
13450,448.333,64,E4,0.22,0,-0.24
13455,448.500,67,G4,0.22,0,-0.24
13460,448.667,60,C4,0.22,0,-0.24
13465,448.833,67,G4,0.22,0,-0.24
13470,449.000,64,E4,0.22,0,-0.24
13475,449.167,67,G4,0.22,0,-0.24
13480,449.333,60,C4,0.22,0,-0.24
13485,449.500,67,G4,0.22,0,-0.24
13490,449.667,64,E4,0.22,0,-0.24
13495,449.833,67,G4,0.22,0,-0.24
13440,448.000,0,C-1,0.1,2,0
13455,448.500,0,C-1,0.1,3,0
13470,449.000,0,C-1,0.1,2,0
13485,449.500,0,C-1,0.1,3,0
13500,450.000,77,F5,0.67,0,0.16
13515,450.500,76,E5,0.48,0,0.16
13530,451.000,74,D5,0.67,0,0.16
13545,451.500,72,C5,0.48,0,0.16
13500,450.000,41,F2,0.6,1,-0.12
13530,451.000,48,C3,0.39,1,-0.12
13500,450.000,65,F4,0.22,0,-0.24
13505,450.167,72,C5,0.22,0,-0.24
13510,450.333,69,A4,0.22,0,-0.24
13515,450.500,72,C5,0.22,0,-0.24
13520,450.667,65,F4,0.22,0,-0.24
13525,450.833,72,C5,0.22,0,-0.24
13530,451.000,69,A4,0.22,0,-0.24
13535,451.167,72,C5,0.22,0,-0.24
13540,451.333,65,F4,0.22,0,-0.24
13545,451.500,72,C5,0.22,0,-0.24
13550,451.667,69,A4,0.22,0,-0.24
13555,451.833,72,C5,0.22,0,-0.24
13500,450.000,0,C-1,0.1,2,0
13515,450.500,0,C-1,0.1,3,0
13530,451.000,0,C-1,0.1,2,0
13545,451.500,0,C-1,0.1,3,0
13560,452.000,74,D5,0.67,0,0.16
13575,452.500,76,E5,0.48,0,0.16
13590,453.000,74,D5,0.67,0,0.16
13605,453.500,79,G5,0.48,0,0.16
13560,452.000,43,G2,0.6,1,-0.12
13590,453.000,50,D3,0.39,1,-0.12
13560,452.000,67,G4,0.22,0,-0.24
13565,452.167,74,D5,0.22,0,-0.24
13570,452.333,71,B4,0.22,0,-0.24
13575,452.500,74,D5,0.22,0,-0.24
13580,452.667,67,G4,0.22,0,-0.24
13585,452.833,74,D5,0.22,0,-0.24
13590,453.000,71,B4,0.22,0,-0.24
13595,453.167,74,D5,0.22,0,-0.24
13600,453.333,67,G4,0.22,0,-0.24
13605,453.500,74,D5,0.22,0,-0.24
13610,453.667,71,B4,0.22,0,-0.24
13615,453.833,74,D5,0.22,0,-0.24
13560,452.000,0,C-1,0.1,2,0
13575,452.500,0,C-1,0.1,3,0
13590,453.000,0,C-1,0.1,2,0
13605,453.500,0,C-1,0.1,3,0
13620,454.000,76,E5,0.67,0,0.16
13635,454.500,74,D5,0.48,0,0.16
13650,455.000,72,C5,0.67,0,0.16
13665,455.500,72,C5,0.48,0,0.16
13620,454.000,36,C2,0.6,1,-0.12
13650,455.000,43,G2,0.39,1,-0.12
13620,454.000,60,C4,0.22,0,-0.24
13625,454.167,67,G4,0.22,0,-0.24
13630,454.333,64,E4,0.22,0,-0.24
13635,454.500,67,G4,0.22,0,-0.24
13640,454.667,60,C4,0.22,0,-0.24
13645,454.833,67,G4,0.22,0,-0.24
13650,455.000,64,E4,0.22,0,-0.24
13655,455.167,67,G4,0.22,0,-0.24
13660,455.333,60,C4,0.22,0,-0.24
13665,455.500,67,G4,0.22,0,-0.24
13670,455.667,64,E4,0.22,0,-0.24
13675,455.833,67,G4,0.22,0,-0.24
13620,454.000,0,C-1,0.1,2,0
13635,454.500,0,C-1,0.1,3,0
13650,455.000,0,C-1,0.1,2,0
13665,455.500,0,C-1,0.1,3,0
13680,456.000,79,G5,0.67,0,0.16
13695,456.500,76,E5,0.48,0,0.16
13710,457.000,74,D5,0.67,0,0.16
13725,457.500,72,C5,0.48,0,0.16
13680,456.000,36,C2,0.6,1,-0.12
13710,457.000,43,G2,0.39,1,-0.12
13680,456.000,60,C4,0.22,0,-0.24
13685,456.167,67,G4,0.22,0,-0.24
13690,456.333,64,E4,0.22,0,-0.24
13695,456.500,67,G4,0.22,0,-0.24
13700,456.667,60,C4,0.22,0,-0.24
13705,456.833,67,G4,0.22,0,-0.24
13710,457.000,64,E4,0.22,0,-0.24
13715,457.167,67,G4,0.22,0,-0.24
13720,457.333,60,C4,0.22,0,-0.24
13725,457.500,67,G4,0.22,0,-0.24
13730,457.667,64,E4,0.22,0,-0.24
13735,457.833,67,G4,0.22,0,-0.24
13680,456.000,0,C-1,0.1,2,0
13695,456.500,0,C-1,0.1,3,0
13710,457.000,0,C-1,0.1,2,0
13725,457.500,0,C-1,0.1,3,0
13740,458.000,77,F5,0.67,0,0.16
13755,458.500,79,G5,0.48,0,0.16
13770,459.000,81,A5,0.67,0,0.16
13785,459.500,77,F5,0.48,0,0.16
13740,458.000,41,F2,0.6,1,-0.12
13770,459.000,48,C3,0.39,1,-0.12
13740,458.000,65,F4,0.22,0,-0.24
13745,458.167,72,C5,0.22,0,-0.24
13750,458.333,69,A4,0.22,0,-0.24
13755,458.500,72,C5,0.22,0,-0.24
13760,458.667,65,F4,0.22,0,-0.24
13765,458.833,72,C5,0.22,0,-0.24
13770,459.000,69,A4,0.22,0,-0.24
13775,459.167,72,C5,0.22,0,-0.24
13780,459.333,65,F4,0.22,0,-0.24
13785,459.500,72,C5,0.22,0,-0.24
13790,459.667,69,A4,0.22,0,-0.24
13795,459.833,72,C5,0.22,0,-0.24
13740,458.000,0,C-1,0.1,2,0
13755,458.500,0,C-1,0.1,3,0
13770,459.000,0,C-1,0.1,2,0
13785,459.500,0,C-1,0.1,3,0
13800,460.000,79,G5,0.67,0,0.16
13815,460.500,77,F5,0.48,0,0.16
13830,461.000,74,D5,0.67,0,0.16
13845,461.500,79,G5,0.48,0,0.16
13800,460.000,43,G2,0.6,1,-0.12
13830,461.000,50,D3,0.39,1,-0.12
13800,460.000,67,G4,0.22,0,-0.24
13805,460.167,74,D5,0.22,0,-0.24
13810,460.333,71,B4,0.22,0,-0.24
13815,460.500,74,D5,0.22,0,-0.24
13820,460.667,67,G4,0.22,0,-0.24
13825,460.833,74,D5,0.22,0,-0.24
13830,461.000,71,B4,0.22,0,-0.24
13835,461.167,74,D5,0.22,0,-0.24
13840,461.333,67,G4,0.22,0,-0.24
13845,461.500,74,D5,0.22,0,-0.24
13850,461.667,71,B4,0.22,0,-0.24
13855,461.833,74,D5,0.22,0,-0.24
13800,460.000,0,C-1,0.1,2,0
13815,460.500,0,C-1,0.1,3,0
13830,461.000,0,C-1,0.1,2,0
13845,461.500,0,C-1,0.1,3,0
13860,462.000,76,E5,0.67,0,0.16
13875,462.500,74,D5,0.48,0,0.16
13890,463.000,72,C5,0.67,0,0.16
13905,463.500,72,C5,0.48,0,0.16
13860,462.000,36,C2,0.6,1,-0.12
13890,463.000,43,G2,0.39,1,-0.12
13860,462.000,60,C4,0.22,0,-0.24
13865,462.167,67,G4,0.22,0,-0.24
13870,462.333,64,E4,0.22,0,-0.24
13875,462.500,67,G4,0.22,0,-0.24
13880,462.667,60,C4,0.22,0,-0.24
13885,462.833,67,G4,0.22,0,-0.24
13890,463.000,64,E4,0.22,0,-0.24
13895,463.167,67,G4,0.22,0,-0.24
13900,463.333,60,C4,0.22,0,-0.24
13905,463.500,67,G4,0.22,0,-0.24
13910,463.667,64,E4,0.22,0,-0.24
13915,463.833,67,G4,0.22,0,-0.24
13860,462.000,0,C-1,0.1,2,0
13875,462.500,0,C-1,0.1,3,0
13890,463.000,0,C-1,0.1,2,0
13905,463.500,0,C-1,0.1,3,0
13920,464.000,76,E5,0.67,0,0.16
13935,464.500,74,D5,0.48,0,0.16
13950,465.000,72,C5,0.67,0,0.16
13965,465.500,76,E5,0.48,0,0.16
13920,464.000,36,C2,0.6,1,-0.12
13950,465.000,43,G2,0.39,1,-0.12
13920,464.000,60,C4,0.22,0,-0.24
13925,464.167,67,G4,0.22,0,-0.24
13930,464.333,64,E4,0.22,0,-0.24
13935,464.500,67,G4,0.22,0,-0.24
13940,464.667,60,C4,0.22,0,-0.24
13945,464.833,67,G4,0.22,0,-0.24
13950,465.000,64,E4,0.22,0,-0.24
13955,465.167,67,G4,0.22,0,-0.24
13960,465.333,60,C4,0.22,0,-0.24
13965,465.500,67,G4,0.22,0,-0.24
13970,465.667,64,E4,0.22,0,-0.24
13975,465.833,67,G4,0.22,0,-0.24
13920,464.000,0,C-1,0.1,2,0
13935,464.500,0,C-1,0.1,3,0
13950,465.000,0,C-1,0.1,2,0
13965,465.500,0,C-1,0.1,3,0
13980,466.000,77,F5,0.67,0,0.16
13995,466.500,76,E5,0.48,0,0.16
14010,467.000,74,D5,0.67,0,0.16
14025,467.500,72,C5,0.48,0,0.16
13980,466.000,41,F2,0.6,1,-0.12
14010,467.000,48,C3,0.39,1,-0.12
13980,466.000,65,F4,0.22,0,-0.24
13985,466.167,72,C5,0.22,0,-0.24
13990,466.333,69,A4,0.22,0,-0.24
13995,466.500,72,C5,0.22,0,-0.24
14000,466.667,65,F4,0.22,0,-0.24
14005,466.833,72,C5,0.22,0,-0.24
14010,467.000,69,A4,0.22,0,-0.24
14015,467.167,72,C5,0.22,0,-0.24
14020,467.333,65,F4,0.22,0,-0.24
14025,467.500,72,C5,0.22,0,-0.24
14030,467.667,69,A4,0.22,0,-0.24
14035,467.833,72,C5,0.22,0,-0.24
13980,466.000,0,C-1,0.1,2,0
13995,466.500,0,C-1,0.1,3,0
14010,467.000,0,C-1,0.1,2,0
14025,467.500,0,C-1,0.1,3,0
14040,468.000,74,D5,0.67,0,0.16
14055,468.500,76,E5,0.48,0,0.16
14070,469.000,74,D5,0.67,0,0.16
14085,469.500,79,G5,0.48,0,0.16
14040,468.000,43,G2,0.6,1,-0.12
14070,469.000,50,D3,0.39,1,-0.12
14040,468.000,67,G4,0.22,0,-0.24
14045,468.167,74,D5,0.22,0,-0.24
14050,468.333,71,B4,0.22,0,-0.24
14055,468.500,74,D5,0.22,0,-0.24
14060,468.667,67,G4,0.22,0,-0.24
14065,468.833,74,D5,0.22,0,-0.24
14070,469.000,71,B4,0.22,0,-0.24
14075,469.167,74,D5,0.22,0,-0.24
14080,469.333,67,G4,0.22,0,-0.24
14085,469.500,74,D5,0.22,0,-0.24
14090,469.667,71,B4,0.22,0,-0.24
14095,469.833,74,D5,0.22,0,-0.24
14040,468.000,0,C-1,0.1,2,0
14055,468.500,0,C-1,0.1,3,0
14070,469.000,0,C-1,0.1,2,0
14085,469.500,0,C-1,0.1,3,0
14100,470.000,76,E5,0.67,0,0.16
14115,470.500,74,D5,0.48,0,0.16
14130,471.000,72,C5,0.67,0,0.16
14145,471.500,72,C5,0.48,0,0.16
14100,470.000,36,C2,0.6,1,-0.12
14130,471.000,43,G2,0.39,1,-0.12
14100,470.000,60,C4,0.22,0,-0.24
14105,470.167,67,G4,0.22,0,-0.24
14110,470.333,64,E4,0.22,0,-0.24
14115,470.500,67,G4,0.22,0,-0.24
14120,470.667,60,C4,0.22,0,-0.24
14125,470.833,67,G4,0.22,0,-0.24
14130,471.000,64,E4,0.22,0,-0.24
14135,471.167,67,G4,0.22,0,-0.24
14140,471.333,60,C4,0.22,0,-0.24
14145,471.500,67,G4,0.22,0,-0.24
14150,471.667,64,E4,0.22,0,-0.24
14155,471.833,67,G4,0.22,0,-0.24
14160,472.000,79,G5,0.67,0,0.16
14175,472.500,76,E5,0.48,0,0.16
14190,473.000,74,D5,0.67,0,0.16
14205,473.500,72,C5,0.48,0,0.16
14160,472.000,36,C2,0.6,1,-0.12
14190,473.000,43,G2,0.39,1,-0.12
14160,472.000,60,C4,0.22,0,-0.24
14165,472.167,67,G4,0.22,0,-0.24
14170,472.333,64,E4,0.22,0,-0.24
14175,472.500,67,G4,0.22,0,-0.24
14180,472.667,60,C4,0.22,0,-0.24
14185,472.833,67,G4,0.22,0,-0.24
14190,473.000,64,E4,0.22,0,-0.24
14195,473.167,67,G4,0.22,0,-0.24
14200,473.333,60,C4,0.22,0,-0.24
14205,473.500,67,G4,0.22,0,-0.24
14210,473.667,64,E4,0.22,0,-0.24
14215,473.833,67,G4,0.22,0,-0.24
14220,474.000,77,F5,0.67,0,0.16
14235,474.500,79,G5,0.48,0,0.16
14250,475.000,81,A5,0.67,0,0.16
14265,475.500,77,F5,0.48,0,0.16
14220,474.000,41,F2,0.6,1,-0.12
14250,475.000,48,C3,0.39,1,-0.12
14220,474.000,65,F4,0.22,0,-0.24
14225,474.167,72,C5,0.22,0,-0.24
14230,474.333,69,A4,0.22,0,-0.24
14235,474.500,72,C5,0.22,0,-0.24
14240,474.667,65,F4,0.22,0,-0.24
14245,474.833,72,C5,0.22,0,-0.24
14250,475.000,69,A4,0.22,0,-0.24
14255,475.167,72,C5,0.22,0,-0.24
14260,475.333,65,F4,0.22,0,-0.24
14265,475.500,72,C5,0.22,0,-0.24
14270,475.667,69,A4,0.22,0,-0.24
14275,475.833,72,C5,0.22,0,-0.24
14280,476.000,79,G5,0.67,0,0.16
14295,476.500,77,F5,0.48,0,0.16
14310,477.000,74,D5,0.67,0,0.16
14325,477.500,79,G5,0.48,0,0.16
14280,476.000,43,G2,0.6,1,-0.12
14310,477.000,50,D3,0.39,1,-0.12
14280,476.000,67,G4,0.22,0,-0.24
14285,476.167,74,D5,0.22,0,-0.24
14290,476.333,71,B4,0.22,0,-0.24
14295,476.500,74,D5,0.22,0,-0.24
14300,476.667,67,G4,0.22,0,-0.24
14305,476.833,74,D5,0.22,0,-0.24
14310,477.000,71,B4,0.22,0,-0.24
14315,477.167,74,D5,0.22,0,-0.24
14320,477.333,67,G4,0.22,0,-0.24
14325,477.500,74,D5,0.22,0,-0.24
14330,477.667,71,B4,0.22,0,-0.24
14335,477.833,74,D5,0.22,0,-0.24
14340,478.000,76,E5,0.67,0,0.16
14355,478.500,74,D5,0.48,0,0.16
14370,479.000,72,C5,0.67,0,0.16
14385,479.500,72,C5,0.48,0,0.16
14340,478.000,36,C2,0.6,1,-0.12
14370,479.000,43,G2,0.39,1,-0.12
14340,478.000,60,C4,0.22,0,-0.24
14345,478.167,67,G4,0.22,0,-0.24
14350,478.333,64,E4,0.22,0,-0.24
14355,478.500,67,G4,0.22,0,-0.24
14360,478.667,60,C4,0.22,0,-0.24
14365,478.833,67,G4,0.22,0,-0.24
14370,479.000,64,E4,0.22,0,-0.24
14375,479.167,67,G4,0.22,0,-0.24
14380,479.333,60,C4,0.22,0,-0.24
14385,479.500,67,G4,0.22,0,-0.24
14390,479.667,64,E4,0.22,0,-0.24
14395,479.833,67,G4,0.22,0,-0.24
14400,480.000,76,E5,0.67,0,0.16
14415,480.500,74,D5,0.48,0,0.16
14430,481.000,72,C5,0.67,0,0.16
14445,481.500,76,E5,0.48,0,0.16
14400,480.000,36,C2,0.6,1,-0.12
14430,481.000,43,G2,0.39,1,-0.12
14400,480.000,60,C4,0.22,0,-0.24
14405,480.167,67,G4,0.22,0,-0.24
14410,480.333,64,E4,0.22,0,-0.24
14415,480.500,67,G4,0.22,0,-0.24
14420,480.667,60,C4,0.22,0,-0.24
14425,480.833,67,G4,0.22,0,-0.24
14430,481.000,64,E4,0.22,0,-0.24
14435,481.167,67,G4,0.22,0,-0.24
14440,481.333,60,C4,0.22,0,-0.24
14445,481.500,67,G4,0.22,0,-0.24
14450,481.667,64,E4,0.22,0,-0.24
14455,481.833,67,G4,0.22,0,-0.24
14460,482.000,77,F5,0.67,0,0.16
14475,482.500,76,E5,0.48,0,0.16
14490,483.000,74,D5,0.67,0,0.16
14505,483.500,72,C5,0.48,0,0.16
14460,482.000,41,F2,0.6,1,-0.12
14490,483.000,48,C3,0.39,1,-0.12
14460,482.000,65,F4,0.22,0,-0.24
14465,482.167,72,C5,0.22,0,-0.24
14470,482.333,69,A4,0.22,0,-0.24
14475,482.500,72,C5,0.22,0,-0.24
14480,482.667,65,F4,0.22,0,-0.24
14485,482.833,72,C5,0.22,0,-0.24
14490,483.000,69,A4,0.22,0,-0.24
14495,483.167,72,C5,0.22,0,-0.24
14500,483.333,65,F4,0.22,0,-0.24
14505,483.500,72,C5,0.22,0,-0.24
14510,483.667,69,A4,0.22,0,-0.24
14515,483.833,72,C5,0.22,0,-0.24
14520,484.000,74,D5,0.67,0,0.16
14535,484.500,76,E5,0.48,0,0.16
14550,485.000,74,D5,0.67,0,0.16
14565,485.500,79,G5,0.48,0,0.16
14520,484.000,43,G2,0.6,1,-0.12
14550,485.000,50,D3,0.39,1,-0.12
14520,484.000,67,G4,0.22,0,-0.24
14525,484.167,74,D5,0.22,0,-0.24
14530,484.333,71,B4,0.22,0,-0.24
14535,484.500,74,D5,0.22,0,-0.24
14540,484.667,67,G4,0.22,0,-0.24
14545,484.833,74,D5,0.22,0,-0.24
14550,485.000,71,B4,0.22,0,-0.24
14555,485.167,74,D5,0.22,0,-0.24
14560,485.333,67,G4,0.22,0,-0.24
14565,485.500,74,D5,0.22,0,-0.24
14570,485.667,71,B4,0.22,0,-0.24
14575,485.833,74,D5,0.22,0,-0.24
14580,486.000,76,E5,0.67,0,0.16
14595,486.500,74,D5,0.48,0,0.16
14610,487.000,72,C5,0.67,0,0.16
14625,487.500,72,C5,0.48,0,0.16
14580,486.000,36,C2,0.6,1,-0.12
14610,487.000,43,G2,0.39,1,-0.12
14580,486.000,60,C4,0.22,0,-0.24
14585,486.167,67,G4,0.22,0,-0.24
14590,486.333,64,E4,0.22,0,-0.24
14595,486.500,67,G4,0.22,0,-0.24
14600,486.667,60,C4,0.22,0,-0.24
14605,486.833,67,G4,0.22,0,-0.24
14610,487.000,64,E4,0.22,0,-0.24
14615,487.167,67,G4,0.22,0,-0.24
14620,487.333,60,C4,0.22,0,-0.24
14625,487.500,67,G4,0.22,0,-0.24
14630,487.667,64,E4,0.22,0,-0.24
14635,487.833,67,G4,0.22,0,-0.24
14640,488.000,79,G5,0.67,0,0.16
14655,488.500,76,E5,0.48,0,0.16
14670,489.000,74,D5,0.67,0,0.16
14685,489.500,72,C5,0.48,0,0.16
14640,488.000,36,C2,0.6,1,-0.12
14670,489.000,43,G2,0.39,1,-0.12
14640,488.000,60,C4,0.22,0,-0.24
14645,488.167,67,G4,0.22,0,-0.24
14650,488.333,64,E4,0.22,0,-0.24
14655,488.500,67,G4,0.22,0,-0.24
14660,488.667,60,C4,0.22,0,-0.24
14665,488.833,67,G4,0.22,0,-0.24
14670,489.000,64,E4,0.22,0,-0.24
14675,489.167,67,G4,0.22,0,-0.24
14680,489.333,60,C4,0.22,0,-0.24
14685,489.500,67,G4,0.22,0,-0.24
14690,489.667,64,E4,0.22,0,-0.24
14695,489.833,67,G4,0.22,0,-0.24
14700,490.000,77,F5,0.67,0,0.16
14715,490.500,79,G5,0.48,0,0.16
14730,491.000,81,A5,0.67,0,0.16
14745,491.500,77,F5,0.48,0,0.16
14700,490.000,41,F2,0.6,1,-0.12
14730,491.000,48,C3,0.39,1,-0.12
14700,490.000,65,F4,0.22,0,-0.24
14705,490.167,72,C5,0.22,0,-0.24
14710,490.333,69,A4,0.22,0,-0.24
14715,490.500,72,C5,0.22,0,-0.24
14720,490.667,65,F4,0.22,0,-0.24
14725,490.833,72,C5,0.22,0,-0.24
14730,491.000,69,A4,0.22,0,-0.24
14735,491.167,72,C5,0.22,0,-0.24
14740,491.333,65,F4,0.22,0,-0.24
14745,491.500,72,C5,0.22,0,-0.24
14750,491.667,69,A4,0.22,0,-0.24
14755,491.833,72,C5,0.22,0,-0.24
14760,492.000,79,G5,0.67,0,0.16
14775,492.500,77,F5,0.48,0,0.16
14790,493.000,74,D5,0.67,0,0.16
14805,493.500,79,G5,0.48,0,0.16
14760,492.000,43,G2,0.6,1,-0.12
14790,493.000,50,D3,0.39,1,-0.12
14760,492.000,67,G4,0.22,0,-0.24
14765,492.167,74,D5,0.22,0,-0.24
14770,492.333,71,B4,0.22,0,-0.24
14775,492.500,74,D5,0.22,0,-0.24
14780,492.667,67,G4,0.22,0,-0.24
14785,492.833,74,D5,0.22,0,-0.24
14790,493.000,71,B4,0.22,0,-0.24
14795,493.167,74,D5,0.22,0,-0.24
14800,493.333,67,G4,0.22,0,-0.24
14805,493.500,74,D5,0.22,0,-0.24
14810,493.667,71,B4,0.22,0,-0.24
14815,493.833,74,D5,0.22,0,-0.24
14820,494.000,76,E5,0.67,0,0.16
14835,494.500,74,D5,0.48,0,0.16
14850,495.000,72,C5,0.67,0,0.16
14865,495.500,72,C5,0.48,0,0.16
14820,494.000,36,C2,0.6,1,-0.12
14850,495.000,43,G2,0.39,1,-0.12
14820,494.000,60,C4,0.22,0,-0.24
14825,494.167,67,G4,0.22,0,-0.24
14830,494.333,64,E4,0.22,0,-0.24
14835,494.500,67,G4,0.22,0,-0.24
14840,494.667,60,C4,0.22,0,-0.24
14845,494.833,67,G4,0.22,0,-0.24
14850,495.000,64,E4,0.22,0,-0.24
14855,495.167,67,G4,0.22,0,-0.24
14860,495.333,60,C4,0.22,0,-0.24
14865,495.500,67,G4,0.22,0,-0.24
14870,495.667,64,E4,0.22,0,-0.24
14875,495.833,67,G4,0.22,0,-0.24
14880,496.000,76,E5,0.67,0,0.16
14895,496.500,74,D5,0.48,0,0.16
14910,497.000,72,C5,0.67,0,0.16
14925,497.500,76,E5,0.48,0,0.16
14880,496.000,36,C2,0.6,1,-0.12
14910,497.000,43,G2,0.39,1,-0.12
14880,496.000,60,C4,0.22,0,-0.24
14885,496.167,67,G4,0.22,0,-0.24
14890,496.333,64,E4,0.22,0,-0.24
14895,496.500,67,G4,0.22,0,-0.24
14900,496.667,60,C4,0.22,0,-0.24
14905,496.833,67,G4,0.22,0,-0.24
14910,497.000,64,E4,0.22,0,-0.24
14915,497.167,67,G4,0.22,0,-0.24
14920,497.333,60,C4,0.22,0,-0.24
14925,497.500,67,G4,0.22,0,-0.24
14930,497.667,64,E4,0.22,0,-0.24
14935,497.833,67,G4,0.22,0,-0.24
14940,498.000,77,F5,0.67,0,0.16
14955,498.500,76,E5,0.48,0,0.16
14970,499.000,74,D5,0.67,0,0.16
14985,499.500,72,C5,0.48,0,0.16
14940,498.000,41,F2,0.6,1,-0.12
14970,499.000,48,C3,0.39,1,-0.12
14940,498.000,65,F4,0.22,0,-0.24
14945,498.167,72,C5,0.22,0,-0.24
14950,498.333,69,A4,0.22,0,-0.24
14955,498.500,72,C5,0.22,0,-0.24
14960,498.667,65,F4,0.22,0,-0.24
14965,498.833,72,C5,0.22,0,-0.24
14970,499.000,69,A4,0.22,0,-0.24
14975,499.167,72,C5,0.22,0,-0.24
14980,499.333,65,F4,0.22,0,-0.24
14985,499.500,72,C5,0.22,0,-0.24
14990,499.667,69,A4,0.22,0,-0.24
14995,499.833,72,C5,0.22,0,-0.24
15000,500.000,74,D5,0.67,0,0.16
15015,500.500,76,E5,0.48,0,0.16
15030,501.000,74,D5,0.67,0,0.16
15045,501.500,79,G5,0.48,0,0.16
15000,500.000,43,G2,0.6,1,-0.12
15030,501.000,50,D3,0.39,1,-0.12
15000,500.000,67,G4,0.22,0,-0.24
15005,500.167,74,D5,0.22,0,-0.24
15010,500.333,71,B4,0.22,0,-0.24
15015,500.500,74,D5,0.22,0,-0.24
15020,500.667,67,G4,0.22,0,-0.24
15025,500.833,74,D5,0.22,0,-0.24
15030,501.000,71,B4,0.22,0,-0.24
15035,501.167,74,D5,0.22,0,-0.24
15040,501.333,67,G4,0.22,0,-0.24
15045,501.500,74,D5,0.22,0,-0.24
15050,501.667,71,B4,0.22,0,-0.24
15055,501.833,74,D5,0.22,0,-0.24
15060,502.000,76,E5,0.67,0,0.16
15075,502.500,74,D5,0.48,0,0.16
15090,503.000,72,C5,0.67,0,0.16
15105,503.500,72,C5,0.48,0,0.16
15060,502.000,36,C2,0.6,1,-0.12
15090,503.000,43,G2,0.39,1,-0.12
15060,502.000,60,C4,0.22,0,-0.24
15065,502.167,67,G4,0.22,0,-0.24
15070,502.333,64,E4,0.22,0,-0.24
15075,502.500,67,G4,0.22,0,-0.24
15080,502.667,60,C4,0.22,0,-0.24
15085,502.833,67,G4,0.22,0,-0.24
15090,503.000,64,E4,0.22,0,-0.24
15095,503.167,67,G4,0.22,0,-0.24
15100,503.333,60,C4,0.22,0,-0.24
15105,503.500,67,G4,0.22,0,-0.24
15110,503.667,64,E4,0.22,0,-0.24
15115,503.833,67,G4,0.22,0,-0.24
15120,504.000,79,G5,0.67,0,0.16
15135,504.500,76,E5,0.48,0,0.16
15150,505.000,74,D5,0.67,0,0.16
15165,505.500,72,C5,0.48,0,0.16
15120,504.000,36,C2,0.6,1,-0.12
15150,505.000,43,G2,0.39,1,-0.12
15120,504.000,60,C4,0.22,0,-0.24
15125,504.167,67,G4,0.22,0,-0.24
15130,504.333,64,E4,0.22,0,-0.24
15135,504.500,67,G4,0.22,0,-0.24
15140,504.667,60,C4,0.22,0,-0.24
15145,504.833,67,G4,0.22,0,-0.24
15150,505.000,64,E4,0.22,0,-0.24
15155,505.167,67,G4,0.22,0,-0.24
15160,505.333,60,C4,0.22,0,-0.24
15165,505.500,67,G4,0.22,0,-0.24
15170,505.667,64,E4,0.22,0,-0.24
15175,505.833,67,G4,0.22,0,-0.24
15180,506.000,77,F5,0.67,0,0.16
15195,506.500,79,G5,0.48,0,0.16
15210,507.000,81,A5,0.67,0,0.16
15225,507.500,77,F5,0.48,0,0.16
15180,506.000,41,F2,0.6,1,-0.12
15210,507.000,48,C3,0.39,1,-0.12
15180,506.000,65,F4,0.22,0,-0.24
15185,506.167,72,C5,0.22,0,-0.24
15190,506.333,69,A4,0.22,0,-0.24
15195,506.500,72,C5,0.22,0,-0.24
15200,506.667,65,F4,0.22,0,-0.24
15205,506.833,72,C5,0.22,0,-0.24
15210,507.000,69,A4,0.22,0,-0.24
15215,507.167,72,C5,0.22,0,-0.24
15220,507.333,65,F4,0.22,0,-0.24
15225,507.500,72,C5,0.22,0,-0.24
15230,507.667,69,A4,0.22,0,-0.24
15235,507.833,72,C5,0.22,0,-0.24
15240,508.000,79,G5,0.67,0,0.16
15255,508.500,77,F5,0.48,0,0.16
15270,509.000,74,D5,0.67,0,0.16
15285,509.500,79,G5,0.48,0,0.16
15240,508.000,43,G2,0.6,1,-0.12
15270,509.000,50,D3,0.39,1,-0.12
15240,508.000,67,G4,0.22,0,-0.24
15245,508.167,74,D5,0.22,0,-0.24
15250,508.333,71,B4,0.22,0,-0.24
15255,508.500,74,D5,0.22,0,-0.24
15260,508.667,67,G4,0.22,0,-0.24
15265,508.833,74,D5,0.22,0,-0.24
15270,509.000,71,B4,0.22,0,-0.24
15275,509.167,74,D5,0.22,0,-0.24
15280,509.333,67,G4,0.22,0,-0.24
15285,509.500,74,D5,0.22,0,-0.24
15290,509.667,71,B4,0.22,0,-0.24
15295,509.833,74,D5,0.22,0,-0.24
15300,510.000,76,E5,0.67,0,0.16
15315,510.500,74,D5,0.48,0,0.16
15330,511.000,72,C5,0.67,0,0.16
15345,511.500,72,C5,0.48,0,0.16
15300,510.000,36,C2,0.6,1,-0.12
15330,511.000,43,G2,0.39,1,-0.12
15300,510.000,60,C4,0.22,0,-0.24
15305,510.167,67,G4,0.22,0,-0.24
15310,510.333,64,E4,0.22,0,-0.24
15315,510.500,67,G4,0.22,0,-0.24
15320,510.667,60,C4,0.22,0,-0.24
15325,510.833,67,G4,0.22,0,-0.24
15330,511.000,64,E4,0.22,0,-0.24
15335,511.167,67,G4,0.22,0,-0.24
15340,511.333,60,C4,0.22,0,-0.24
15345,511.500,67,G4,0.22,0,-0.24
15350,511.667,64,E4,0.22,0,-0.24
15355,511.833,67,G4,0.22,0,-0.24
15360,512.000,76,E5,0.67,0,0.16
15375,512.500,74,D5,0.48,0,0.16
15390,513.000,72,C5,0.67,0,0.16
15405,513.500,76,E5,0.48,0,0.16
15360,512.000,36,C2,0.6,1,-0.12
15390,513.000,43,G2,0.39,1,-0.12
15360,512.000,60,C4,0.22,0,-0.24
15365,512.167,67,G4,0.22,0,-0.24
15370,512.333,64,E4,0.22,0,-0.24
15375,512.500,67,G4,0.22,0,-0.24
15380,512.667,60,C4,0.22,0,-0.24
15385,512.833,67,G4,0.22,0,-0.24
15390,513.000,64,E4,0.22,0,-0.24
15395,513.167,67,G4,0.22,0,-0.24
15400,513.333,60,C4,0.22,0,-0.24
15405,513.500,67,G4,0.22,0,-0.24
15410,513.667,64,E4,0.22,0,-0.24
15415,513.833,67,G4,0.22,0,-0.24
15420,514.000,77,F5,0.67,0,0.16
15435,514.500,76,E5,0.48,0,0.16
15450,515.000,74,D5,0.67,0,0.16
15465,515.500,72,C5,0.48,0,0.16
15420,514.000,41,F2,0.6,1,-0.12
15450,515.000,48,C3,0.39,1,-0.12
15420,514.000,65,F4,0.22,0,-0.24
15425,514.167,72,C5,0.22,0,-0.24
15430,514.333,69,A4,0.22,0,-0.24
15435,514.500,72,C5,0.22,0,-0.24
15440,514.667,65,F4,0.22,0,-0.24
15445,514.833,72,C5,0.22,0,-0.24
15450,515.000,69,A4,0.22,0,-0.24
15455,515.167,72,C5,0.22,0,-0.24
15460,515.333,65,F4,0.22,0,-0.24
15465,515.500,72,C5,0.22,0,-0.24
15470,515.667,69,A4,0.22,0,-0.24
15475,515.833,72,C5,0.22,0,-0.24
15480,516.000,74,D5,0.67,0,0.16
15495,516.500,76,E5,0.48,0,0.16
15510,517.000,74,D5,0.67,0,0.16
15525,517.500,79,G5,0.48,0,0.16
15480,516.000,43,G2,0.6,1,-0.12
15510,517.000,50,D3,0.39,1,-0.12
15480,516.000,67,G4,0.22,0,-0.24
15485,516.167,74,D5,0.22,0,-0.24
15490,516.333,71,B4,0.22,0,-0.24
15495,516.500,74,D5,0.22,0,-0.24
15500,516.667,67,G4,0.22,0,-0.24
15505,516.833,74,D5,0.22,0,-0.24
15510,517.000,71,B4,0.22,0,-0.24
15515,517.167,74,D5,0.22,0,-0.24
15520,517.333,67,G4,0.22,0,-0.24
15525,517.500,74,D5,0.22,0,-0.24
15530,517.667,71,B4,0.22,0,-0.24
15535,517.833,74,D5,0.22,0,-0.24
15540,518.000,76,E5,0.67,0,0.16
15555,518.500,74,D5,0.48,0,0.16
15570,519.000,72,C5,0.67,0,0.16
15585,519.500,72,C5,0.48,0,0.16
15540,518.000,36,C2,0.6,1,-0.12
15570,519.000,43,G2,0.39,1,-0.12
15540,518.000,60,C4,0.22,0,-0.24
15545,518.167,67,G4,0.22,0,-0.24
15550,518.333,64,E4,0.22,0,-0.24
15555,518.500,67,G4,0.22,0,-0.24
15560,518.667,60,C4,0.22,0,-0.24
15565,518.833,67,G4,0.22,0,-0.24
15570,519.000,64,E4,0.22,0,-0.24
15575,519.167,67,G4,0.22,0,-0.24
15580,519.333,60,C4,0.22,0,-0.24
15585,519.500,67,G4,0.22,0,-0.24
15590,519.667,64,E4,0.22,0,-0.24
15595,519.833,67,G4,0.22,0,-0.24
15600,520.000,79,G5,0.67,0,0.16
15615,520.500,76,E5,0.48,0,0.16
15630,521.000,74,D5,0.67,0,0.16
15645,521.500,72,C5,0.48,0,0.16
15600,520.000,36,C2,0.6,1,-0.12
15630,521.000,43,G2,0.39,1,-0.12
15600,520.000,60,C4,0.22,0,-0.24
15605,520.167,67,G4,0.22,0,-0.24
15610,520.333,64,E4,0.22,0,-0.24
15615,520.500,67,G4,0.22,0,-0.24
15620,520.667,60,C4,0.22,0,-0.24
15625,520.833,67,G4,0.22,0,-0.24
15630,521.000,64,E4,0.22,0,-0.24
15635,521.167,67,G4,0.22,0,-0.24
15640,521.333,60,C4,0.22,0,-0.24
15645,521.500,67,G4,0.22,0,-0.24
15650,521.667,64,E4,0.22,0,-0.24
15655,521.833,67,G4,0.22,0,-0.24
15660,522.000,77,F5,0.67,0,0.16
15675,522.500,79,G5,0.48,0,0.16
15690,523.000,81,A5,0.67,0,0.16
15705,523.500,77,F5,0.48,0,0.16
15660,522.000,41,F2,0.6,1,-0.12
15690,523.000,48,C3,0.39,1,-0.12
15660,522.000,65,F4,0.22,0,-0.24
15665,522.167,72,C5,0.22,0,-0.24
15670,522.333,69,A4,0.22,0,-0.24
15675,522.500,72,C5,0.22,0,-0.24
15680,522.667,65,F4,0.22,0,-0.24
15685,522.833,72,C5,0.22,0,-0.24
15690,523.000,69,A4,0.22,0,-0.24
15695,523.167,72,C5,0.22,0,-0.24
15700,523.333,65,F4,0.22,0,-0.24
15705,523.500,72,C5,0.22,0,-0.24
15710,523.667,69,A4,0.22,0,-0.24
15715,523.833,72,C5,0.22,0,-0.24
15720,524.000,79,G5,0.67,0,0.16
15735,524.500,77,F5,0.48,0,0.16
15750,525.000,74,D5,0.67,0,0.16
15765,525.500,79,G5,0.48,0,0.16
15720,524.000,43,G2,0.6,1,-0.12
15750,525.000,50,D3,0.39,1,-0.12
15720,524.000,67,G4,0.22,0,-0.24
15725,524.167,74,D5,0.22,0,-0.24
15730,524.333,71,B4,0.22,0,-0.24
15735,524.500,74,D5,0.22,0,-0.24
15740,524.667,67,G4,0.22,0,-0.24
15745,524.833,74,D5,0.22,0,-0.24
15750,525.000,71,B4,0.22,0,-0.24
15755,525.167,74,D5,0.22,0,-0.24
15760,525.333,67,G4,0.22,0,-0.24
15765,525.500,74,D5,0.22,0,-0.24
15770,525.667,71,B4,0.22,0,-0.24
15775,525.833,74,D5,0.22,0,-0.24
15780,526.000,76,E5,0.67,0,0.16
15795,526.500,74,D5,0.48,0,0.16
15810,527.000,72,C5,0.67,0,0.16
15825,527.500,72,C5,0.48,0,0.16
15780,526.000,36,C2,0.6,1,-0.12
15810,527.000,43,G2,0.39,1,-0.12
15780,526.000,60,C4,0.22,0,-0.24
15785,526.167,67,G4,0.22,0,-0.24
15790,526.333,64,E4,0.22,0,-0.24
15795,526.500,67,G4,0.22,0,-0.24
15800,526.667,60,C4,0.22,0,-0.24
15805,526.833,67,G4,0.22,0,-0.24
15810,527.000,64,E4,0.22,0,-0.24
15815,527.167,67,G4,0.22,0,-0.24
15820,527.333,60,C4,0.22,0,-0.24
15825,527.500,67,G4,0.22,0,-0.24
15830,527.667,64,E4,0.22,0,-0.24
15835,527.833,67,G4,0.22,0,-0.24
15840,528.000,76,E5,0.67,0,0.16
15855,528.500,74,D5,0.48,0,0.16
15870,529.000,72,C5,0.67,0,0.16
15885,529.500,76,E5,0.48,0,0.16
15840,528.000,36,C2,0.6,1,-0.12
15870,529.000,43,G2,0.39,1,-0.12
15840,528.000,60,C4,0.22,0,-0.24
15845,528.167,67,G4,0.22,0,-0.24
15850,528.333,64,E4,0.22,0,-0.24
15855,528.500,67,G4,0.22,0,-0.24
15860,528.667,60,C4,0.22,0,-0.24
15865,528.833,67,G4,0.22,0,-0.24
15870,529.000,64,E4,0.22,0,-0.24
15875,529.167,67,G4,0.22,0,-0.24
15880,529.333,60,C4,0.22,0,-0.24
15885,529.500,67,G4,0.22,0,-0.24
15890,529.667,64,E4,0.22,0,-0.24
15895,529.833,67,G4,0.22,0,-0.24
15900,530.000,77,F5,0.67,0,0.16
15915,530.500,76,E5,0.48,0,0.16
15930,531.000,74,D5,0.67,0,0.16
15945,531.500,72,C5,0.48,0,0.16
15900,530.000,41,F2,0.6,1,-0.12
15930,531.000,48,C3,0.39,1,-0.12
15900,530.000,65,F4,0.22,0,-0.24
15905,530.167,72,C5,0.22,0,-0.24
15910,530.333,69,A4,0.22,0,-0.24
15915,530.500,72,C5,0.22,0,-0.24
15920,530.667,65,F4,0.22,0,-0.24
15925,530.833,72,C5,0.22,0,-0.24
15930,531.000,69,A4,0.22,0,-0.24
15935,531.167,72,C5,0.22,0,-0.24
15940,531.333,65,F4,0.22,0,-0.24
15945,531.500,72,C5,0.22,0,-0.24
15950,531.667,69,A4,0.22,0,-0.24
15955,531.833,72,C5,0.22,0,-0.24
15960,532.000,74,D5,0.67,0,0.16
15975,532.500,76,E5,0.48,0,0.16
15990,533.000,74,D5,0.67,0,0.16
16005,533.500,79,G5,0.48,0,0.16
15960,532.000,43,G2,0.6,1,-0.12
15990,533.000,50,D3,0.39,1,-0.12
15960,532.000,67,G4,0.22,0,-0.24
15965,532.167,74,D5,0.22,0,-0.24
15970,532.333,71,B4,0.22,0,-0.24
15975,532.500,74,D5,0.22,0,-0.24
15980,532.667,67,G4,0.22,0,-0.24
15985,532.833,74,D5,0.22,0,-0.24
15990,533.000,71,B4,0.22,0,-0.24
15995,533.167,74,D5,0.22,0,-0.24
16000,533.333,67,G4,0.22,0,-0.24
16005,533.500,74,D5,0.22,0,-0.24
16010,533.667,71,B4,0.22,0,-0.24
16015,533.833,74,D5,0.22,0,-0.24
16020,534.000,76,E5,0.67,0,0.16
16035,534.500,74,D5,0.48,0,0.16
16050,535.000,72,C5,0.67,0,0.16
16065,535.500,72,C5,0.48,0,0.16
16020,534.000,36,C2,0.6,1,-0.12
16050,535.000,43,G2,0.39,1,-0.12
16020,534.000,60,C4,0.22,0,-0.24
16025,534.167,67,G4,0.22,0,-0.24
16030,534.333,64,E4,0.22,0,-0.24
16035,534.500,67,G4,0.22,0,-0.24
16040,534.667,60,C4,0.22,0,-0.24
16045,534.833,67,G4,0.22,0,-0.24
16050,535.000,64,E4,0.22,0,-0.24
16055,535.167,67,G4,0.22,0,-0.24
16060,535.333,60,C4,0.22,0,-0.24
16065,535.500,67,G4,0.22,0,-0.24
16070,535.667,64,E4,0.22,0,-0.24
16075,535.833,67,G4,0.22,0,-0.24
16080,536.000,79,G5,0.67,0,0.16
16095,536.500,76,E5,0.48,0,0.16
16110,537.000,74,D5,0.67,0,0.16
16125,537.500,72,C5,0.48,0,0.16
16080,536.000,36,C2,0.6,1,-0.12
16110,537.000,43,G2,0.39,1,-0.12
16080,536.000,60,C4,0.22,0,-0.24
16085,536.167,67,G4,0.22,0,-0.24
16090,536.333,64,E4,0.22,0,-0.24
16095,536.500,67,G4,0.22,0,-0.24
16100,536.667,60,C4,0.22,0,-0.24
16105,536.833,67,G4,0.22,0,-0.24
16110,537.000,64,E4,0.22,0,-0.24
16115,537.167,67,G4,0.22,0,-0.24
16120,537.333,60,C4,0.22,0,-0.24
16125,537.500,67,G4,0.22,0,-0.24
16130,537.667,64,E4,0.22,0,-0.24
16135,537.833,67,G4,0.22,0,-0.24
16140,538.000,77,F5,0.67,0,0.16
16155,538.500,79,G5,0.48,0,0.16
16170,539.000,81,A5,0.67,0,0.16
16185,539.500,77,F5,0.48,0,0.16
16140,538.000,41,F2,0.6,1,-0.12
16170,539.000,48,C3,0.39,1,-0.12
16140,538.000,65,F4,0.22,0,-0.24
16145,538.167,72,C5,0.22,0,-0.24
16150,538.333,69,A4,0.22,0,-0.24
16155,538.500,72,C5,0.22,0,-0.24
16160,538.667,65,F4,0.22,0,-0.24
16165,538.833,72,C5,0.22,0,-0.24
16170,539.000,69,A4,0.22,0,-0.24
16175,539.167,72,C5,0.22,0,-0.24
16180,539.333,65,F4,0.22,0,-0.24
16185,539.500,72,C5,0.22,0,-0.24
16190,539.667,69,A4,0.22,0,-0.24
16195,539.833,72,C5,0.22,0,-0.24
16200,540.000,79,G5,0.67,0,0.16
16215,540.500,77,F5,0.48,0,0.16
16230,541.000,74,D5,0.67,0,0.16
16245,541.500,79,G5,0.48,0,0.16
16200,540.000,43,G2,0.6,1,-0.12
16230,541.000,50,D3,0.39,1,-0.12
16200,540.000,67,G4,0.22,0,-0.24
16205,540.167,74,D5,0.22,0,-0.24
16210,540.333,71,B4,0.22,0,-0.24
16215,540.500,74,D5,0.22,0,-0.24
16220,540.667,67,G4,0.22,0,-0.24
16225,540.833,74,D5,0.22,0,-0.24
16230,541.000,71,B4,0.22,0,-0.24
16235,541.167,74,D5,0.22,0,-0.24
16240,541.333,67,G4,0.22,0,-0.24
16245,541.500,74,D5,0.22,0,-0.24
16250,541.667,71,B4,0.22,0,-0.24
16255,541.833,74,D5,0.22,0,-0.24
16260,542.000,76,E5,0.67,0,0.16
16275,542.500,74,D5,0.48,0,0.16
16290,543.000,72,C5,0.67,0,0.16
16305,543.500,72,C5,0.48,0,0.16
16260,542.000,36,C2,0.6,1,-0.12
16290,543.000,43,G2,0.39,1,-0.12
16260,542.000,60,C4,0.22,0,-0.24
16265,542.167,67,G4,0.22,0,-0.24
16270,542.333,64,E4,0.22,0,-0.24
16275,542.500,67,G4,0.22,0,-0.24
16280,542.667,60,C4,0.22,0,-0.24
16285,542.833,67,G4,0.22,0,-0.24
16290,543.000,64,E4,0.22,0,-0.24
16295,543.167,67,G4,0.22,0,-0.24
16300,543.333,60,C4,0.22,0,-0.24
16305,543.500,67,G4,0.22,0,-0.24
16310,543.667,64,E4,0.22,0,-0.24
16315,543.833,67,G4,0.22,0,-0.24
16320,544.000,76,E5,0.67,0,0.16
16335,544.500,74,D5,0.48,0,0.16
16350,545.000,72,C5,0.67,0,0.16
16365,545.500,76,E5,0.48,0,0.16
16320,544.000,36,C2,0.6,1,-0.12
16350,545.000,43,G2,0.39,1,-0.12
16320,544.000,60,C4,0.22,0,-0.24
16325,544.167,67,G4,0.22,0,-0.24
16330,544.333,64,E4,0.22,0,-0.24
16335,544.500,67,G4,0.22,0,-0.24
16340,544.667,60,C4,0.22,0,-0.24
16345,544.833,67,G4,0.22,0,-0.24
16350,545.000,64,E4,0.22,0,-0.24
16355,545.167,67,G4,0.22,0,-0.24
16360,545.333,60,C4,0.22,0,-0.24
16365,545.500,67,G4,0.22,0,-0.24
16370,545.667,64,E4,0.22,0,-0.24
16375,545.833,67,G4,0.22,0,-0.24
16380,546.000,77,F5,0.67,0,0.16
16395,546.500,76,E5,0.48,0,0.16
16410,547.000,74,D5,0.67,0,0.16
16425,547.500,72,C5,0.48,0,0.16
16380,546.000,41,F2,0.6,1,-0.12
16410,547.000,48,C3,0.39,1,-0.12
16380,546.000,65,F4,0.22,0,-0.24
16385,546.167,72,C5,0.22,0,-0.24
16390,546.333,69,A4,0.22,0,-0.24
16395,546.500,72,C5,0.22,0,-0.24
16400,546.667,65,F4,0.22,0,-0.24
16405,546.833,72,C5,0.22,0,-0.24
16410,547.000,69,A4,0.22,0,-0.24
16415,547.167,72,C5,0.22,0,-0.24
16420,547.333,65,F4,0.22,0,-0.24
16425,547.500,72,C5,0.22,0,-0.24
16430,547.667,69,A4,0.22,0,-0.24
16435,547.833,72,C5,0.22,0,-0.24
16440,548.000,74,D5,0.67,0,0.16
16455,548.500,76,E5,0.48,0,0.16
16470,549.000,74,D5,0.67,0,0.16
16485,549.500,79,G5,0.48,0,0.16
16440,548.000,43,G2,0.6,1,-0.12
16470,549.000,50,D3,0.39,1,-0.12
16440,548.000,67,G4,0.22,0,-0.24
16445,548.167,74,D5,0.22,0,-0.24
16450,548.333,71,B4,0.22,0,-0.24
16455,548.500,74,D5,0.22,0,-0.24
16460,548.667,67,G4,0.22,0,-0.24
16465,548.833,74,D5,0.22,0,-0.24
16470,549.000,71,B4,0.22,0,-0.24
16475,549.167,74,D5,0.22,0,-0.24
16480,549.333,67,G4,0.22,0,-0.24
16485,549.500,74,D5,0.22,0,-0.24
16490,549.667,71,B4,0.22,0,-0.24
16495,549.833,74,D5,0.22,0,-0.24
16500,550.000,76,E5,0.67,0,0.16
16515,550.500,74,D5,0.48,0,0.16
16530,551.000,72,C5,0.67,0,0.16
16545,551.500,72,C5,0.48,0,0.16
16500,550.000,36,C2,0.6,1,-0.12
16530,551.000,43,G2,0.39,1,-0.12
16500,550.000,60,C4,0.22,0,-0.24
16505,550.167,67,G4,0.22,0,-0.24
16510,550.333,64,E4,0.22,0,-0.24
16515,550.500,67,G4,0.22,0,-0.24
16520,550.667,60,C4,0.22,0,-0.24
16525,550.833,67,G4,0.22,0,-0.24
16530,551.000,64,E4,0.22,0,-0.24
16535,551.167,67,G4,0.22,0,-0.24
16540,551.333,60,C4,0.22,0,-0.24
16545,551.500,67,G4,0.22,0,-0.24
16550,551.667,64,E4,0.22,0,-0.24
16555,551.833,67,G4,0.22,0,-0.24
16560,552.000,79,G5,0.67,0,0.16
16575,552.500,76,E5,0.48,0,0.16
16590,553.000,74,D5,0.67,0,0.16
16605,553.500,72,C5,0.48,0,0.16
16560,552.000,36,C2,0.6,1,-0.12
16590,553.000,43,G2,0.39,1,-0.12
16560,552.000,60,C4,0.22,0,-0.24
16565,552.167,67,G4,0.22,0,-0.24
16570,552.333,64,E4,0.22,0,-0.24
16575,552.500,67,G4,0.22,0,-0.24
16580,552.667,60,C4,0.22,0,-0.24
16585,552.833,67,G4,0.22,0,-0.24
16590,553.000,64,E4,0.22,0,-0.24
16595,553.167,67,G4,0.22,0,-0.24
16600,553.333,60,C4,0.22,0,-0.24
16605,553.500,67,G4,0.22,0,-0.24
16610,553.667,64,E4,0.22,0,-0.24
16615,553.833,67,G4,0.22,0,-0.24
16620,554.000,77,F5,0.67,0,0.16
16635,554.500,79,G5,0.48,0,0.16
16650,555.000,81,A5,0.67,0,0.16
16665,555.500,77,F5,0.48,0,0.16
16620,554.000,41,F2,0.6,1,-0.12
16650,555.000,48,C3,0.39,1,-0.12
16620,554.000,65,F4,0.22,0,-0.24
16625,554.167,72,C5,0.22,0,-0.24
16630,554.333,69,A4,0.22,0,-0.24
16635,554.500,72,C5,0.22,0,-0.24
16640,554.667,65,F4,0.22,0,-0.24
16645,554.833,72,C5,0.22,0,-0.24
16650,555.000,69,A4,0.22,0,-0.24
16655,555.167,72,C5,0.22,0,-0.24
16660,555.333,65,F4,0.22,0,-0.24
16665,555.500,72,C5,0.22,0,-0.24
16670,555.667,69,A4,0.22,0,-0.24
16675,555.833,72,C5,0.22,0,-0.24
16680,556.000,79,G5,0.67,0,0.16
16695,556.500,77,F5,0.48,0,0.16
16710,557.000,74,D5,0.67,0,0.16
16725,557.500,79,G5,0.48,0,0.16
16680,556.000,43,G2,0.6,1,-0.12
16710,557.000,50,D3,0.39,1,-0.12
16680,556.000,67,G4,0.22,0,-0.24
16685,556.167,74,D5,0.22,0,-0.24
16690,556.333,71,B4,0.22,0,-0.24
16695,556.500,74,D5,0.22,0,-0.24
16700,556.667,67,G4,0.22,0,-0.24
16705,556.833,74,D5,0.22,0,-0.24
16710,557.000,71,B4,0.22,0,-0.24
16715,557.167,74,D5,0.22,0,-0.24
16720,557.333,67,G4,0.22,0,-0.24
16725,557.500,74,D5,0.22,0,-0.24
16730,557.667,71,B4,0.22,0,-0.24
16735,557.833,74,D5,0.22,0,-0.24
16740,558.000,76,E5,0.67,0,0.16
16755,558.500,74,D5,0.48,0,0.16
16770,559.000,72,C5,0.67,0,0.16
16785,559.500,72,C5,0.48,0,0.16
16740,558.000,36,C2,0.6,1,-0.12
16770,559.000,43,G2,0.39,1,-0.12
16740,558.000,60,C4,0.22,0,-0.24
16745,558.167,67,G4,0.22,0,-0.24
16750,558.333,64,E4,0.22,0,-0.24
16755,558.500,67,G4,0.22,0,-0.24
16760,558.667,60,C4,0.22,0,-0.24
16765,558.833,67,G4,0.22,0,-0.24
16770,559.000,64,E4,0.22,0,-0.24
16775,559.167,67,G4,0.22,0,-0.24
16780,559.333,60,C4,0.22,0,-0.24
16785,559.500,67,G4,0.22,0,-0.24
16790,559.667,64,E4,0.22,0,-0.24
16795,559.833,67,G4,0.22,0,-0.24
16800,560.000,76,E5,0.67,0,0.16
16815,560.500,74,D5,0.48,0,0.16
16830,561.000,72,C5,0.67,0,0.16
16845,561.500,76,E5,0.48,0,0.16
16800,560.000,36,C2,0.6,1,-0.12
16830,561.000,43,G2,0.39,1,-0.12
16800,560.000,60,C4,0.22,0,-0.24
16805,560.167,67,G4,0.22,0,-0.24
16810,560.333,64,E4,0.22,0,-0.24
16815,560.500,67,G4,0.22,0,-0.24
16820,560.667,60,C4,0.22,0,-0.24
16825,560.833,67,G4,0.22,0,-0.24
16830,561.000,64,E4,0.22,0,-0.24
16835,561.167,67,G4,0.22,0,-0.24
16840,561.333,60,C4,0.22,0,-0.24
16845,561.500,67,G4,0.22,0,-0.24
16850,561.667,64,E4,0.22,0,-0.24
16855,561.833,67,G4,0.22,0,-0.24
16860,562.000,77,F5,0.67,0,0.16
16875,562.500,76,E5,0.48,0,0.16
16890,563.000,74,D5,0.67,0,0.16
16905,563.500,72,C5,0.48,0,0.16
16860,562.000,41,F2,0.6,1,-0.12
16890,563.000,48,C3,0.39,1,-0.12
16860,562.000,65,F4,0.22,0,-0.24
16865,562.167,72,C5,0.22,0,-0.24
16870,562.333,69,A4,0.22,0,-0.24
16875,562.500,72,C5,0.22,0,-0.24
16880,562.667,65,F4,0.22,0,-0.24
16885,562.833,72,C5,0.22,0,-0.24
16890,563.000,69,A4,0.22,0,-0.24
16895,563.167,72,C5,0.22,0,-0.24
16900,563.333,65,F4,0.22,0,-0.24
16905,563.500,72,C5,0.22,0,-0.24
16910,563.667,69,A4,0.22,0,-0.24
16915,563.833,72,C5,0.22,0,-0.24
16920,564.000,74,D5,0.67,0,0.16
16935,564.500,76,E5,0.48,0,0.16
16950,565.000,74,D5,0.67,0,0.16
16965,565.500,79,G5,0.48,0,0.16
16920,564.000,43,G2,0.6,1,-0.12
16950,565.000,50,D3,0.39,1,-0.12
16920,564.000,67,G4,0.22,0,-0.24
16925,564.167,74,D5,0.22,0,-0.24
16930,564.333,71,B4,0.22,0,-0.24
16935,564.500,74,D5,0.22,0,-0.24
16940,564.667,67,G4,0.22,0,-0.24
16945,564.833,74,D5,0.22,0,-0.24
16950,565.000,71,B4,0.22,0,-0.24
16955,565.167,74,D5,0.22,0,-0.24
16960,565.333,67,G4,0.22,0,-0.24
16965,565.500,74,D5,0.22,0,-0.24
16970,565.667,71,B4,0.22,0,-0.24
16975,565.833,74,D5,0.22,0,-0.24
16980,566.000,76,E5,0.67,0,0.16
16995,566.500,74,D5,0.48,0,0.16
17010,567.000,72,C5,0.67,0,0.16
17025,567.500,72,C5,0.48,0,0.16
16980,566.000,36,C2,0.6,1,-0.12
17010,567.000,43,G2,0.39,1,-0.12
16980,566.000,60,C4,0.22,0,-0.24
16985,566.167,67,G4,0.22,0,-0.24
16990,566.333,64,E4,0.22,0,-0.24
16995,566.500,67,G4,0.22,0,-0.24
17000,566.667,60,C4,0.22,0,-0.24
17005,566.833,67,G4,0.22,0,-0.24
17010,567.000,64,E4,0.22,0,-0.24
17015,567.167,67,G4,0.22,0,-0.24
17020,567.333,60,C4,0.22,0,-0.24
17025,567.500,67,G4,0.22,0,-0.24
17030,567.667,64,E4,0.22,0,-0.24
17035,567.833,67,G4,0.22,0,-0.24
17040,568.000,79,G5,0.67,0,0.16
17055,568.500,76,E5,0.48,0,0.16
17070,569.000,74,D5,0.67,0,0.16
17085,569.500,72,C5,0.48,0,0.16
17040,568.000,36,C2,0.6,1,-0.12
17070,569.000,43,G2,0.39,1,-0.12
17040,568.000,60,C4,0.22,0,-0.24
17045,568.167,67,G4,0.22,0,-0.24
17050,568.333,64,E4,0.22,0,-0.24
17055,568.500,67,G4,0.22,0,-0.24
17060,568.667,60,C4,0.22,0,-0.24
17065,568.833,67,G4,0.22,0,-0.24
17070,569.000,64,E4,0.22,0,-0.24
17075,569.167,67,G4,0.22,0,-0.24
17080,569.333,60,C4,0.22,0,-0.24
17085,569.500,67,G4,0.22,0,-0.24
17090,569.667,64,E4,0.22,0,-0.24
17095,569.833,67,G4,0.22,0,-0.24
17100,570.000,77,F5,0.67,0,0.16
17115,570.500,79,G5,0.48,0,0.16
17130,571.000,81,A5,0.67,0,0.16
17145,571.500,77,F5,0.48,0,0.16
17100,570.000,41,F2,0.6,1,-0.12
17130,571.000,48,C3,0.39,1,-0.12
17100,570.000,65,F4,0.22,0,-0.24
17105,570.167,72,C5,0.22,0,-0.24
17110,570.333,69,A4,0.22,0,-0.24
17115,570.500,72,C5,0.22,0,-0.24
17120,570.667,65,F4,0.22,0,-0.24
17125,570.833,72,C5,0.22,0,-0.24
17130,571.000,69,A4,0.22,0,-0.24
17135,571.167,72,C5,0.22,0,-0.24
17140,571.333,65,F4,0.22,0,-0.24
17145,571.500,72,C5,0.22,0,-0.24
17150,571.667,69,A4,0.22,0,-0.24
17155,571.833,72,C5,0.22,0,-0.24
17160,572.000,79,G5,0.67,0,0.16
17175,572.500,77,F5,0.48,0,0.16
17190,573.000,74,D5,0.67,0,0.16
17205,573.500,79,G5,0.48,0,0.16
17160,572.000,43,G2,0.6,1,-0.12
17190,573.000,50,D3,0.39,1,-0.12
17160,572.000,67,G4,0.22,0,-0.24
17165,572.167,74,D5,0.22,0,-0.24
17170,572.333,71,B4,0.22,0,-0.24
17175,572.500,74,D5,0.22,0,-0.24
17180,572.667,67,G4,0.22,0,-0.24
17185,572.833,74,D5,0.22,0,-0.24
17190,573.000,71,B4,0.22,0,-0.24
17195,573.167,74,D5,0.22,0,-0.24
17200,573.333,67,G4,0.22,0,-0.24
17205,573.500,74,D5,0.22,0,-0.24
17210,573.667,71,B4,0.22,0,-0.24
17215,573.833,74,D5,0.22,0,-0.24
17220,574.000,76,E5,0.67,0,0.16
17235,574.500,74,D5,0.48,0,0.16
17250,575.000,72,C5,0.67,0,0.16
17265,575.500,72,C5,0.48,0,0.16
17220,574.000,36,C2,0.6,1,-0.12
17250,575.000,43,G2,0.39,1,-0.12
17220,574.000,60,C4,0.22,0,-0.24
17225,574.167,67,G4,0.22,0,-0.24
17230,574.333,64,E4,0.22,0,-0.24
17235,574.500,67,G4,0.22,0,-0.24
17240,574.667,60,C4,0.22,0,-0.24
17245,574.833,67,G4,0.22,0,-0.24
17250,575.000,64,E4,0.22,0,-0.24
17255,575.167,67,G4,0.22,0,-0.24
17260,575.333,60,C4,0.22,0,-0.24
17265,575.500,67,G4,0.22,0,-0.24
17270,575.667,64,E4,0.22,0,-0.24
17275,575.833,67,G4,0.22,0,-0.24
17280,576.000,76,E5,0.67,0,0.16
17295,576.500,74,D5,0.48,0,0.16
17310,577.000,72,C5,0.67,0,0.16
17325,577.500,76,E5,0.48,0,0.16
17280,576.000,36,C2,0.6,1,-0.12
17310,577.000,43,G2,0.39,1,-0.12
17280,576.000,60,C4,0.22,0,-0.24
17285,576.167,67,G4,0.22,0,-0.24
17290,576.333,64,E4,0.22,0,-0.24
17295,576.500,67,G4,0.22,0,-0.24
17300,576.667,60,C4,0.22,0,-0.24
17305,576.833,67,G4,0.22,0,-0.24
17310,577.000,64,E4,0.22,0,-0.24
17315,577.167,67,G4,0.22,0,-0.24
17320,577.333,60,C4,0.22,0,-0.24
17325,577.500,67,G4,0.22,0,-0.24
17330,577.667,64,E4,0.22,0,-0.24
17335,577.833,67,G4,0.22,0,-0.24
17340,578.000,77,F5,0.67,0,0.16
17355,578.500,76,E5,0.48,0,0.16
17370,579.000,74,D5,0.67,0,0.16
17385,579.500,72,C5,0.48,0,0.16
17340,578.000,41,F2,0.6,1,-0.12
17370,579.000,48,C3,0.39,1,-0.12
17340,578.000,65,F4,0.22,0,-0.24
17345,578.167,72,C5,0.22,0,-0.24
17350,578.333,69,A4,0.22,0,-0.24
17355,578.500,72,C5,0.22,0,-0.24
17360,578.667,65,F4,0.22,0,-0.24
17365,578.833,72,C5,0.22,0,-0.24
17370,579.000,69,A4,0.22,0,-0.24
17375,579.167,72,C5,0.22,0,-0.24
17380,579.333,65,F4,0.22,0,-0.24
17385,579.500,72,C5,0.22,0,-0.24
17390,579.667,69,A4,0.22,0,-0.24
17395,579.833,72,C5,0.22,0,-0.24
17400,580.000,74,D5,0.67,0,0.16
17415,580.500,76,E5,0.48,0,0.16
17430,581.000,74,D5,0.67,0,0.16
17445,581.500,79,G5,0.48,0,0.16
17400,580.000,43,G2,0.6,1,-0.12
17430,581.000,50,D3,0.39,1,-0.12
17400,580.000,67,G4,0.22,0,-0.24
17405,580.167,74,D5,0.22,0,-0.24
17410,580.333,71,B4,0.22,0,-0.24
17415,580.500,74,D5,0.22,0,-0.24
17420,580.667,67,G4,0.22,0,-0.24
17425,580.833,74,D5,0.22,0,-0.24
17430,581.000,71,B4,0.22,0,-0.24
17435,581.167,74,D5,0.22,0,-0.24
17440,581.333,67,G4,0.22,0,-0.24
17445,581.500,74,D5,0.22,0,-0.24
17450,581.667,71,B4,0.22,0,-0.24
17455,581.833,74,D5,0.22,0,-0.24
17460,582.000,76,E5,0.67,0,0.16
17475,582.500,74,D5,0.48,0,0.16
17490,583.000,72,C5,0.67,0,0.16
17505,583.500,72,C5,0.48,0,0.16
17460,582.000,36,C2,0.6,1,-0.12
17490,583.000,43,G2,0.39,1,-0.12
17460,582.000,60,C4,0.22,0,-0.24
17465,582.167,67,G4,0.22,0,-0.24
17470,582.333,64,E4,0.22,0,-0.24
17475,582.500,67,G4,0.22,0,-0.24
17480,582.667,60,C4,0.22,0,-0.24
17485,582.833,67,G4,0.22,0,-0.24
17490,583.000,64,E4,0.22,0,-0.24
17495,583.167,67,G4,0.22,0,-0.24
17500,583.333,60,C4,0.22,0,-0.24
17505,583.500,67,G4,0.22,0,-0.24
17510,583.667,64,E4,0.22,0,-0.24
17515,583.833,67,G4,0.22,0,-0.24
17520,584.000,79,G5,0.67,0,0.16
17535,584.500,76,E5,0.48,0,0.16
17550,585.000,74,D5,0.67,0,0.16
17565,585.500,72,C5,0.48,0,0.16
17520,584.000,36,C2,0.6,1,-0.12
17550,585.000,43,G2,0.39,1,-0.12
17520,584.000,60,C4,0.22,0,-0.24
17525,584.167,67,G4,0.22,0,-0.24
17530,584.333,64,E4,0.22,0,-0.24
17535,584.500,67,G4,0.22,0,-0.24
17540,584.667,60,C4,0.22,0,-0.24
17545,584.833,67,G4,0.22,0,-0.24
17550,585.000,64,E4,0.22,0,-0.24
17555,585.167,67,G4,0.22,0,-0.24
17560,585.333,60,C4,0.22,0,-0.24
17565,585.500,67,G4,0.22,0,-0.24
17570,585.667,64,E4,0.22,0,-0.24
17575,585.833,67,G4,0.22,0,-0.24
17580,586.000,77,F5,0.67,0,0.16
17595,586.500,79,G5,0.48,0,0.16
17610,587.000,81,A5,0.67,0,0.16
17625,587.500,77,F5,0.48,0,0.16
17580,586.000,41,F2,0.6,1,-0.12
17610,587.000,48,C3,0.39,1,-0.12
17580,586.000,65,F4,0.22,0,-0.24
17585,586.167,72,C5,0.22,0,-0.24
17590,586.333,69,A4,0.22,0,-0.24
17595,586.500,72,C5,0.22,0,-0.24
17600,586.667,65,F4,0.22,0,-0.24
17605,586.833,72,C5,0.22,0,-0.24
17610,587.000,69,A4,0.22,0,-0.24
17615,587.167,72,C5,0.22,0,-0.24
17620,587.333,65,F4,0.22,0,-0.24
17625,587.500,72,C5,0.22,0,-0.24
17630,587.667,69,A4,0.22,0,-0.24
17635,587.833,72,C5,0.22,0,-0.24
17640,588.000,79,G5,0.67,0,0.16
17655,588.500,77,F5,0.48,0,0.16
17670,589.000,74,D5,0.67,0,0.16
17685,589.500,79,G5,0.48,0,0.16
17640,588.000,43,G2,0.6,1,-0.12
17670,589.000,50,D3,0.39,1,-0.12
17640,588.000,67,G4,0.22,0,-0.24
17645,588.167,74,D5,0.22,0,-0.24
17650,588.333,71,B4,0.22,0,-0.24
17655,588.500,74,D5,0.22,0,-0.24
17660,588.667,67,G4,0.22,0,-0.24
17665,588.833,74,D5,0.22,0,-0.24
17670,589.000,71,B4,0.22,0,-0.24
17675,589.167,74,D5,0.22,0,-0.24
17680,589.333,67,G4,0.22,0,-0.24
17685,589.500,74,D5,0.22,0,-0.24
17690,589.667,71,B4,0.22,0,-0.24
17695,589.833,74,D5,0.22,0,-0.24
17700,590.000,76,E5,0.67,0,0.16
17715,590.500,74,D5,0.48,0,0.16
17730,591.000,72,C5,0.67,0,0.16
17745,591.500,72,C5,0.48,0,0.16
17700,590.000,36,C2,0.6,1,-0.12
17730,591.000,43,G2,0.39,1,-0.12
17700,590.000,60,C4,0.22,0,-0.24
17705,590.167,67,G4,0.22,0,-0.24
17710,590.333,64,E4,0.22,0,-0.24
17715,590.500,67,G4,0.22,0,-0.24
17720,590.667,60,C4,0.22,0,-0.24
17725,590.833,67,G4,0.22,0,-0.24
17730,591.000,64,E4,0.22,0,-0.24
17735,591.167,67,G4,0.22,0,-0.24
17740,591.333,60,C4,0.22,0,-0.24
17745,591.500,67,G4,0.22,0,-0.24
17750,591.667,64,E4,0.22,0,-0.24
17755,591.833,67,G4,0.22,0,-0.24
17760,592.000,76,E5,0.67,0,0.16
17775,592.500,74,D5,0.48,0,0.16
17790,593.000,72,C5,0.67,0,0.16
17805,593.500,76,E5,0.48,0,0.16
17760,592.000,36,C2,0.6,1,-0.12
17790,593.000,43,G2,0.39,1,-0.12
17760,592.000,60,C4,0.22,0,-0.24
17765,592.167,67,G4,0.22,0,-0.24
17770,592.333,64,E4,0.22,0,-0.24
17775,592.500,67,G4,0.22,0,-0.24
17780,592.667,60,C4,0.22,0,-0.24
17785,592.833,67,G4,0.22,0,-0.24
17790,593.000,64,E4,0.22,0,-0.24
17795,593.167,67,G4,0.22,0,-0.24
17800,593.333,60,C4,0.22,0,-0.24
17805,593.500,67,G4,0.22,0,-0.24
17810,593.667,64,E4,0.22,0,-0.24
17815,593.833,67,G4,0.22,0,-0.24
17820,594.000,77,F5,0.67,0,0.16
17835,594.500,76,E5,0.48,0,0.16
17850,595.000,74,D5,0.67,0,0.16
17865,595.500,72,C5,0.48,0,0.16
17820,594.000,41,F2,0.6,1,-0.12
17850,595.000,48,C3,0.39,1,-0.12
17820,594.000,65,F4,0.22,0,-0.24
17825,594.167,72,C5,0.22,0,-0.24
17830,594.333,69,A4,0.22,0,-0.24
17835,594.500,72,C5,0.22,0,-0.24
17840,594.667,65,F4,0.22,0,-0.24
17845,594.833,72,C5,0.22,0,-0.24
17850,595.000,69,A4,0.22,0,-0.24
17855,595.167,72,C5,0.22,0,-0.24
17860,595.333,65,F4,0.22,0,-0.24
17865,595.500,72,C5,0.22,0,-0.24
17870,595.667,69,A4,0.22,0,-0.24
17875,595.833,72,C5,0.22,0,-0.24
17880,596.000,74,D5,0.67,0,0.16
17895,596.500,76,E5,0.48,0,0.16
17910,597.000,74,D5,0.67,0,0.16
17925,597.500,79,G5,0.48,0,0.16
17880,596.000,43,G2,0.6,1,-0.12
17910,597.000,50,D3,0.39,1,-0.12
17880,596.000,67,G4,0.22,0,-0.24
17885,596.167,74,D5,0.22,0,-0.24
17890,596.333,71,B4,0.22,0,-0.24
17895,596.500,74,D5,0.22,0,-0.24
17900,596.667,67,G4,0.22,0,-0.24
17905,596.833,74,D5,0.22,0,-0.24
17910,597.000,71,B4,0.22,0,-0.24
17915,597.167,74,D5,0.22,0,-0.24
17920,597.333,67,G4,0.22,0,-0.24
17925,597.500,74,D5,0.22,0,-0.24
17930,597.667,71,B4,0.22,0,-0.24
17935,597.833,74,D5,0.22,0,-0.24
17940,598.000,76,E5,0.67,0,0.16
17955,598.500,74,D5,0.48,0,0.16
17970,599.000,72,C5,0.67,0,0.16
17985,599.500,72,C5,0.48,0,0.16
17940,598.000,36,C2,0.6,1,-0.12
17970,599.000,43,G2,0.39,1,-0.12
17940,598.000,60,C4,0.22,0,-0.24
17945,598.167,67,G4,0.22,0,-0.24
17950,598.333,64,E4,0.22,0,-0.24
17955,598.500,67,G4,0.22,0,-0.24
17960,598.667,60,C4,0.22,0,-0.24
17965,598.833,67,G4,0.22,0,-0.24
17970,599.000,64,E4,0.22,0,-0.24
17975,599.167,67,G4,0.22,0,-0.24
17980,599.333,60,C4,0.22,0,-0.24
17985,599.500,67,G4,0.22,0,-0.24
17990,599.667,64,E4,0.22,0,-0.24
17995,599.833,67,G4,0.22,0,-0.24
18000,600.000,79,G5,0.67,0,0.16
18015,600.500,76,E5,0.48,0,0.16
18030,601.000,74,D5,0.67,0,0.16
18045,601.500,72,C5,0.48,0,0.16
18000,600.000,36,C2,0.6,1,-0.12
18030,601.000,43,G2,0.39,1,-0.12
18000,600.000,60,C4,0.22,0,-0.24
18005,600.167,67,G4,0.22,0,-0.24
18010,600.333,64,E4,0.22,0,-0.24
18015,600.500,67,G4,0.22,0,-0.24
18020,600.667,60,C4,0.22,0,-0.24
18025,600.833,67,G4,0.22,0,-0.24
18030,601.000,64,E4,0.22,0,-0.24
18035,601.167,67,G4,0.22,0,-0.24
18040,601.333,60,C4,0.22,0,-0.24
18045,601.500,67,G4,0.22,0,-0.24
18050,601.667,64,E4,0.22,0,-0.24
18055,601.833,67,G4,0.22,0,-0.24
18060,602.000,77,F5,0.67,0,0.16
18075,602.500,79,G5,0.48,0,0.16
18090,603.000,81,A5,0.67,0,0.16
18105,603.500,77,F5,0.48,0,0.16
18060,602.000,41,F2,0.6,1,-0.12
18090,603.000,48,C3,0.39,1,-0.12
18060,602.000,65,F4,0.22,0,-0.24
18065,602.167,72,C5,0.22,0,-0.24
18070,602.333,69,A4,0.22,0,-0.24
18075,602.500,72,C5,0.22,0,-0.24
18080,602.667,65,F4,0.22,0,-0.24
18085,602.833,72,C5,0.22,0,-0.24
18090,603.000,69,A4,0.22,0,-0.24
18095,603.167,72,C5,0.22,0,-0.24
18100,603.333,65,F4,0.22,0,-0.24
18105,603.500,72,C5,0.22,0,-0.24
18110,603.667,69,A4,0.22,0,-0.24
18115,603.833,72,C5,0.22,0,-0.24
18120,604.000,79,G5,0.67,0,0.16
18135,604.500,77,F5,0.48,0,0.16
18150,605.000,74,D5,0.67,0,0.16
18165,605.500,79,G5,0.48,0,0.16
18120,604.000,43,G2,0.6,1,-0.12
18150,605.000,50,D3,0.39,1,-0.12
18120,604.000,67,G4,0.22,0,-0.24
18125,604.167,74,D5,0.22,0,-0.24
18130,604.333,71,B4,0.22,0,-0.24
18135,604.500,74,D5,0.22,0,-0.24
18140,604.667,67,G4,0.22,0,-0.24
18145,604.833,74,D5,0.22,0,-0.24
18150,605.000,71,B4,0.22,0,-0.24
18155,605.167,74,D5,0.22,0,-0.24
18160,605.333,67,G4,0.22,0,-0.24
18165,605.500,74,D5,0.22,0,-0.24
18170,605.667,71,B4,0.22,0,-0.24
18175,605.833,74,D5,0.22,0,-0.24
18180,606.000,76,E5,0.67,0,0.16
18195,606.500,74,D5,0.48,0,0.16
18210,607.000,72,C5,0.67,0,0.16
18225,607.500,72,C5,0.48,0,0.16
18180,606.000,36,C2,0.6,1,-0.12
18210,607.000,43,G2,0.39,1,-0.12
18180,606.000,60,C4,0.22,0,-0.24
18185,606.167,67,G4,0.22,0,-0.24
18190,606.333,64,E4,0.22,0,-0.24
18195,606.500,67,G4,0.22,0,-0.24
18200,606.667,60,C4,0.22,0,-0.24
18205,606.833,67,G4,0.22,0,-0.24
18210,607.000,64,E4,0.22,0,-0.24
18215,607.167,67,G4,0.22,0,-0.24
18220,607.333,60,C4,0.22,0,-0.24
18225,607.500,67,G4,0.22,0,-0.24
18230,607.667,64,E4,0.22,0,-0.24
18235,607.833,67,G4,0.22,0,-0.24
18240,608.000,76,E5,0.67,0,0.16
18255,608.500,74,D5,0.48,0,0.16
18270,609.000,72,C5,0.67,0,0.16
18285,609.500,76,E5,0.48,0,0.16
18240,608.000,36,C2,0.6,1,-0.12
18270,609.000,43,G2,0.39,1,-0.12
18240,608.000,60,C4,0.22,0,-0.24
18245,608.167,67,G4,0.22,0,-0.24
18250,608.333,64,E4,0.22,0,-0.24
18255,608.500,67,G4,0.22,0,-0.24
18260,608.667,60,C4,0.22,0,-0.24
18265,608.833,67,G4,0.22,0,-0.24
18270,609.000,64,E4,0.22,0,-0.24
18275,609.167,67,G4,0.22,0,-0.24
18280,609.333,60,C4,0.22,0,-0.24
18285,609.500,67,G4,0.22,0,-0.24
18290,609.667,64,E4,0.22,0,-0.24
18295,609.833,67,G4,0.22,0,-0.24
18300,610.000,77,F5,0.67,0,0.16
18315,610.500,76,E5,0.48,0,0.16
18330,611.000,74,D5,0.67,0,0.16
18345,611.500,72,C5,0.48,0,0.16
18300,610.000,41,F2,0.6,1,-0.12
18330,611.000,48,C3,0.39,1,-0.12
18300,610.000,65,F4,0.22,0,-0.24
18305,610.167,72,C5,0.22,0,-0.24
18310,610.333,69,A4,0.22,0,-0.24
18315,610.500,72,C5,0.22,0,-0.24
18320,610.667,65,F4,0.22,0,-0.24
18325,610.833,72,C5,0.22,0,-0.24
18330,611.000,69,A4,0.22,0,-0.24
18335,611.167,72,C5,0.22,0,-0.24
18340,611.333,65,F4,0.22,0,-0.24
18345,611.500,72,C5,0.22,0,-0.24
18350,611.667,69,A4,0.22,0,-0.24
18355,611.833,72,C5,0.22,0,-0.24
18360,612.000,74,D5,0.67,0,0.16
18375,612.500,76,E5,0.48,0,0.16
18390,613.000,74,D5,0.67,0,0.16
18405,613.500,79,G5,0.48,0,0.16
18360,612.000,43,G2,0.6,1,-0.12
18390,613.000,50,D3,0.39,1,-0.12
18360,612.000,67,G4,0.22,0,-0.24
18365,612.167,74,D5,0.22,0,-0.24
18370,612.333,71,B4,0.22,0,-0.24
18375,612.500,74,D5,0.22,0,-0.24
18380,612.667,67,G4,0.22,0,-0.24
18385,612.833,74,D5,0.22,0,-0.24
18390,613.000,71,B4,0.22,0,-0.24
18395,613.167,74,D5,0.22,0,-0.24
18400,613.333,67,G4,0.22,0,-0.24
18405,613.500,74,D5,0.22,0,-0.24
18410,613.667,71,B4,0.22,0,-0.24
18415,613.833,74,D5,0.22,0,-0.24
18420,614.000,76,E5,0.67,0,0.16
18435,614.500,74,D5,0.48,0,0.16
18450,615.000,72,C5,0.67,0,0.16
18465,615.500,72,C5,0.48,0,0.16
18420,614.000,36,C2,0.6,1,-0.12
18450,615.000,43,G2,0.39,1,-0.12
18420,614.000,60,C4,0.22,0,-0.24
18425,614.167,67,G4,0.22,0,-0.24
18430,614.333,64,E4,0.22,0,-0.24
18435,614.500,67,G4,0.22,0,-0.24
18440,614.667,60,C4,0.22,0,-0.24
18445,614.833,67,G4,0.22,0,-0.24
18450,615.000,64,E4,0.22,0,-0.24
18455,615.167,67,G4,0.22,0,-0.24
18460,615.333,60,C4,0.22,0,-0.24
18465,615.500,67,G4,0.22,0,-0.24
18470,615.667,64,E4,0.22,0,-0.24
18475,615.833,67,G4,0.22,0,-0.24
18480,616.000,79,G5,0.67,0,0.16
18495,616.500,76,E5,0.48,0,0.16
18510,617.000,74,D5,0.67,0,0.16
18525,617.500,72,C5,0.48,0,0.16
18480,616.000,36,C2,0.6,1,-0.12
18510,617.000,43,G2,0.39,1,-0.12
18480,616.000,60,C4,0.22,0,-0.24
18485,616.167,67,G4,0.22,0,-0.24
18490,616.333,64,E4,0.22,0,-0.24
18495,616.500,67,G4,0.22,0,-0.24
18500,616.667,60,C4,0.22,0,-0.24
18505,616.833,67,G4,0.22,0,-0.24
18510,617.000,64,E4,0.22,0,-0.24
18515,617.167,67,G4,0.22,0,-0.24
18520,617.333,60,C4,0.22,0,-0.24
18525,617.500,67,G4,0.22,0,-0.24
18530,617.667,64,E4,0.22,0,-0.24
18535,617.833,67,G4,0.22,0,-0.24
18540,618.000,77,F5,0.67,0,0.16
18555,618.500,79,G5,0.48,0,0.16
18570,619.000,81,A5,0.67,0,0.16
18585,619.500,77,F5,0.48,0,0.16
18540,618.000,41,F2,0.6,1,-0.12
18570,619.000,48,C3,0.39,1,-0.12
18540,618.000,65,F4,0.22,0,-0.24
18545,618.167,72,C5,0.22,0,-0.24
18550,618.333,69,A4,0.22,0,-0.24
18555,618.500,72,C5,0.22,0,-0.24
18560,618.667,65,F4,0.22,0,-0.24
18565,618.833,72,C5,0.22,0,-0.24
18570,619.000,69,A4,0.22,0,-0.24
18575,619.167,72,C5,0.22,0,-0.24
18580,619.333,65,F4,0.22,0,-0.24
18585,619.500,72,C5,0.22,0,-0.24
18590,619.667,69,A4,0.22,0,-0.24
18595,619.833,72,C5,0.22,0,-0.24
18600,620.000,79,G5,0.67,0,0.16
18615,620.500,77,F5,0.48,0,0.16
18630,621.000,74,D5,0.67,0,0.16
18645,621.500,79,G5,0.48,0,0.16
18600,620.000,43,G2,0.6,1,-0.12
18630,621.000,50,D3,0.39,1,-0.12
18600,620.000,67,G4,0.22,0,-0.24
18605,620.167,74,D5,0.22,0,-0.24
18610,620.333,71,B4,0.22,0,-0.24
18615,620.500,74,D5,0.22,0,-0.24
18620,620.667,67,G4,0.22,0,-0.24
18625,620.833,74,D5,0.22,0,-0.24
18630,621.000,71,B4,0.22,0,-0.24
18635,621.167,74,D5,0.22,0,-0.24
18640,621.333,67,G4,0.22,0,-0.24
18645,621.500,74,D5,0.22,0,-0.24
18650,621.667,71,B4,0.22,0,-0.24
18655,621.833,74,D5,0.22,0,-0.24
18660,622.000,76,E5,0.67,0,0.16
18660,622.000,88,E6,0.16,0,0.4
18675,622.500,74,D5,0.48,0,0.16
18675,622.500,86,D6,0.16,0,0.4
18690,623.000,72,C5,0.67,0,0.16
18690,623.000,84,C6,0.16,0,0.4
18705,623.500,72,C5,0.48,0,0.16
18705,623.500,84,C6,0.16,0,0.4
18660,622.000,36,C2,0.6,1,-0.12
18690,623.000,43,G2,0.39,1,-0.12
18660,622.000,60,C4,0.22,0,-0.24
18665,622.167,67,G4,0.22,0,-0.24
18670,622.333,64,E4,0.22,0,-0.24
18675,622.500,67,G4,0.22,0,-0.24
18680,622.667,60,C4,0.22,0,-0.24
18685,622.833,67,G4,0.22,0,-0.24
18690,623.000,64,E4,0.22,0,-0.24
18695,623.167,67,G4,0.22,0,-0.24
18700,623.333,60,C4,0.22,0,-0.24
18705,623.500,67,G4,0.22,0,-0.24
18710,623.667,64,E4,0.22,0,-0.24
18715,623.833,67,G4,0.22,0,-0.24
18660,622.000,0,C-1,0.1,2,0
18675,622.500,0,C-1,0.1,3,0
18690,623.000,0,C-1,0.1,2,0
18705,623.500,0,C-1,0.1,3,0
18720,624.000,76,E5,0.67,0,0.16
18735,624.500,74,D5,0.48,0,0.16
18750,625.000,72,C5,0.67,0,0.16
18765,625.500,76,E5,0.48,0,0.16
18720,624.000,36,C2,0.6,1,-0.12
18750,625.000,43,G2,0.39,1,-0.12
18720,624.000,60,C4,0.22,0,-0.24
18725,624.167,67,G4,0.22,0,-0.24
18730,624.333,64,E4,0.22,0,-0.24
18735,624.500,67,G4,0.22,0,-0.24
18740,624.667,60,C4,0.22,0,-0.24
18745,624.833,67,G4,0.22,0,-0.24
18750,625.000,64,E4,0.22,0,-0.24
18755,625.167,67,G4,0.22,0,-0.24
18760,625.333,60,C4,0.22,0,-0.24
18765,625.500,67,G4,0.22,0,-0.24
18770,625.667,64,E4,0.22,0,-0.24
18775,625.833,67,G4,0.22,0,-0.24
18720,624.000,0,C-1,0.1,2,0
18735,624.500,0,C-1,0.1,3,0
18750,625.000,0,C-1,0.1,2,0
18765,625.500,0,C-1,0.1,3,0
18780,626.000,77,F5,0.67,0,0.16
18795,626.500,76,E5,0.48,0,0.16
18810,627.000,74,D5,0.67,0,0.16
18825,627.500,72,C5,0.48,0,0.16
18780,626.000,41,F2,0.6,1,-0.12
18810,627.000,48,C3,0.39,1,-0.12
18780,626.000,65,F4,0.22,0,-0.24
18785,626.167,72,C5,0.22,0,-0.24
18790,626.333,69,A4,0.22,0,-0.24
18795,626.500,72,C5,0.22,0,-0.24
18800,626.667,65,F4,0.22,0,-0.24
18805,626.833,72,C5,0.22,0,-0.24
18810,627.000,69,A4,0.22,0,-0.24
18815,627.167,72,C5,0.22,0,-0.24
18820,627.333,65,F4,0.22,0,-0.24
18825,627.500,72,C5,0.22,0,-0.24
18830,627.667,69,A4,0.22,0,-0.24
18835,627.833,72,C5,0.22,0,-0.24
18780,626.000,0,C-1,0.1,2,0
18795,626.500,0,C-1,0.1,3,0
18810,627.000,0,C-1,0.1,2,0
18825,627.500,0,C-1,0.1,3,0
18840,628.000,74,D5,0.67,0,0.16
18855,628.500,76,E5,0.48,0,0.16
18870,629.000,74,D5,0.67,0,0.16
18885,629.500,79,G5,0.48,0,0.16
18840,628.000,43,G2,0.6,1,-0.12
18870,629.000,50,D3,0.39,1,-0.12
18840,628.000,67,G4,0.22,0,-0.24
18845,628.167,74,D5,0.22,0,-0.24
18850,628.333,71,B4,0.22,0,-0.24
18855,628.500,74,D5,0.22,0,-0.24
18860,628.667,67,G4,0.22,0,-0.24
18865,628.833,74,D5,0.22,0,-0.24
18870,629.000,71,B4,0.22,0,-0.24
18875,629.167,74,D5,0.22,0,-0.24
18880,629.333,67,G4,0.22,0,-0.24
18885,629.500,74,D5,0.22,0,-0.24
18890,629.667,71,B4,0.22,0,-0.24
18895,629.833,74,D5,0.22,0,-0.24
18840,628.000,0,C-1,0.1,2,0
18855,628.500,0,C-1,0.1,3,0
18870,629.000,0,C-1,0.1,2,0
18885,629.500,0,C-1,0.1,3,0
18900,630.000,76,E5,0.67,0,0.16
18900,630.000,88,E6,0.16,0,0.4
18915,630.500,74,D5,0.48,0,0.16
18915,630.500,86,D6,0.16,0,0.4
18930,631.000,72,C5,0.67,0,0.16
18930,631.000,84,C6,0.16,0,0.4
18945,631.500,72,C5,0.48,0,0.16
18945,631.500,84,C6,0.16,0,0.4
18900,630.000,36,C2,0.6,1,-0.12
18930,631.000,43,G2,0.39,1,-0.12
18900,630.000,60,C4,0.22,0,-0.24
18905,630.167,67,G4,0.22,0,-0.24
18910,630.333,64,E4,0.22,0,-0.24
18915,630.500,67,G4,0.22,0,-0.24
18920,630.667,60,C4,0.22,0,-0.24
18925,630.833,67,G4,0.22,0,-0.24
18930,631.000,64,E4,0.22,0,-0.24
18935,631.167,67,G4,0.22,0,-0.24
18940,631.333,60,C4,0.22,0,-0.24
18945,631.500,67,G4,0.22,0,-0.24
18950,631.667,64,E4,0.22,0,-0.24
18955,631.833,67,G4,0.22,0,-0.24
18900,630.000,0,C-1,0.1,2,0
18915,630.500,0,C-1,0.1,3,0
18930,631.000,0,C-1,0.1,2,0
18945,631.500,0,C-1,0.1,3,0
18960,632.000,79,G5,0.67,0,0.16
18975,632.500,76,E5,0.48,0,0.16
18990,633.000,74,D5,0.67,0,0.16
19005,633.500,72,C5,0.48,0,0.16
18960,632.000,36,C2,0.6,1,-0.12
18990,633.000,43,G2,0.39,1,-0.12
18960,632.000,60,C4,0.22,0,-0.24
18965,632.167,67,G4,0.22,0,-0.24
18970,632.333,64,E4,0.22,0,-0.24
18975,632.500,67,G4,0.22,0,-0.24
18980,632.667,60,C4,0.22,0,-0.24
18985,632.833,67,G4,0.22,0,-0.24
18990,633.000,64,E4,0.22,0,-0.24
18995,633.167,67,G4,0.22,0,-0.24
19000,633.333,60,C4,0.22,0,-0.24
19005,633.500,67,G4,0.22,0,-0.24
19010,633.667,64,E4,0.22,0,-0.24
19015,633.833,67,G4,0.22,0,-0.24
18960,632.000,0,C-1,0.1,2,0
18975,632.500,0,C-1,0.1,3,0
18990,633.000,0,C-1,0.1,2,0
19005,633.500,0,C-1,0.1,3,0
19020,634.000,77,F5,0.67,0,0.16
19035,634.500,79,G5,0.48,0,0.16
19050,635.000,81,A5,0.67,0,0.16
19065,635.500,77,F5,0.48,0,0.16
19020,634.000,41,F2,0.6,1,-0.12
19050,635.000,48,C3,0.39,1,-0.12
19020,634.000,65,F4,0.22,0,-0.24
19025,634.167,72,C5,0.22,0,-0.24
19030,634.333,69,A4,0.22,0,-0.24
19035,634.500,72,C5,0.22,0,-0.24
19040,634.667,65,F4,0.22,0,-0.24
19045,634.833,72,C5,0.22,0,-0.24
19050,635.000,69,A4,0.22,0,-0.24
19055,635.167,72,C5,0.22,0,-0.24
19060,635.333,65,F4,0.22,0,-0.24
19065,635.500,72,C5,0.22,0,-0.24
19070,635.667,69,A4,0.22,0,-0.24
19075,635.833,72,C5,0.22,0,-0.24
19020,634.000,0,C-1,0.1,2,0
19035,634.500,0,C-1,0.1,3,0
19050,635.000,0,C-1,0.1,2,0
19065,635.500,0,C-1,0.1,3,0
19080,636.000,79,G5,0.67,0,0.16
19095,636.500,77,F5,0.48,0,0.16
19110,637.000,74,D5,0.67,0,0.16
19125,637.500,79,G5,0.48,0,0.16
19080,636.000,43,G2,0.6,1,-0.12
19110,637.000,50,D3,0.39,1,-0.12
19080,636.000,67,G4,0.22,0,-0.24
19085,636.167,74,D5,0.22,0,-0.24
19090,636.333,71,B4,0.22,0,-0.24
19095,636.500,74,D5,0.22,0,-0.24
19100,636.667,67,G4,0.22,0,-0.24
19105,636.833,74,D5,0.22,0,-0.24
19110,637.000,71,B4,0.22,0,-0.24
19115,637.167,74,D5,0.22,0,-0.24
19120,637.333,67,G4,0.22,0,-0.24
19125,637.500,74,D5,0.22,0,-0.24
19130,637.667,71,B4,0.22,0,-0.24
19135,637.833,74,D5,0.22,0,-0.24
19080,636.000,0,C-1,0.1,2,0
19095,636.500,0,C-1,0.1,3,0
19110,637.000,0,C-1,0.1,2,0
19125,637.500,0,C-1,0.1,3,0
19140,638.000,76,E5,0.67,0,0.16
19140,638.000,88,E6,0.16,0,0.4
19155,638.500,74,D5,0.48,0,0.16
19155,638.500,86,D6,0.16,0,0.4
19170,639.000,72,C5,0.67,0,0.16
19170,639.000,84,C6,0.16,0,0.4
19185,639.500,72,C5,0.48,0,0.16
19185,639.500,84,C6,0.16,0,0.4
19140,638.000,36,C2,0.6,1,-0.12
19170,639.000,43,G2,0.39,1,-0.12
19140,638.000,60,C4,0.22,0,-0.24
19145,638.167,67,G4,0.22,0,-0.24
19150,638.333,64,E4,0.22,0,-0.24
19155,638.500,67,G4,0.22,0,-0.24
19160,638.667,60,C4,0.22,0,-0.24
19165,638.833,67,G4,0.22,0,-0.24
19170,639.000,64,E4,0.22,0,-0.24
19175,639.167,67,G4,0.22,0,-0.24
19180,639.333,60,C4,0.22,0,-0.24
19185,639.500,67,G4,0.22,0,-0.24
19190,639.667,64,E4,0.22,0,-0.24
19195,639.833,67,G4,0.22,0,-0.24
19140,638.000,0,C-1,0.1,2,0
19155,638.500,0,C-1,0.1,3,0
19170,639.000,0,C-1,0.1,2,0
19185,639.500,0,C-1,0.1,3,0
19200,640.000,76,E5,0.67,0,0.16
19215,640.500,74,D5,0.48,0,0.16
19230,641.000,72,C5,0.67,0,0.16
19245,641.500,76,E5,0.48,0,0.16
19200,640.000,36,C2,0.6,1,-0.12
19230,641.000,43,G2,0.39,1,-0.12
19200,640.000,60,C4,0.22,0,-0.24
19205,640.167,67,G4,0.22,0,-0.24
19210,640.333,64,E4,0.22,0,-0.24
19215,640.500,67,G4,0.22,0,-0.24
19220,640.667,60,C4,0.22,0,-0.24
19225,640.833,67,G4,0.22,0,-0.24
19230,641.000,64,E4,0.22,0,-0.24
19235,641.167,67,G4,0.22,0,-0.24
19240,641.333,60,C4,0.22,0,-0.24
19245,641.500,67,G4,0.22,0,-0.24
19250,641.667,64,E4,0.22,0,-0.24
19255,641.833,67,G4,0.22,0,-0.24
19200,640.000,0,C-1,0.1,2,0
19215,640.500,0,C-1,0.1,3,0
19230,641.000,0,C-1,0.1,2,0
19245,641.500,0,C-1,0.1,3,0
19260,642.000,77,F5,0.67,0,0.16
19275,642.500,76,E5,0.48,0,0.16
19290,643.000,74,D5,0.67,0,0.16
19305,643.500,72,C5,0.48,0,0.16
19260,642.000,41,F2,0.6,1,-0.12
19290,643.000,48,C3,0.39,1,-0.12
19260,642.000,65,F4,0.22,0,-0.24
19265,642.167,72,C5,0.22,0,-0.24
19270,642.333,69,A4,0.22,0,-0.24
19275,642.500,72,C5,0.22,0,-0.24
19280,642.667,65,F4,0.22,0,-0.24
19285,642.833,72,C5,0.22,0,-0.24
19290,643.000,69,A4,0.22,0,-0.24
19295,643.167,72,C5,0.22,0,-0.24
19300,643.333,65,F4,0.22,0,-0.24
19305,643.500,72,C5,0.22,0,-0.24
19310,643.667,69,A4,0.22,0,-0.24
19315,643.833,72,C5,0.22,0,-0.24
19260,642.000,0,C-1,0.1,2,0
19275,642.500,0,C-1,0.1,3,0
19290,643.000,0,C-1,0.1,2,0
19305,643.500,0,C-1,0.1,3,0
19320,644.000,74,D5,0.67,0,0.16
19335,644.500,76,E5,0.48,0,0.16
19350,645.000,74,D5,0.67,0,0.16
19365,645.500,79,G5,0.48,0,0.16
19320,644.000,43,G2,0.6,1,-0.12
19350,645.000,50,D3,0.39,1,-0.12
19320,644.000,67,G4,0.22,0,-0.24
19325,644.167,74,D5,0.22,0,-0.24
19330,644.333,71,B4,0.22,0,-0.24
19335,644.500,74,D5,0.22,0,-0.24
19340,644.667,67,G4,0.22,0,-0.24
19345,644.833,74,D5,0.22,0,-0.24
19350,645.000,71,B4,0.22,0,-0.24
19355,645.167,74,D5,0.22,0,-0.24
19360,645.333,67,G4,0.22,0,-0.24
19365,645.500,74,D5,0.22,0,-0.24
19370,645.667,71,B4,0.22,0,-0.24
19375,645.833,74,D5,0.22,0,-0.24
19320,644.000,0,C-1,0.1,2,0
19335,644.500,0,C-1,0.1,3,0
19350,645.000,0,C-1,0.1,2,0
19365,645.500,0,C-1,0.1,3,0
19380,646.000,76,E5,0.67,0,0.16
19380,646.000,88,E6,0.16,0,0.4
19395,646.500,74,D5,0.48,0,0.16
19395,646.500,86,D6,0.16,0,0.4
19410,647.000,72,C5,0.67,0,0.16
19410,647.000,84,C6,0.16,0,0.4
19425,647.500,72,C5,0.48,0,0.16
19425,647.500,84,C6,0.16,0,0.4
19380,646.000,36,C2,0.6,1,-0.12
19410,647.000,43,G2,0.39,1,-0.12
19380,646.000,60,C4,0.22,0,-0.24
19385,646.167,67,G4,0.22,0,-0.24
19390,646.333,64,E4,0.22,0,-0.24
19395,646.500,67,G4,0.22,0,-0.24
19400,646.667,60,C4,0.22,0,-0.24
19405,646.833,67,G4,0.22,0,-0.24
19410,647.000,64,E4,0.22,0,-0.24
19415,647.167,67,G4,0.22,0,-0.24
19420,647.333,60,C4,0.22,0,-0.24
19425,647.500,67,G4,0.22,0,-0.24
19430,647.667,64,E4,0.22,0,-0.24
19435,647.833,67,G4,0.22,0,-0.24
19380,646.000,0,C-1,0.1,2,0
19395,646.500,0,C-1,0.1,3,0
19410,647.000,0,C-1,0.1,2,0
19425,647.500,0,C-1,0.1,3,0
19440,648.000,79,G5,0.67,0,0.16
19455,648.500,76,E5,0.48,0,0.16
19470,649.000,74,D5,0.67,0,0.16
19485,649.500,72,C5,0.48,0,0.16
19440,648.000,36,C2,0.6,1,-0.12
19470,649.000,43,G2,0.39,1,-0.12
19440,648.000,60,C4,0.22,0,-0.24
19445,648.167,67,G4,0.22,0,-0.24
19450,648.333,64,E4,0.22,0,-0.24
19455,648.500,67,G4,0.22,0,-0.24
19460,648.667,60,C4,0.22,0,-0.24
19465,648.833,67,G4,0.22,0,-0.24
19470,649.000,64,E4,0.22,0,-0.24
19475,649.167,67,G4,0.22,0,-0.24
19480,649.333,60,C4,0.22,0,-0.24
19485,649.500,67,G4,0.22,0,-0.24
19490,649.667,64,E4,0.22,0,-0.24
19495,649.833,67,G4,0.22,0,-0.24
19440,648.000,0,C-1,0.1,2,0
19455,648.500,0,C-1,0.1,3,0
19470,649.000,0,C-1,0.1,2,0
19485,649.500,0,C-1,0.1,3,0
19500,650.000,77,F5,0.67,0,0.16
19515,650.500,79,G5,0.48,0,0.16
19530,651.000,81,A5,0.67,0,0.16
19545,651.500,77,F5,0.48,0,0.16
19500,650.000,41,F2,0.6,1,-0.12
19530,651.000,48,C3,0.39,1,-0.12
19500,650.000,65,F4,0.22,0,-0.24
19505,650.167,72,C5,0.22,0,-0.24
19510,650.333,69,A4,0.22,0,-0.24
19515,650.500,72,C5,0.22,0,-0.24
19520,650.667,65,F4,0.22,0,-0.24
19525,650.833,72,C5,0.22,0,-0.24
19530,651.000,69,A4,0.22,0,-0.24
19535,651.167,72,C5,0.22,0,-0.24
19540,651.333,65,F4,0.22,0,-0.24
19545,651.500,72,C5,0.22,0,-0.24
19550,651.667,69,A4,0.22,0,-0.24
19555,651.833,72,C5,0.22,0,-0.24
19500,650.000,0,C-1,0.1,2,0
19515,650.500,0,C-1,0.1,3,0
19530,651.000,0,C-1,0.1,2,0
19545,651.500,0,C-1,0.1,3,0
19560,652.000,79,G5,0.67,0,0.16
19575,652.500,77,F5,0.48,0,0.16
19590,653.000,74,D5,0.67,0,0.16
19605,653.500,79,G5,0.48,0,0.16
19560,652.000,43,G2,0.6,1,-0.12
19590,653.000,50,D3,0.39,1,-0.12
19560,652.000,67,G4,0.22,0,-0.24
19565,652.167,74,D5,0.22,0,-0.24
19570,652.333,71,B4,0.22,0,-0.24
19575,652.500,74,D5,0.22,0,-0.24
19580,652.667,67,G4,0.22,0,-0.24
19585,652.833,74,D5,0.22,0,-0.24
19590,653.000,71,B4,0.22,0,-0.24
19595,653.167,74,D5,0.22,0,-0.24
19600,653.333,67,G4,0.22,0,-0.24
19605,653.500,74,D5,0.22,0,-0.24
19610,653.667,71,B4,0.22,0,-0.24
19615,653.833,74,D5,0.22,0,-0.24
19560,652.000,0,C-1,0.1,2,0
19575,652.500,0,C-1,0.1,3,0
19590,653.000,0,C-1,0.1,2,0
19605,653.500,0,C-1,0.1,3,0
19620,654.000,76,E5,0.67,0,0.16
19620,654.000,88,E6,0.16,0,0.4
19635,654.500,74,D5,0.48,0,0.16
19635,654.500,86,D6,0.16,0,0.4
19650,655.000,72,C5,0.67,0,0.16
19650,655.000,84,C6,0.16,0,0.4
19665,655.500,72,C5,0.48,0,0.16
19665,655.500,84,C6,0.16,0,0.4
19620,654.000,36,C2,0.6,1,-0.12
19650,655.000,43,G2,0.39,1,-0.12
19620,654.000,60,C4,0.22,0,-0.24
19625,654.167,67,G4,0.22,0,-0.24
19630,654.333,64,E4,0.22,0,-0.24
19635,654.500,67,G4,0.22,0,-0.24
19640,654.667,60,C4,0.22,0,-0.24
19645,654.833,67,G4,0.22,0,-0.24
19650,655.000,64,E4,0.22,0,-0.24
19655,655.167,67,G4,0.22,0,-0.24
19660,655.333,60,C4,0.22,0,-0.24
19665,655.500,67,G4,0.22,0,-0.24
19670,655.667,64,E4,0.22,0,-0.24
19675,655.833,67,G4,0.22,0,-0.24
19620,654.000,0,C-1,0.1,2,0
19635,654.500,0,C-1,0.1,3,0
19650,655.000,0,C-1,0.1,2,0
19665,655.500,0,C-1,0.1,3,0
19680,656.000,76,E5,0.67,0,0.16
19695,656.500,74,D5,0.48,0,0.16
19710,657.000,72,C5,0.67,0,0.16
19725,657.500,76,E5,0.48,0,0.16
19680,656.000,36,C2,0.6,1,-0.12
19710,657.000,43,G2,0.39,1,-0.12
19680,656.000,60,C4,0.22,0,-0.24
19685,656.167,67,G4,0.22,0,-0.24
19690,656.333,64,E4,0.22,0,-0.24
19695,656.500,67,G4,0.22,0,-0.24
19700,656.667,60,C4,0.22,0,-0.24
19705,656.833,67,G4,0.22,0,-0.24
19710,657.000,64,E4,0.22,0,-0.24
19715,657.167,67,G4,0.22,0,-0.24
19720,657.333,60,C4,0.22,0,-0.24
19725,657.500,67,G4,0.22,0,-0.24
19730,657.667,64,E4,0.22,0,-0.24
19735,657.833,67,G4,0.22,0,-0.24
19680,656.000,0,C-1,0.1,2,0
19695,656.500,0,C-1,0.1,3,0
19710,657.000,0,C-1,0.1,2,0
19725,657.500,0,C-1,0.1,3,0
19740,658.000,77,F5,0.67,0,0.16
19755,658.500,76,E5,0.48,0,0.16
19770,659.000,74,D5,0.67,0,0.16
19785,659.500,72,C5,0.48,0,0.16
19740,658.000,41,F2,0.6,1,-0.12
19770,659.000,48,C3,0.39,1,-0.12
19740,658.000,65,F4,0.22,0,-0.24
19745,658.167,72,C5,0.22,0,-0.24
19750,658.333,69,A4,0.22,0,-0.24
19755,658.500,72,C5,0.22,0,-0.24
19760,658.667,65,F4,0.22,0,-0.24
19765,658.833,72,C5,0.22,0,-0.24
19770,659.000,69,A4,0.22,0,-0.24
19775,659.167,72,C5,0.22,0,-0.24
19780,659.333,65,F4,0.22,0,-0.24
19785,659.500,72,C5,0.22,0,-0.24
19790,659.667,69,A4,0.22,0,-0.24
19795,659.833,72,C5,0.22,0,-0.24
19740,658.000,0,C-1,0.1,2,0
19755,658.500,0,C-1,0.1,3,0
19770,659.000,0,C-1,0.1,2,0
19785,659.500,0,C-1,0.1,3,0
19800,660.000,74,D5,0.67,0,0.16
19815,660.500,76,E5,0.48,0,0.16
19830,661.000,74,D5,0.67,0,0.16
19845,661.500,79,G5,0.48,0,0.16
19800,660.000,43,G2,0.6,1,-0.12
19830,661.000,50,D3,0.39,1,-0.12
19800,660.000,67,G4,0.22,0,-0.24
19805,660.167,74,D5,0.22,0,-0.24
19810,660.333,71,B4,0.22,0,-0.24
19815,660.500,74,D5,0.22,0,-0.24
19820,660.667,67,G4,0.22,0,-0.24
19825,660.833,74,D5,0.22,0,-0.24
19830,661.000,71,B4,0.22,0,-0.24
19835,661.167,74,D5,0.22,0,-0.24
19840,661.333,67,G4,0.22,0,-0.24
19845,661.500,74,D5,0.22,0,-0.24
19850,661.667,71,B4,0.22,0,-0.24
19855,661.833,74,D5,0.22,0,-0.24
19800,660.000,0,C-1,0.1,2,0
19815,660.500,0,C-1,0.1,3,0
19830,661.000,0,C-1,0.1,2,0
19845,661.500,0,C-1,0.1,3,0
19860,662.000,76,E5,0.67,0,0.16
19860,662.000,88,E6,0.16,0,0.4
19875,662.500,74,D5,0.48,0,0.16
19875,662.500,86,D6,0.16,0,0.4
19890,663.000,72,C5,0.67,0,0.16
19890,663.000,84,C6,0.16,0,0.4
19905,663.500,72,C5,0.48,0,0.16
19905,663.500,84,C6,0.16,0,0.4
19860,662.000,36,C2,0.6,1,-0.12
19890,663.000,43,G2,0.39,1,-0.12
19860,662.000,60,C4,0.22,0,-0.24
19865,662.167,67,G4,0.22,0,-0.24
19870,662.333,64,E4,0.22,0,-0.24
19875,662.500,67,G4,0.22,0,-0.24
19880,662.667,60,C4,0.22,0,-0.24
19885,662.833,67,G4,0.22,0,-0.24
19890,663.000,64,E4,0.22,0,-0.24
19895,663.167,67,G4,0.22,0,-0.24
19900,663.333,60,C4,0.22,0,-0.24
19905,663.500,67,G4,0.22,0,-0.24
19910,663.667,64,E4,0.22,0,-0.24
19915,663.833,67,G4,0.22,0,-0.24
19860,662.000,0,C-1,0.1,2,0
19875,662.500,0,C-1,0.1,3,0
19890,663.000,0,C-1,0.1,2,0
19905,663.500,0,C-1,0.1,3,0
19920,664.000,79,G5,0.67,0,0.16
19935,664.500,76,E5,0.48,0,0.16
19950,665.000,74,D5,0.67,0,0.16
19965,665.500,72,C5,0.48,0,0.16
19920,664.000,36,C2,0.6,1,-0.12
19950,665.000,43,G2,0.39,1,-0.12
19920,664.000,60,C4,0.22,0,-0.24
19925,664.167,67,G4,0.22,0,-0.24
19930,664.333,64,E4,0.22,0,-0.24
19935,664.500,67,G4,0.22,0,-0.24
19940,664.667,60,C4,0.22,0,-0.24
19945,664.833,67,G4,0.22,0,-0.24
19950,665.000,64,E4,0.22,0,-0.24
19955,665.167,67,G4,0.22,0,-0.24
19960,665.333,60,C4,0.22,0,-0.24
19965,665.500,67,G4,0.22,0,-0.24
19970,665.667,64,E4,0.22,0,-0.24
19975,665.833,67,G4,0.22,0,-0.24
19920,664.000,0,C-1,0.1,2,0
19935,664.500,0,C-1,0.1,3,0
19950,665.000,0,C-1,0.1,2,0
19965,665.500,0,C-1,0.1,3,0
19980,666.000,77,F5,0.67,0,0.16
19995,666.500,79,G5,0.48,0,0.16
20010,667.000,81,A5,0.67,0,0.16
20025,667.500,77,F5,0.48,0,0.16
19980,666.000,41,F2,0.6,1,-0.12
20010,667.000,48,C3,0.39,1,-0.12
19980,666.000,65,F4,0.22,0,-0.24
19985,666.167,72,C5,0.22,0,-0.24
19990,666.333,69,A4,0.22,0,-0.24
19995,666.500,72,C5,0.22,0,-0.24
20000,666.667,65,F4,0.22,0,-0.24
20005,666.833,72,C5,0.22,0,-0.24
20010,667.000,69,A4,0.22,0,-0.24
20015,667.167,72,C5,0.22,0,-0.24
20020,667.333,65,F4,0.22,0,-0.24
20025,667.500,72,C5,0.22,0,-0.24
20030,667.667,69,A4,0.22,0,-0.24
20035,667.833,72,C5,0.22,0,-0.24
19980,666.000,0,C-1,0.1,2,0
19995,666.500,0,C-1,0.1,3,0
20010,667.000,0,C-1,0.1,2,0
20025,667.500,0,C-1,0.1,3,0
20040,668.000,79,G5,0.67,0,0.16
20055,668.500,77,F5,0.48,0,0.16
20070,669.000,74,D5,0.67,0,0.16
20085,669.500,79,G5,0.48,0,0.16
20040,668.000,43,G2,0.6,1,-0.12
20070,669.000,50,D3,0.39,1,-0.12
20040,668.000,67,G4,0.22,0,-0.24
20045,668.167,74,D5,0.22,0,-0.24
20050,668.333,71,B4,0.22,0,-0.24
20055,668.500,74,D5,0.22,0,-0.24
20060,668.667,67,G4,0.22,0,-0.24
20065,668.833,74,D5,0.22,0,-0.24
20070,669.000,71,B4,0.22,0,-0.24
20075,669.167,74,D5,0.22,0,-0.24
20080,669.333,67,G4,0.22,0,-0.24
20085,669.500,74,D5,0.22,0,-0.24
20090,669.667,71,B4,0.22,0,-0.24
20095,669.833,74,D5,0.22,0,-0.24
20040,668.000,0,C-1,0.1,2,0
20055,668.500,0,C-1,0.1,3,0
20070,669.000,0,C-1,0.1,2,0
20085,669.500,0,C-1,0.1,3,0
20100,670.000,76,E5,0.67,0,0.16
20100,670.000,88,E6,0.16,0,0.4
20115,670.500,74,D5,0.48,0,0.16
20115,670.500,86,D6,0.16,0,0.4
20130,671.000,72,C5,0.67,0,0.16
20130,671.000,84,C6,0.16,0,0.4
20145,671.500,72,C5,0.48,0,0.16
20145,671.500,84,C6,0.16,0,0.4
20100,670.000,36,C2,0.6,1,-0.12
20130,671.000,43,G2,0.39,1,-0.12
20100,670.000,60,C4,0.22,0,-0.24
20105,670.167,67,G4,0.22,0,-0.24
20110,670.333,64,E4,0.22,0,-0.24
20115,670.500,67,G4,0.22,0,-0.24
20120,670.667,60,C4,0.22,0,-0.24
20125,670.833,67,G4,0.22,0,-0.24
20130,671.000,64,E4,0.22,0,-0.24
20135,671.167,67,G4,0.22,0,-0.24
20140,671.333,60,C4,0.22,0,-0.24
20145,671.500,67,G4,0.22,0,-0.24
20150,671.667,64,E4,0.22,0,-0.24
20155,671.833,67,G4,0.22,0,-0.24
20100,670.000,0,C-1,0.1,2,0
20115,670.500,0,C-1,0.1,3,0
20130,671.000,0,C-1,0.1,2,0
20145,671.500,0,C-1,0.1,3,0
20160,672.000,76,E5,0.67,0,0.16
20175,672.500,74,D5,0.48,0,0.16
20190,673.000,72,C5,0.67,0,0.16
20205,673.500,76,E5,0.48,0,0.16
20160,672.000,36,C2,0.6,1,-0.12
20190,673.000,43,G2,0.39,1,-0.12
20160,672.000,60,C4,0.22,0,-0.24
20165,672.167,67,G4,0.22,0,-0.24
20170,672.333,64,E4,0.22,0,-0.24
20175,672.500,67,G4,0.22,0,-0.24
20180,672.667,60,C4,0.22,0,-0.24
20185,672.833,67,G4,0.22,0,-0.24
20190,673.000,64,E4,0.22,0,-0.24
20195,673.167,67,G4,0.22,0,-0.24
20200,673.333,60,C4,0.22,0,-0.24
20205,673.500,67,G4,0.22,0,-0.24
20210,673.667,64,E4,0.22,0,-0.24
20215,673.833,67,G4,0.22,0,-0.24
20160,672.000,0,C-1,0.1,2,0
20175,672.500,0,C-1,0.1,3,0
20190,673.000,0,C-1,0.1,2,0
20205,673.500,0,C-1,0.1,3,0
20220,674.000,77,F5,0.67,0,0.16
20235,674.500,76,E5,0.48,0,0.16
20250,675.000,74,D5,0.67,0,0.16
20265,675.500,72,C5,0.48,0,0.16
20220,674.000,41,F2,0.6,1,-0.12
20250,675.000,48,C3,0.39,1,-0.12
20220,674.000,65,F4,0.22,0,-0.24
20225,674.167,72,C5,0.22,0,-0.24
20230,674.333,69,A4,0.22,0,-0.24
20235,674.500,72,C5,0.22,0,-0.24
20240,674.667,65,F4,0.22,0,-0.24
20245,674.833,72,C5,0.22,0,-0.24
20250,675.000,69,A4,0.22,0,-0.24
20255,675.167,72,C5,0.22,0,-0.24
20260,675.333,65,F4,0.22,0,-0.24
20265,675.500,72,C5,0.22,0,-0.24
20270,675.667,69,A4,0.22,0,-0.24
20275,675.833,72,C5,0.22,0,-0.24
20220,674.000,0,C-1,0.1,2,0
20235,674.500,0,C-1,0.1,3,0
20250,675.000,0,C-1,0.1,2,0
20265,675.500,0,C-1,0.1,3,0
20280,676.000,74,D5,0.67,0,0.16
20295,676.500,76,E5,0.48,0,0.16
20310,677.000,74,D5,0.67,0,0.16
20325,677.500,79,G5,0.48,0,0.16
20280,676.000,43,G2,0.6,1,-0.12
20310,677.000,50,D3,0.39,1,-0.12
20280,676.000,67,G4,0.22,0,-0.24
20285,676.167,74,D5,0.22,0,-0.24
20290,676.333,71,B4,0.22,0,-0.24
20295,676.500,74,D5,0.22,0,-0.24
20300,676.667,67,G4,0.22,0,-0.24
20305,676.833,74,D5,0.22,0,-0.24
20310,677.000,71,B4,0.22,0,-0.24
20315,677.167,74,D5,0.22,0,-0.24
20320,677.333,67,G4,0.22,0,-0.24
20325,677.500,74,D5,0.22,0,-0.24
20330,677.667,71,B4,0.22,0,-0.24
20335,677.833,74,D5,0.22,0,-0.24
20280,676.000,0,C-1,0.1,2,0
20295,676.500,0,C-1,0.1,3,0
20310,677.000,0,C-1,0.1,2,0
20325,677.500,0,C-1,0.1,3,0
20340,678.000,76,E5,0.67,0,0.16
20340,678.000,88,E6,0.16,0,0.4
20355,678.500,74,D5,0.48,0,0.16
20355,678.500,86,D6,0.16,0,0.4
20370,679.000,72,C5,0.67,0,0.16
20370,679.000,84,C6,0.16,0,0.4
20385,679.500,72,C5,0.48,0,0.16
20385,679.500,84,C6,0.16,0,0.4
20340,678.000,36,C2,0.6,1,-0.12
20370,679.000,43,G2,0.39,1,-0.12
20340,678.000,60,C4,0.22,0,-0.24
20345,678.167,67,G4,0.22,0,-0.24
20350,678.333,64,E4,0.22,0,-0.24
20355,678.500,67,G4,0.22,0,-0.24
20360,678.667,60,C4,0.22,0,-0.24
20365,678.833,67,G4,0.22,0,-0.24
20370,679.000,64,E4,0.22,0,-0.24
20375,679.167,67,G4,0.22,0,-0.24
20380,679.333,60,C4,0.22,0,-0.24
20385,679.500,67,G4,0.22,0,-0.24
20390,679.667,64,E4,0.22,0,-0.24
20395,679.833,67,G4,0.22,0,-0.24
20340,678.000,0,C-1,0.1,2,0
20355,678.500,0,C-1,0.1,3,0
20370,679.000,0,C-1,0.1,2,0
20385,679.500,0,C-1,0.1,3,0
20400,680.000,79,G5,0.67,0,0.16
20415,680.500,76,E5,0.48,0,0.16
20430,681.000,74,D5,0.67,0,0.16
20445,681.500,72,C5,0.48,0,0.16
20400,680.000,36,C2,0.6,1,-0.12
20430,681.000,43,G2,0.39,1,-0.12
20400,680.000,60,C4,0.22,0,-0.24
20405,680.167,67,G4,0.22,0,-0.24
20410,680.333,64,E4,0.22,0,-0.24
20415,680.500,67,G4,0.22,0,-0.24
20420,680.667,60,C4,0.22,0,-0.24
20425,680.833,67,G4,0.22,0,-0.24
20430,681.000,64,E4,0.22,0,-0.24
20435,681.167,67,G4,0.22,0,-0.24
20440,681.333,60,C4,0.22,0,-0.24
20445,681.500,67,G4,0.22,0,-0.24
20450,681.667,64,E4,0.22,0,-0.24
20455,681.833,67,G4,0.22,0,-0.24
20400,680.000,0,C-1,0.1,2,0
20415,680.500,0,C-1,0.1,3,0
20430,681.000,0,C-1,0.1,2,0
20445,681.500,0,C-1,0.1,3,0
20460,682.000,77,F5,0.67,0,0.16
20475,682.500,79,G5,0.48,0,0.16
20490,683.000,81,A5,0.67,0,0.16
20505,683.500,77,F5,0.48,0,0.16
20460,682.000,41,F2,0.6,1,-0.12
20490,683.000,48,C3,0.39,1,-0.12
20460,682.000,65,F4,0.22,0,-0.24
20465,682.167,72,C5,0.22,0,-0.24
20470,682.333,69,A4,0.22,0,-0.24
20475,682.500,72,C5,0.22,0,-0.24
20480,682.667,65,F4,0.22,0,-0.24
20485,682.833,72,C5,0.22,0,-0.24
20490,683.000,69,A4,0.22,0,-0.24
20495,683.167,72,C5,0.22,0,-0.24
20500,683.333,65,F4,0.22,0,-0.24
20505,683.500,72,C5,0.22,0,-0.24
20510,683.667,69,A4,0.22,0,-0.24
20515,683.833,72,C5,0.22,0,-0.24
20460,682.000,0,C-1,0.1,2,0
20475,682.500,0,C-1,0.1,3,0
20490,683.000,0,C-1,0.1,2,0
20505,683.500,0,C-1,0.1,3,0
20520,684.000,79,G5,0.67,0,0.16
20535,684.500,77,F5,0.48,0,0.16
20550,685.000,74,D5,0.67,0,0.16
20565,685.500,79,G5,0.48,0,0.16
20520,684.000,43,G2,0.6,1,-0.12
20550,685.000,50,D3,0.39,1,-0.12
20520,684.000,67,G4,0.22,0,-0.24
20525,684.167,74,D5,0.22,0,-0.24
20530,684.333,71,B4,0.22,0,-0.24
20535,684.500,74,D5,0.22,0,-0.24
20540,684.667,67,G4,0.22,0,-0.24
20545,684.833,74,D5,0.22,0,-0.24
20550,685.000,71,B4,0.22,0,-0.24
20555,685.167,74,D5,0.22,0,-0.24
20560,685.333,67,G4,0.22,0,-0.24
20565,685.500,74,D5,0.22,0,-0.24
20570,685.667,71,B4,0.22,0,-0.24
20575,685.833,74,D5,0.22,0,-0.24
20520,684.000,0,C-1,0.1,2,0
20535,684.500,0,C-1,0.1,3,0
20550,685.000,0,C-1,0.1,2,0
20565,685.500,0,C-1,0.1,3,0
20580,686.000,76,E5,0.67,0,0.16
20580,686.000,88,E6,0.16,0,0.4
20595,686.500,74,D5,0.48,0,0.16
20595,686.500,86,D6,0.16,0,0.4
20610,687.000,72,C5,0.67,0,0.16
20610,687.000,84,C6,0.16,0,0.4
20625,687.500,72,C5,0.48,0,0.16
20625,687.500,84,C6,0.16,0,0.4
20580,686.000,36,C2,0.6,1,-0.12
20610,687.000,43,G2,0.39,1,-0.12
20580,686.000,60,C4,0.22,0,-0.24
20585,686.167,67,G4,0.22,0,-0.24
20590,686.333,64,E4,0.22,0,-0.24
20595,686.500,67,G4,0.22,0,-0.24
20600,686.667,60,C4,0.22,0,-0.24
20605,686.833,67,G4,0.22,0,-0.24
20610,687.000,64,E4,0.22,0,-0.24
20615,687.167,67,G4,0.22,0,-0.24
20620,687.333,60,C4,0.22,0,-0.24
20625,687.500,67,G4,0.22,0,-0.24
20630,687.667,64,E4,0.22,0,-0.24
20635,687.833,67,G4,0.22,0,-0.24
20580,686.000,0,C-1,0.1,2,0
20595,686.500,0,C-1,0.1,3,0
20610,687.000,0,C-1,0.1,2,0
20625,687.500,0,C-1,0.1,3,0
20640,688.000,76,E5,0.67,0,0.16
20655,688.500,74,D5,0.48,0,0.16
20670,689.000,72,C5,0.67,0,0.16
20685,689.500,76,E5,0.48,0,0.16
20640,688.000,36,C2,0.6,1,-0.12
20670,689.000,43,G2,0.39,1,-0.12
20640,688.000,60,C4,0.22,0,-0.24
20645,688.167,67,G4,0.22,0,-0.24
20650,688.333,64,E4,0.22,0,-0.24
20655,688.500,67,G4,0.22,0,-0.24
20660,688.667,60,C4,0.22,0,-0.24
20665,688.833,67,G4,0.22,0,-0.24
20670,689.000,64,E4,0.22,0,-0.24
20675,689.167,67,G4,0.22,0,-0.24
20680,689.333,60,C4,0.22,0,-0.24
20685,689.500,67,G4,0.22,0,-0.24
20690,689.667,64,E4,0.22,0,-0.24
20695,689.833,67,G4,0.22,0,-0.24
20640,688.000,0,C-1,0.1,2,0
20655,688.500,0,C-1,0.1,3,0
20670,689.000,0,C-1,0.1,2,0
20685,689.500,0,C-1,0.1,3,0
20700,690.000,77,F5,0.67,0,0.16
20715,690.500,76,E5,0.48,0,0.16
20730,691.000,74,D5,0.67,0,0.16
20745,691.500,72,C5,0.48,0,0.16
20700,690.000,41,F2,0.6,1,-0.12
20730,691.000,48,C3,0.39,1,-0.12
20700,690.000,65,F4,0.22,0,-0.24
20705,690.167,72,C5,0.22,0,-0.24
20710,690.333,69,A4,0.22,0,-0.24
20715,690.500,72,C5,0.22,0,-0.24
20720,690.667,65,F4,0.22,0,-0.24
20725,690.833,72,C5,0.22,0,-0.24
20730,691.000,69,A4,0.22,0,-0.24
20735,691.167,72,C5,0.22,0,-0.24
20740,691.333,65,F4,0.22,0,-0.24
20745,691.500,72,C5,0.22,0,-0.24
20750,691.667,69,A4,0.22,0,-0.24
20755,691.833,72,C5,0.22,0,-0.24
20700,690.000,0,C-1,0.1,2,0
20715,690.500,0,C-1,0.1,3,0
20730,691.000,0,C-1,0.1,2,0
20745,691.500,0,C-1,0.1,3,0
20760,692.000,74,D5,0.67,0,0.16
20775,692.500,76,E5,0.48,0,0.16
20790,693.000,74,D5,0.67,0,0.16
20805,693.500,79,G5,0.48,0,0.16
20760,692.000,43,G2,0.6,1,-0.12
20790,693.000,50,D3,0.39,1,-0.12
20760,692.000,67,G4,0.22,0,-0.24
20765,692.167,74,D5,0.22,0,-0.24
20770,692.333,71,B4,0.22,0,-0.24
20775,692.500,74,D5,0.22,0,-0.24
20780,692.667,67,G4,0.22,0,-0.24
20785,692.833,74,D5,0.22,0,-0.24
20790,693.000,71,B4,0.22,0,-0.24
20795,693.167,74,D5,0.22,0,-0.24
20800,693.333,67,G4,0.22,0,-0.24
20805,693.500,74,D5,0.22,0,-0.24
20810,693.667,71,B4,0.22,0,-0.24
20815,693.833,74,D5,0.22,0,-0.24
20760,692.000,0,C-1,0.1,2,0
20775,692.500,0,C-1,0.1,3,0
20790,693.000,0,C-1,0.1,2,0
20805,693.500,0,C-1,0.1,3,0
20820,694.000,76,E5,0.67,0,0.16
20820,694.000,88,E6,0.16,0,0.4
20835,694.500,74,D5,0.48,0,0.16
20835,694.500,86,D6,0.16,0,0.4
20850,695.000,72,C5,0.67,0,0.16
20850,695.000,84,C6,0.16,0,0.4
20865,695.500,72,C5,0.48,0,0.16
20865,695.500,84,C6,0.16,0,0.4
20820,694.000,36,C2,0.6,1,-0.12
20850,695.000,43,G2,0.39,1,-0.12
20820,694.000,60,C4,0.22,0,-0.24
20825,694.167,67,G4,0.22,0,-0.24
20830,694.333,64,E4,0.22,0,-0.24
20835,694.500,67,G4,0.22,0,-0.24
20840,694.667,60,C4,0.22,0,-0.24
20845,694.833,67,G4,0.22,0,-0.24
20850,695.000,64,E4,0.22,0,-0.24
20855,695.167,67,G4,0.22,0,-0.24
20860,695.333,60,C4,0.22,0,-0.24
20865,695.500,67,G4,0.22,0,-0.24
20870,695.667,64,E4,0.22,0,-0.24
20875,695.833,67,G4,0.22,0,-0.24
20820,694.000,0,C-1,0.1,2,0
20835,694.500,0,C-1,0.1,3,0
20850,695.000,0,C-1,0.1,2,0
20865,695.500,0,C-1,0.1,3,0
20880,696.000,79,G5,0.67,0,0.16
20895,696.500,76,E5,0.48,0,0.16
20910,697.000,74,D5,0.67,0,0.16
20925,697.500,72,C5,0.48,0,0.16
20880,696.000,36,C2,0.6,1,-0.12
20910,697.000,43,G2,0.39,1,-0.12
20880,696.000,60,C4,0.22,0,-0.24
20885,696.167,67,G4,0.22,0,-0.24
20890,696.333,64,E4,0.22,0,-0.24
20895,696.500,67,G4,0.22,0,-0.24
20900,696.667,60,C4,0.22,0,-0.24
20905,696.833,67,G4,0.22,0,-0.24
20910,697.000,64,E4,0.22,0,-0.24
20915,697.167,67,G4,0.22,0,-0.24
20920,697.333,60,C4,0.22,0,-0.24
20925,697.500,67,G4,0.22,0,-0.24
20930,697.667,64,E4,0.22,0,-0.24
20935,697.833,67,G4,0.22,0,-0.24
20880,696.000,0,C-1,0.1,2,0
20895,696.500,0,C-1,0.1,3,0
20910,697.000,0,C-1,0.1,2,0
20925,697.500,0,C-1,0.1,3,0
20940,698.000,77,F5,0.67,0,0.16
20955,698.500,79,G5,0.48,0,0.16
20970,699.000,81,A5,0.67,0,0.16
20985,699.500,77,F5,0.48,0,0.16
20940,698.000,41,F2,0.6,1,-0.12
20970,699.000,48,C3,0.39,1,-0.12
20940,698.000,65,F4,0.22,0,-0.24
20945,698.167,72,C5,0.22,0,-0.24
20950,698.333,69,A4,0.22,0,-0.24
20955,698.500,72,C5,0.22,0,-0.24
20960,698.667,65,F4,0.22,0,-0.24
20965,698.833,72,C5,0.22,0,-0.24
20970,699.000,69,A4,0.22,0,-0.24
20975,699.167,72,C5,0.22,0,-0.24
20980,699.333,65,F4,0.22,0,-0.24
20985,699.500,72,C5,0.22,0,-0.24
20990,699.667,69,A4,0.22,0,-0.24
20995,699.833,72,C5,0.22,0,-0.24
20940,698.000,0,C-1,0.1,2,0
20955,698.500,0,C-1,0.1,3,0
20970,699.000,0,C-1,0.1,2,0
20985,699.500,0,C-1,0.1,3,0
21000,700.000,79,G5,0.67,0,0.16
21015,700.500,77,F5,0.48,0,0.16
21030,701.000,74,D5,0.67,0,0.16
21045,701.500,79,G5,0.48,0,0.16
21000,700.000,43,G2,0.6,1,-0.12
21030,701.000,50,D3,0.39,1,-0.12
21000,700.000,67,G4,0.22,0,-0.24
21005,700.167,74,D5,0.22,0,-0.24
21010,700.333,71,B4,0.22,0,-0.24
21015,700.500,74,D5,0.22,0,-0.24
21020,700.667,67,G4,0.22,0,-0.24
21025,700.833,74,D5,0.22,0,-0.24
21030,701.000,71,B4,0.22,0,-0.24
21035,701.167,74,D5,0.22,0,-0.24
21040,701.333,67,G4,0.22,0,-0.24
21045,701.500,74,D5,0.22,0,-0.24
21050,701.667,71,B4,0.22,0,-0.24
21055,701.833,74,D5,0.22,0,-0.24
21000,700.000,0,C-1,0.1,2,0
21015,700.500,0,C-1,0.1,3,0
21030,701.000,0,C-1,0.1,2,0
21045,701.500,0,C-1,0.1,3,0
21060,702.000,76,E5,0.67,0,0.16
21060,702.000,88,E6,0.16,0,0.4
21075,702.500,74,D5,0.48,0,0.16
21075,702.500,86,D6,0.16,0,0.4
21090,703.000,72,C5,0.67,0,0.16
21090,703.000,84,C6,0.16,0,0.4
21105,703.500,72,C5,0.48,0,0.16
21105,703.500,84,C6,0.16,0,0.4
21060,702.000,36,C2,0.6,1,-0.12
21090,703.000,43,G2,0.39,1,-0.12
21060,702.000,60,C4,0.22,0,-0.24
21065,702.167,67,G4,0.22,0,-0.24
21070,702.333,64,E4,0.22,0,-0.24
21075,702.500,67,G4,0.22,0,-0.24
21080,702.667,60,C4,0.22,0,-0.24
21085,702.833,67,G4,0.22,0,-0.24
21090,703.000,64,E4,0.22,0,-0.24
21095,703.167,67,G4,0.22,0,-0.24
21100,703.333,60,C4,0.22,0,-0.24
21105,703.500,67,G4,0.22,0,-0.24
21110,703.667,64,E4,0.22,0,-0.24
21115,703.833,67,G4,0.22,0,-0.24
21060,702.000,0,C-1,0.1,2,0
21075,702.500,0,C-1,0.1,3,0
21090,703.000,0,C-1,0.1,2,0
21105,703.500,0,C-1,0.1,3,0
21120,704.000,76,E5,0.67,0,0.16
21135,704.500,74,D5,0.48,0,0.16
21150,705.000,72,C5,0.67,0,0.16
21165,705.500,76,E5,0.48,0,0.16
21120,704.000,36,C2,0.6,1,-0.12
21150,705.000,43,G2,0.39,1,-0.12
21120,704.000,60,C4,0.22,0,-0.24
21125,704.167,67,G4,0.22,0,-0.24
21130,704.333,64,E4,0.22,0,-0.24
21135,704.500,67,G4,0.22,0,-0.24
21140,704.667,60,C4,0.22,0,-0.24
21145,704.833,67,G4,0.22,0,-0.24
21150,705.000,64,E4,0.22,0,-0.24
21155,705.167,67,G4,0.22,0,-0.24
21160,705.333,60,C4,0.22,0,-0.24
21165,705.500,67,G4,0.22,0,-0.24
21170,705.667,64,E4,0.22,0,-0.24
21175,705.833,67,G4,0.22,0,-0.24
21120,704.000,0,C-1,0.1,2,0
21135,704.500,0,C-1,0.1,3,0
21150,705.000,0,C-1,0.1,2,0
21165,705.500,0,C-1,0.1,3,0
21180,706.000,77,F5,0.67,0,0.16
21195,706.500,76,E5,0.48,0,0.16
21210,707.000,74,D5,0.67,0,0.16
21225,707.500,72,C5,0.48,0,0.16
21180,706.000,41,F2,0.6,1,-0.12
21210,707.000,48,C3,0.39,1,-0.12
21180,706.000,65,F4,0.22,0,-0.24
21185,706.167,72,C5,0.22,0,-0.24
21190,706.333,69,A4,0.22,0,-0.24
21195,706.500,72,C5,0.22,0,-0.24
21200,706.667,65,F4,0.22,0,-0.24
21205,706.833,72,C5,0.22,0,-0.24
21210,707.000,69,A4,0.22,0,-0.24
21215,707.167,72,C5,0.22,0,-0.24
21220,707.333,65,F4,0.22,0,-0.24
21225,707.500,72,C5,0.22,0,-0.24
21230,707.667,69,A4,0.22,0,-0.24
21235,707.833,72,C5,0.22,0,-0.24
21180,706.000,0,C-1,0.1,2,0
21195,706.500,0,C-1,0.1,3,0
21210,707.000,0,C-1,0.1,2,0
21225,707.500,0,C-1,0.1,3,0
21240,708.000,74,D5,0.67,0,0.16
21255,708.500,76,E5,0.48,0,0.16
21270,709.000,74,D5,0.67,0,0.16
21285,709.500,79,G5,0.48,0,0.16
21240,708.000,43,G2,0.6,1,-0.12
21270,709.000,50,D3,0.39,1,-0.12
21240,708.000,67,G4,0.22,0,-0.24
21245,708.167,74,D5,0.22,0,-0.24
21250,708.333,71,B4,0.22,0,-0.24
21255,708.500,74,D5,0.22,0,-0.24
21260,708.667,67,G4,0.22,0,-0.24
21265,708.833,74,D5,0.22,0,-0.24
21270,709.000,71,B4,0.22,0,-0.24
21275,709.167,74,D5,0.22,0,-0.24
21280,709.333,67,G4,0.22,0,-0.24
21285,709.500,74,D5,0.22,0,-0.24
21290,709.667,71,B4,0.22,0,-0.24
21295,709.833,74,D5,0.22,0,-0.24
21240,708.000,0,C-1,0.1,2,0
21255,708.500,0,C-1,0.1,3,0
21270,709.000,0,C-1,0.1,2,0
21285,709.500,0,C-1,0.1,3,0
21300,710.000,76,E5,0.67,0,0.16
21300,710.000,88,E6,0.16,0,0.4
21315,710.500,74,D5,0.48,0,0.16
21315,710.500,86,D6,0.16,0,0.4
21330,711.000,72,C5,0.67,0,0.16
21330,711.000,84,C6,0.16,0,0.4
21345,711.500,72,C5,0.48,0,0.16
21345,711.500,84,C6,0.16,0,0.4
21300,710.000,36,C2,0.6,1,-0.12
21330,711.000,43,G2,0.39,1,-0.12
21300,710.000,60,C4,0.22,0,-0.24
21305,710.167,67,G4,0.22,0,-0.24
21310,710.333,64,E4,0.22,0,-0.24
21315,710.500,67,G4,0.22,0,-0.24
21320,710.667,60,C4,0.22,0,-0.24
21325,710.833,67,G4,0.22,0,-0.24
21330,711.000,64,E4,0.22,0,-0.24
21335,711.167,67,G4,0.22,0,-0.24
21340,711.333,60,C4,0.22,0,-0.24
21345,711.500,67,G4,0.22,0,-0.24
21350,711.667,64,E4,0.22,0,-0.24
21355,711.833,67,G4,0.22,0,-0.24
21300,710.000,0,C-1,0.1,2,0
21315,710.500,0,C-1,0.1,3,0
21330,711.000,0,C-1,0.1,2,0
21345,711.500,0,C-1,0.1,3,0
21360,712.000,79,G5,0.67,0,0.16
21375,712.500,76,E5,0.48,0,0.16
21390,713.000,74,D5,0.67,0,0.16
21405,713.500,72,C5,0.48,0,0.16
21360,712.000,36,C2,0.6,1,-0.12
21390,713.000,43,G2,0.39,1,-0.12
21360,712.000,60,C4,0.22,0,-0.24
21365,712.167,67,G4,0.22,0,-0.24
21370,712.333,64,E4,0.22,0,-0.24
21375,712.500,67,G4,0.22,0,-0.24
21380,712.667,60,C4,0.22,0,-0.24
21385,712.833,67,G4,0.22,0,-0.24
21390,713.000,64,E4,0.22,0,-0.24
21395,713.167,67,G4,0.22,0,-0.24
21400,713.333,60,C4,0.22,0,-0.24
21405,713.500,67,G4,0.22,0,-0.24
21410,713.667,64,E4,0.22,0,-0.24
21415,713.833,67,G4,0.22,0,-0.24
21360,712.000,0,C-1,0.1,2,0
21375,712.500,0,C-1,0.1,3,0
21390,713.000,0,C-1,0.1,2,0
21405,713.500,0,C-1,0.1,3,0
21420,714.000,77,F5,0.67,0,0.16
21435,714.500,79,G5,0.48,0,0.16
21450,715.000,81,A5,0.67,0,0.16
21465,715.500,77,F5,0.48,0,0.16
21420,714.000,41,F2,0.6,1,-0.12
21450,715.000,48,C3,0.39,1,-0.12
21420,714.000,65,F4,0.22,0,-0.24
21425,714.167,72,C5,0.22,0,-0.24
21430,714.333,69,A4,0.22,0,-0.24
21435,714.500,72,C5,0.22,0,-0.24
21440,714.667,65,F4,0.22,0,-0.24
21445,714.833,72,C5,0.22,0,-0.24
21450,715.000,69,A4,0.22,0,-0.24
21455,715.167,72,C5,0.22,0,-0.24
21460,715.333,65,F4,0.22,0,-0.24
21465,715.500,72,C5,0.22,0,-0.24
21470,715.667,69,A4,0.22,0,-0.24
21475,715.833,72,C5,0.22,0,-0.24
21420,714.000,0,C-1,0.1,2,0
21435,714.500,0,C-1,0.1,3,0
21450,715.000,0,C-1,0.1,2,0
21465,715.500,0,C-1,0.1,3,0
21480,716.000,79,G5,0.67,0,0.16
21495,716.500,77,F5,0.48,0,0.16
21510,717.000,74,D5,0.67,0,0.16
21525,717.500,79,G5,0.48,0,0.16
21480,716.000,43,G2,0.6,1,-0.12
21510,717.000,50,D3,0.39,1,-0.12
21480,716.000,67,G4,0.22,0,-0.24
21485,716.167,74,D5,0.22,0,-0.24
21490,716.333,71,B4,0.22,0,-0.24
21495,716.500,74,D5,0.22,0,-0.24
21500,716.667,67,G4,0.22,0,-0.24
21505,716.833,74,D5,0.22,0,-0.24
21510,717.000,71,B4,0.22,0,-0.24
21515,717.167,74,D5,0.22,0,-0.24
21520,717.333,67,G4,0.22,0,-0.24
21525,717.500,74,D5,0.22,0,-0.24
21530,717.667,71,B4,0.22,0,-0.24
21535,717.833,74,D5,0.22,0,-0.24
21480,716.000,0,C-1,0.1,2,0
21495,716.500,0,C-1,0.1,3,0
21510,717.000,0,C-1,0.1,2,0
21525,717.500,0,C-1,0.1,3,0
21540,718.000,76,E5,0.67,0,0.16
21540,718.000,88,E6,0.16,0,0.4
21555,718.500,74,D5,0.48,0,0.16
21555,718.500,86,D6,0.16,0,0.4
21570,719.000,72,C5,0.67,0,0.16
21570,719.000,84,C6,0.16,0,0.4
21585,719.500,72,C5,0.48,0,0.16
21585,719.500,84,C6,0.16,0,0.4
21540,718.000,36,C2,0.6,1,-0.12
21570,719.000,43,G2,0.39,1,-0.12
21540,718.000,60,C4,0.22,0,-0.24
21545,718.167,67,G4,0.22,0,-0.24
21550,718.333,64,E4,0.22,0,-0.24
21555,718.500,67,G4,0.22,0,-0.24
21560,718.667,60,C4,0.22,0,-0.24
21565,718.833,67,G4,0.22,0,-0.24
21570,719.000,64,E4,0.22,0,-0.24
21575,719.167,67,G4,0.22,0,-0.24
21580,719.333,60,C4,0.22,0,-0.24
21585,719.500,67,G4,0.22,0,-0.24
21590,719.667,64,E4,0.22,0,-0.24
21595,719.833,67,G4,0.22,0,-0.24
21540,718.000,0,C-1,0.1,2,0
21555,718.500,0,C-1,0.1,3,0
21570,719.000,0,C-1,0.1,2,0
21585,719.500,0,C-1,0.1,3,0
21600,720.000,76,E5,0.67,0,0.16
21615,720.500,74,D5,0.48,0,0.16
21630,721.000,72,C5,0.67,0,0.16
21645,721.500,76,E5,0.48,0,0.16
21600,720.000,36,C2,0.6,1,-0.12
21630,721.000,43,G2,0.39,1,-0.12
21600,720.000,60,C4,0.22,0,-0.24
21605,720.167,67,G4,0.22,0,-0.24
21610,720.333,64,E4,0.22,0,-0.24
21615,720.500,67,G4,0.22,0,-0.24
21620,720.667,60,C4,0.22,0,-0.24
21625,720.833,67,G4,0.22,0,-0.24
21630,721.000,64,E4,0.22,0,-0.24
21635,721.167,67,G4,0.22,0,-0.24
21640,721.333,60,C4,0.22,0,-0.24
21645,721.500,67,G4,0.22,0,-0.24
21650,721.667,64,E4,0.22,0,-0.24
21655,721.833,67,G4,0.22,0,-0.24
21600,720.000,0,C-1,0.1,2,0
21615,720.500,0,C-1,0.1,3,0
21630,721.000,0,C-1,0.1,2,0
21645,721.500,0,C-1,0.1,3,0
21660,722.000,77,F5,0.67,0,0.16
21675,722.500,76,E5,0.48,0,0.16
21690,723.000,74,D5,0.67,0,0.16
21705,723.500,72,C5,0.48,0,0.16
21660,722.000,41,F2,0.6,1,-0.12
21690,723.000,48,C3,0.39,1,-0.12
21660,722.000,65,F4,0.22,0,-0.24
21665,722.167,72,C5,0.22,0,-0.24
21670,722.333,69,A4,0.22,0,-0.24
21675,722.500,72,C5,0.22,0,-0.24
21680,722.667,65,F4,0.22,0,-0.24
21685,722.833,72,C5,0.22,0,-0.24
21690,723.000,69,A4,0.22,0,-0.24
21695,723.167,72,C5,0.22,0,-0.24
21700,723.333,65,F4,0.22,0,-0.24
21705,723.500,72,C5,0.22,0,-0.24
21710,723.667,69,A4,0.22,0,-0.24
21715,723.833,72,C5,0.22,0,-0.24
21660,722.000,0,C-1,0.1,2,0
21675,722.500,0,C-1,0.1,3,0
21690,723.000,0,C-1,0.1,2,0
21705,723.500,0,C-1,0.1,3,0
21720,724.000,74,D5,0.67,0,0.16
21735,724.500,76,E5,0.48,0,0.16
21750,725.000,74,D5,0.67,0,0.16
21765,725.500,79,G5,0.48,0,0.16
21720,724.000,43,G2,0.6,1,-0.12
21750,725.000,50,D3,0.39,1,-0.12
21720,724.000,67,G4,0.22,0,-0.24
21725,724.167,74,D5,0.22,0,-0.24
21730,724.333,71,B4,0.22,0,-0.24
21735,724.500,74,D5,0.22,0,-0.24
21740,724.667,67,G4,0.22,0,-0.24
21745,724.833,74,D5,0.22,0,-0.24
21750,725.000,71,B4,0.22,0,-0.24
21755,725.167,74,D5,0.22,0,-0.24
21760,725.333,67,G4,0.22,0,-0.24
21765,725.500,74,D5,0.22,0,-0.24
21770,725.667,71,B4,0.22,0,-0.24
21775,725.833,74,D5,0.22,0,-0.24
21720,724.000,0,C-1,0.1,2,0
21735,724.500,0,C-1,0.1,3,0
21750,725.000,0,C-1,0.1,2,0
21765,725.500,0,C-1,0.1,3,0
21780,726.000,76,E5,0.67,0,0.16
21780,726.000,88,E6,0.16,0,0.4
21795,726.500,74,D5,0.48,0,0.16
21795,726.500,86,D6,0.16,0,0.4
21810,727.000,72,C5,0.67,0,0.16
21810,727.000,84,C6,0.16,0,0.4
21825,727.500,72,C5,0.48,0,0.16
21825,727.500,84,C6,0.16,0,0.4
21780,726.000,36,C2,0.6,1,-0.12
21810,727.000,43,G2,0.39,1,-0.12
21780,726.000,60,C4,0.22,0,-0.24
21785,726.167,67,G4,0.22,0,-0.24
21790,726.333,64,E4,0.22,0,-0.24
21795,726.500,67,G4,0.22,0,-0.24
21800,726.667,60,C4,0.22,0,-0.24
21805,726.833,67,G4,0.22,0,-0.24
21810,727.000,64,E4,0.22,0,-0.24
21815,727.167,67,G4,0.22,0,-0.24
21820,727.333,60,C4,0.22,0,-0.24
21825,727.500,67,G4,0.22,0,-0.24
21830,727.667,64,E4,0.22,0,-0.24
21835,727.833,67,G4,0.22,0,-0.24
21780,726.000,0,C-1,0.1,2,0
21795,726.500,0,C-1,0.1,3,0
21810,727.000,0,C-1,0.1,2,0
21825,727.500,0,C-1,0.1,3,0
21840,728.000,79,G5,0.67,0,0.16
21855,728.500,76,E5,0.48,0,0.16
21870,729.000,74,D5,0.67,0,0.16
21885,729.500,72,C5,0.48,0,0.16
21840,728.000,36,C2,0.6,1,-0.12
21870,729.000,43,G2,0.39,1,-0.12
21840,728.000,60,C4,0.22,0,-0.24
21845,728.167,67,G4,0.22,0,-0.24
21850,728.333,64,E4,0.22,0,-0.24
21855,728.500,67,G4,0.22,0,-0.24
21860,728.667,60,C4,0.22,0,-0.24
21865,728.833,67,G4,0.22,0,-0.24
21870,729.000,64,E4,0.22,0,-0.24
21875,729.167,67,G4,0.22,0,-0.24
21880,729.333,60,C4,0.22,0,-0.24
21885,729.500,67,G4,0.22,0,-0.24
21890,729.667,64,E4,0.22,0,-0.24
21895,729.833,67,G4,0.22,0,-0.24
21840,728.000,0,C-1,0.1,2,0
21855,728.500,0,C-1,0.1,3,0
21870,729.000,0,C-1,0.1,2,0
21885,729.500,0,C-1,0.1,3,0
21900,730.000,77,F5,0.67,0,0.16
21915,730.500,79,G5,0.48,0,0.16
21930,731.000,81,A5,0.67,0,0.16
21945,731.500,77,F5,0.48,0,0.16
21900,730.000,41,F2,0.6,1,-0.12
21930,731.000,48,C3,0.39,1,-0.12
21900,730.000,65,F4,0.22,0,-0.24
21905,730.167,72,C5,0.22,0,-0.24
21910,730.333,69,A4,0.22,0,-0.24
21915,730.500,72,C5,0.22,0,-0.24
21920,730.667,65,F4,0.22,0,-0.24
21925,730.833,72,C5,0.22,0,-0.24
21930,731.000,69,A4,0.22,0,-0.24
21935,731.167,72,C5,0.22,0,-0.24
21940,731.333,65,F4,0.22,0,-0.24
21945,731.500,72,C5,0.22,0,-0.24
21950,731.667,69,A4,0.22,0,-0.24
21955,731.833,72,C5,0.22,0,-0.24
21900,730.000,0,C-1,0.1,2,0
21915,730.500,0,C-1,0.1,3,0
21930,731.000,0,C-1,0.1,2,0
21945,731.500,0,C-1,0.1,3,0
21960,732.000,79,G5,0.67,0,0.16
21975,732.500,77,F5,0.48,0,0.16
21990,733.000,74,D5,0.67,0,0.16
22005,733.500,79,G5,0.48,0,0.16
21960,732.000,43,G2,0.6,1,-0.12
21990,733.000,50,D3,0.39,1,-0.12
21960,732.000,67,G4,0.22,0,-0.24
21965,732.167,74,D5,0.22,0,-0.24
21970,732.333,71,B4,0.22,0,-0.24
21975,732.500,74,D5,0.22,0,-0.24
21980,732.667,67,G4,0.22,0,-0.24
21985,732.833,74,D5,0.22,0,-0.24
21990,733.000,71,B4,0.22,0,-0.24
21995,733.167,74,D5,0.22,0,-0.24
22000,733.333,67,G4,0.22,0,-0.24
22005,733.500,74,D5,0.22,0,-0.24
22010,733.667,71,B4,0.22,0,-0.24
22015,733.833,74,D5,0.22,0,-0.24
21960,732.000,0,C-1,0.1,2,0
21975,732.500,0,C-1,0.1,3,0
21990,733.000,0,C-1,0.1,2,0
22005,733.500,0,C-1,0.1,3,0
22020,734.000,76,E5,0.67,0,0.16
22020,734.000,88,E6,0.16,0,0.4
22035,734.500,74,D5,0.48,0,0.16
22035,734.500,86,D6,0.16,0,0.4
22050,735.000,72,C5,0.67,0,0.16
22050,735.000,84,C6,0.16,0,0.4
22065,735.500,72,C5,0.48,0,0.16
22065,735.500,84,C6,0.16,0,0.4
22020,734.000,36,C2,0.6,1,-0.12
22050,735.000,43,G2,0.39,1,-0.12
22020,734.000,60,C4,0.22,0,-0.24
22025,734.167,67,G4,0.22,0,-0.24
22030,734.333,64,E4,0.22,0,-0.24
22035,734.500,67,G4,0.22,0,-0.24
22040,734.667,60,C4,0.22,0,-0.24
22045,734.833,67,G4,0.22,0,-0.24
22050,735.000,64,E4,0.22,0,-0.24
22055,735.167,67,G4,0.22,0,-0.24
22060,735.333,60,C4,0.22,0,-0.24
22065,735.500,67,G4,0.22,0,-0.24
22070,735.667,64,E4,0.22,0,-0.24
22075,735.833,67,G4,0.22,0,-0.24
22020,734.000,0,C-1,0.1,2,0
22035,734.500,0,C-1,0.1,3,0
22050,735.000,0,C-1,0.1,2,0
22065,735.500,0,C-1,0.1,3,0
22080,736.000,76,E5,0.67,0,0.16
22095,736.500,74,D5,0.48,0,0.16
22110,737.000,72,C5,0.67,0,0.16
22125,737.500,76,E5,0.48,0,0.16
22080,736.000,36,C2,0.6,1,-0.12
22110,737.000,43,G2,0.39,1,-0.12
22080,736.000,60,C4,0.22,0,-0.24
22085,736.167,67,G4,0.22,0,-0.24
22090,736.333,64,E4,0.22,0,-0.24
22095,736.500,67,G4,0.22,0,-0.24
22100,736.667,60,C4,0.22,0,-0.24
22105,736.833,67,G4,0.22,0,-0.24
22110,737.000,64,E4,0.22,0,-0.24
22115,737.167,67,G4,0.22,0,-0.24
22120,737.333,60,C4,0.22,0,-0.24
22125,737.500,67,G4,0.22,0,-0.24
22130,737.667,64,E4,0.22,0,-0.24
22135,737.833,67,G4,0.22,0,-0.24
22080,736.000,0,C-1,0.1,2,0
22095,736.500,0,C-1,0.1,3,0
22110,737.000,0,C-1,0.1,2,0
22125,737.500,0,C-1,0.1,3,0
22140,738.000,77,F5,0.67,0,0.16
22155,738.500,76,E5,0.48,0,0.16
22170,739.000,74,D5,0.67,0,0.16
22185,739.500,72,C5,0.48,0,0.16
22140,738.000,41,F2,0.6,1,-0.12
22170,739.000,48,C3,0.39,1,-0.12
22140,738.000,65,F4,0.22,0,-0.24
22145,738.167,72,C5,0.22,0,-0.24
22150,738.333,69,A4,0.22,0,-0.24
22155,738.500,72,C5,0.22,0,-0.24
22160,738.667,65,F4,0.22,0,-0.24
22165,738.833,72,C5,0.22,0,-0.24
22170,739.000,69,A4,0.22,0,-0.24
22175,739.167,72,C5,0.22,0,-0.24
22180,739.333,65,F4,0.22,0,-0.24
22185,739.500,72,C5,0.22,0,-0.24
22190,739.667,69,A4,0.22,0,-0.24
22195,739.833,72,C5,0.22,0,-0.24
22140,738.000,0,C-1,0.1,2,0
22155,738.500,0,C-1,0.1,3,0
22170,739.000,0,C-1,0.1,2,0
22185,739.500,0,C-1,0.1,3,0
22200,740.000,74,D5,0.67,0,0.16
22215,740.500,76,E5,0.48,0,0.16
22230,741.000,74,D5,0.67,0,0.16
22245,741.500,79,G5,0.48,0,0.16
22200,740.000,43,G2,0.6,1,-0.12
22230,741.000,50,D3,0.39,1,-0.12
22200,740.000,67,G4,0.22,0,-0.24
22205,740.167,74,D5,0.22,0,-0.24
22210,740.333,71,B4,0.22,0,-0.24
22215,740.500,74,D5,0.22,0,-0.24
22220,740.667,67,G4,0.22,0,-0.24
22225,740.833,74,D5,0.22,0,-0.24
22230,741.000,71,B4,0.22,0,-0.24
22235,741.167,74,D5,0.22,0,-0.24
22240,741.333,67,G4,0.22,0,-0.24
22245,741.500,74,D5,0.22,0,-0.24
22250,741.667,71,B4,0.22,0,-0.24
22255,741.833,74,D5,0.22,0,-0.24
22200,740.000,0,C-1,0.1,2,0
22215,740.500,0,C-1,0.1,3,0
22230,741.000,0,C-1,0.1,2,0
22245,741.500,0,C-1,0.1,3,0
22260,742.000,76,E5,0.67,0,0.16
22260,742.000,88,E6,0.16,0,0.4
22275,742.500,74,D5,0.48,0,0.16
22275,742.500,86,D6,0.16,0,0.4
22290,743.000,72,C5,0.67,0,0.16
22290,743.000,84,C6,0.16,0,0.4
22305,743.500,72,C5,0.48,0,0.16
22305,743.500,84,C6,0.16,0,0.4
22260,742.000,36,C2,0.6,1,-0.12
22290,743.000,43,G2,0.39,1,-0.12
22260,742.000,60,C4,0.22,0,-0.24
22265,742.167,67,G4,0.22,0,-0.24
22270,742.333,64,E4,0.22,0,-0.24
22275,742.500,67,G4,0.22,0,-0.24
22280,742.667,60,C4,0.22,0,-0.24
22285,742.833,67,G4,0.22,0,-0.24
22290,743.000,64,E4,0.22,0,-0.24
22295,743.167,67,G4,0.22,0,-0.24
22300,743.333,60,C4,0.22,0,-0.24
22305,743.500,67,G4,0.22,0,-0.24
22310,743.667,64,E4,0.22,0,-0.24
22315,743.833,67,G4,0.22,0,-0.24
22260,742.000,0,C-1,0.1,2,0
22275,742.500,0,C-1,0.1,3,0
22290,743.000,0,C-1,0.1,2,0
22305,743.500,0,C-1,0.1,3,0
22320,744.000,79,G5,0.67,0,0.16
22335,744.500,76,E5,0.48,0,0.16
22350,745.000,74,D5,0.67,0,0.16
22365,745.500,72,C5,0.48,0,0.16
22320,744.000,36,C2,0.6,1,-0.12
22350,745.000,43,G2,0.39,1,-0.12
22320,744.000,60,C4,0.22,0,-0.24
22325,744.167,67,G4,0.22,0,-0.24
22330,744.333,64,E4,0.22,0,-0.24
22335,744.500,67,G4,0.22,0,-0.24
22340,744.667,60,C4,0.22,0,-0.24
22345,744.833,67,G4,0.22,0,-0.24
22350,745.000,64,E4,0.22,0,-0.24
22355,745.167,67,G4,0.22,0,-0.24
22360,745.333,60,C4,0.22,0,-0.24
22365,745.500,67,G4,0.22,0,-0.24
22370,745.667,64,E4,0.22,0,-0.24
22375,745.833,67,G4,0.22,0,-0.24
22320,744.000,0,C-1,0.1,2,0
22335,744.500,0,C-1,0.1,3,0
22350,745.000,0,C-1,0.1,2,0
22365,745.500,0,C-1,0.1,3,0
22380,746.000,77,F5,0.67,0,0.16
22395,746.500,79,G5,0.48,0,0.16
22410,747.000,81,A5,0.67,0,0.16
22425,747.500,77,F5,0.48,0,0.16
22380,746.000,41,F2,0.6,1,-0.12
22410,747.000,48,C3,0.39,1,-0.12
22380,746.000,65,F4,0.22,0,-0.24
22385,746.167,72,C5,0.22,0,-0.24
22390,746.333,69,A4,0.22,0,-0.24
22395,746.500,72,C5,0.22,0,-0.24
22400,746.667,65,F4,0.22,0,-0.24
22405,746.833,72,C5,0.22,0,-0.24
22410,747.000,69,A4,0.22,0,-0.24
22415,747.167,72,C5,0.22,0,-0.24
22420,747.333,65,F4,0.22,0,-0.24
22425,747.500,72,C5,0.22,0,-0.24
22430,747.667,69,A4,0.22,0,-0.24
22435,747.833,72,C5,0.22,0,-0.24
22380,746.000,0,C-1,0.1,2,0
22395,746.500,0,C-1,0.1,3,0
22410,747.000,0,C-1,0.1,2,0
22425,747.500,0,C-1,0.1,3,0
22440,748.000,79,G5,0.67,0,0.16
22455,748.500,77,F5,0.48,0,0.16
22470,749.000,74,D5,0.67,0,0.16
22485,749.500,79,G5,0.48,0,0.16
22440,748.000,43,G2,0.6,1,-0.12
22470,749.000,50,D3,0.39,1,-0.12
22440,748.000,67,G4,0.22,0,-0.24
22445,748.167,74,D5,0.22,0,-0.24
22450,748.333,71,B4,0.22,0,-0.24
22455,748.500,74,D5,0.22,0,-0.24
22460,748.667,67,G4,0.22,0,-0.24
22465,748.833,74,D5,0.22,0,-0.24
22470,749.000,71,B4,0.22,0,-0.24
22475,749.167,74,D5,0.22,0,-0.24
22480,749.333,67,G4,0.22,0,-0.24
22485,749.500,74,D5,0.22,0,-0.24
22490,749.667,71,B4,0.22,0,-0.24
22495,749.833,74,D5,0.22,0,-0.24
22440,748.000,0,C-1,0.1,2,0
22455,748.500,0,C-1,0.1,3,0
22470,749.000,0,C-1,0.1,2,0
22485,749.500,0,C-1,0.1,3,0
22500,750.000,76,E5,0.67,0,0.16
22500,750.000,88,E6,0.16,0,0.4
22515,750.500,74,D5,0.48,0,0.16
22515,750.500,86,D6,0.16,0,0.4
22530,751.000,72,C5,0.67,0,0.16
22530,751.000,84,C6,0.16,0,0.4
22545,751.500,72,C5,0.48,0,0.16
22545,751.500,84,C6,0.16,0,0.4
22500,750.000,36,C2,0.6,1,-0.12
22530,751.000,43,G2,0.39,1,-0.12
22500,750.000,60,C4,0.22,0,-0.24
22505,750.167,67,G4,0.22,0,-0.24
22510,750.333,64,E4,0.22,0,-0.24
22515,750.500,67,G4,0.22,0,-0.24
22520,750.667,60,C4,0.22,0,-0.24
22525,750.833,67,G4,0.22,0,-0.24
22530,751.000,64,E4,0.22,0,-0.24
22535,751.167,67,G4,0.22,0,-0.24
22540,751.333,60,C4,0.22,0,-0.24
22545,751.500,67,G4,0.22,0,-0.24
22550,751.667,64,E4,0.22,0,-0.24
22555,751.833,67,G4,0.22,0,-0.24
22500,750.000,0,C-1,0.1,2,0
22515,750.500,0,C-1,0.1,3,0
22530,751.000,0,C-1,0.1,2,0
22545,751.500,0,C-1,0.1,3,0
22560,752.000,76,E5,0.67,0,0.16
22575,752.500,74,D5,0.48,0,0.16
22590,753.000,72,C5,0.67,0,0.16
22605,753.500,76,E5,0.48,0,0.16
22560,752.000,36,C2,0.6,1,-0.12
22590,753.000,43,G2,0.39,1,-0.12
22560,752.000,60,C4,0.22,0,-0.24
22565,752.167,67,G4,0.22,0,-0.24
22570,752.333,64,E4,0.22,0,-0.24
22575,752.500,67,G4,0.22,0,-0.24
22580,752.667,60,C4,0.22,0,-0.24
22585,752.833,67,G4,0.22,0,-0.24
22590,753.000,64,E4,0.22,0,-0.24
22595,753.167,67,G4,0.22,0,-0.24
22600,753.333,60,C4,0.22,0,-0.24
22605,753.500,67,G4,0.22,0,-0.24
22610,753.667,64,E4,0.22,0,-0.24
22615,753.833,67,G4,0.22,0,-0.24
22560,752.000,0,C-1,0.1,2,0
22575,752.500,0,C-1,0.1,3,0
22590,753.000,0,C-1,0.1,2,0
22605,753.500,0,C-1,0.1,3,0
22620,754.000,77,F5,0.67,0,0.16
22635,754.500,76,E5,0.48,0,0.16
22650,755.000,74,D5,0.67,0,0.16
22665,755.500,72,C5,0.48,0,0.16
22620,754.000,41,F2,0.6,1,-0.12
22650,755.000,48,C3,0.39,1,-0.12
22620,754.000,65,F4,0.22,0,-0.24
22625,754.167,72,C5,0.22,0,-0.24
22630,754.333,69,A4,0.22,0,-0.24
22635,754.500,72,C5,0.22,0,-0.24
22640,754.667,65,F4,0.22,0,-0.24
22645,754.833,72,C5,0.22,0,-0.24
22650,755.000,69,A4,0.22,0,-0.24
22655,755.167,72,C5,0.22,0,-0.24
22660,755.333,65,F4,0.22,0,-0.24
22665,755.500,72,C5,0.22,0,-0.24
22670,755.667,69,A4,0.22,0,-0.24
22675,755.833,72,C5,0.22,0,-0.24
22620,754.000,0,C-1,0.1,2,0
22635,754.500,0,C-1,0.1,3,0
22650,755.000,0,C-1,0.1,2,0
22665,755.500,0,C-1,0.1,3,0
22680,756.000,74,D5,0.67,0,0.16
22695,756.500,76,E5,0.48,0,0.16
22710,757.000,74,D5,0.67,0,0.16
22725,757.500,79,G5,0.48,0,0.16
22680,756.000,43,G2,0.6,1,-0.12
22710,757.000,50,D3,0.39,1,-0.12
22680,756.000,67,G4,0.22,0,-0.24
22685,756.167,74,D5,0.22,0,-0.24
22690,756.333,71,B4,0.22,0,-0.24
22695,756.500,74,D5,0.22,0,-0.24
22700,756.667,67,G4,0.22,0,-0.24
22705,756.833,74,D5,0.22,0,-0.24
22710,757.000,71,B4,0.22,0,-0.24
22715,757.167,74,D5,0.22,0,-0.24
22720,757.333,67,G4,0.22,0,-0.24
22725,757.500,74,D5,0.22,0,-0.24
22730,757.667,71,B4,0.22,0,-0.24
22735,757.833,74,D5,0.22,0,-0.24
22680,756.000,0,C-1,0.1,2,0
22695,756.500,0,C-1,0.1,3,0
22710,757.000,0,C-1,0.1,2,0
22725,757.500,0,C-1,0.1,3,0
22740,758.000,76,E5,0.67,0,0.16
22740,758.000,88,E6,0.16,0,0.4
22755,758.500,74,D5,0.48,0,0.16
22755,758.500,86,D6,0.16,0,0.4
22770,759.000,72,C5,0.67,0,0.16
22770,759.000,84,C6,0.16,0,0.4
22785,759.500,72,C5,0.48,0,0.16
22785,759.500,84,C6,0.16,0,0.4
22740,758.000,36,C2,0.6,1,-0.12
22770,759.000,43,G2,0.39,1,-0.12
22740,758.000,60,C4,0.22,0,-0.24
22745,758.167,67,G4,0.22,0,-0.24
22750,758.333,64,E4,0.22,0,-0.24
22755,758.500,67,G4,0.22,0,-0.24
22760,758.667,60,C4,0.22,0,-0.24
22765,758.833,67,G4,0.22,0,-0.24
22770,759.000,64,E4,0.22,0,-0.24
22775,759.167,67,G4,0.22,0,-0.24
22780,759.333,60,C4,0.22,0,-0.24
22785,759.500,67,G4,0.22,0,-0.24
22790,759.667,64,E4,0.22,0,-0.24
22795,759.833,67,G4,0.22,0,-0.24
22740,758.000,0,C-1,0.1,2,0
22755,758.500,0,C-1,0.1,3,0
22770,759.000,0,C-1,0.1,2,0
22785,759.500,0,C-1,0.1,3,0
22800,760.000,79,G5,0.67,0,0.16
22815,760.500,76,E5,0.48,0,0.16
22830,761.000,74,D5,0.67,0,0.16
22845,761.500,72,C5,0.48,0,0.16
22800,760.000,36,C2,0.6,1,-0.12
22830,761.000,43,G2,0.39,1,-0.12
22800,760.000,60,C4,0.22,0,-0.24
22805,760.167,67,G4,0.22,0,-0.24
22810,760.333,64,E4,0.22,0,-0.24
22815,760.500,67,G4,0.22,0,-0.24
22820,760.667,60,C4,0.22,0,-0.24
22825,760.833,67,G4,0.22,0,-0.24
22830,761.000,64,E4,0.22,0,-0.24
22835,761.167,67,G4,0.22,0,-0.24
22840,761.333,60,C4,0.22,0,-0.24
22845,761.500,67,G4,0.22,0,-0.24
22850,761.667,64,E4,0.22,0,-0.24
22855,761.833,67,G4,0.22,0,-0.24
22800,760.000,0,C-1,0.1,2,0
22815,760.500,0,C-1,0.1,3,0
22830,761.000,0,C-1,0.1,2,0
22845,761.500,0,C-1,0.1,3,0
22860,762.000,77,F5,0.67,0,0.16
22875,762.500,79,G5,0.48,0,0.16
22890,763.000,81,A5,0.67,0,0.16
22905,763.500,77,F5,0.48,0,0.16
22860,762.000,41,F2,0.6,1,-0.12
22890,763.000,48,C3,0.39,1,-0.12
22860,762.000,65,F4,0.22,0,-0.24
22865,762.167,72,C5,0.22,0,-0.24
22870,762.333,69,A4,0.22,0,-0.24
22875,762.500,72,C5,0.22,0,-0.24
22880,762.667,65,F4,0.22,0,-0.24
22885,762.833,72,C5,0.22,0,-0.24
22890,763.000,69,A4,0.22,0,-0.24
22895,763.167,72,C5,0.22,0,-0.24
22900,763.333,65,F4,0.22,0,-0.24
22905,763.500,72,C5,0.22,0,-0.24
22910,763.667,69,A4,0.22,0,-0.24
22915,763.833,72,C5,0.22,0,-0.24
22860,762.000,0,C-1,0.1,2,0
22875,762.500,0,C-1,0.1,3,0
22890,763.000,0,C-1,0.1,2,0
22905,763.500,0,C-1,0.1,3,0
22920,764.000,79,G5,0.67,0,0.16
22935,764.500,77,F5,0.48,0,0.16
22950,765.000,74,D5,0.67,0,0.16
22965,765.500,79,G5,0.48,0,0.16
22920,764.000,43,G2,0.6,1,-0.12
22950,765.000,50,D3,0.39,1,-0.12
22920,764.000,67,G4,0.22,0,-0.24
22925,764.167,74,D5,0.22,0,-0.24
22930,764.333,71,B4,0.22,0,-0.24
22935,764.500,74,D5,0.22,0,-0.24
22940,764.667,67,G4,0.22,0,-0.24
22945,764.833,74,D5,0.22,0,-0.24
22950,765.000,71,B4,0.22,0,-0.24
22955,765.167,74,D5,0.22,0,-0.24
22960,765.333,67,G4,0.22,0,-0.24
22965,765.500,74,D5,0.22,0,-0.24
22970,765.667,71,B4,0.22,0,-0.24
22975,765.833,74,D5,0.22,0,-0.24
22920,764.000,0,C-1,0.1,2,0
22935,764.500,0,C-1,0.1,3,0
22950,765.000,0,C-1,0.1,2,0
22965,765.500,0,C-1,0.1,3,0
22980,766.000,76,E5,0.67,0,0.16
22980,766.000,88,E6,0.16,0,0.4
22995,766.500,74,D5,0.48,0,0.16
22995,766.500,86,D6,0.16,0,0.4
23010,767.000,72,C5,0.67,0,0.16
23010,767.000,84,C6,0.16,0,0.4
23025,767.500,72,C5,0.48,0,0.16
23025,767.500,84,C6,0.16,0,0.4
22980,766.000,36,C2,0.6,1,-0.12
23010,767.000,43,G2,0.39,1,-0.12
22980,766.000,60,C4,0.22,0,-0.24
22985,766.167,67,G4,0.22,0,-0.24
22990,766.333,64,E4,0.22,0,-0.24
22995,766.500,67,G4,0.22,0,-0.24
23000,766.667,60,C4,0.22,0,-0.24
23005,766.833,67,G4,0.22,0,-0.24
23010,767.000,64,E4,0.22,0,-0.24
23015,767.167,67,G4,0.22,0,-0.24
23020,767.333,60,C4,0.22,0,-0.24
23025,767.500,67,G4,0.22,0,-0.24
23030,767.667,64,E4,0.22,0,-0.24
23035,767.833,67,G4,0.22,0,-0.24
22980,766.000,0,C-1,0.1,2,0
22995,766.500,0,C-1,0.1,3,0
23010,767.000,0,C-1,0.1,2,0
23025,767.500,0,C-1,0.1,3,0
23040,768.000,76,E5,0.67,0,0.16
23055,768.500,74,D5,0.48,0,0.16
23070,769.000,72,C5,0.67,0,0.16
23085,769.500,76,E5,0.48,0,0.16
23040,768.000,36,C2,0.6,1,-0.12
23070,769.000,43,G2,0.39,1,-0.12
23040,768.000,60,C4,0.22,0,-0.24
23045,768.167,67,G4,0.22,0,-0.24
23050,768.333,64,E4,0.22,0,-0.24
23055,768.500,67,G4,0.22,0,-0.24
23060,768.667,60,C4,0.22,0,-0.24
23065,768.833,67,G4,0.22,0,-0.24
23070,769.000,64,E4,0.22,0,-0.24
23075,769.167,67,G4,0.22,0,-0.24
23080,769.333,60,C4,0.22,0,-0.24
23085,769.500,67,G4,0.22,0,-0.24
23090,769.667,64,E4,0.22,0,-0.24
23095,769.833,67,G4,0.22,0,-0.24
23040,768.000,0,C-1,0.1,2,0
23055,768.500,0,C-1,0.1,3,0
23070,769.000,0,C-1,0.1,2,0
23085,769.500,0,C-1,0.1,3,0
23100,770.000,77,F5,0.67,0,0.16
23115,770.500,76,E5,0.48,0,0.16
23130,771.000,74,D5,0.67,0,0.16
23145,771.500,72,C5,0.48,0,0.16
23100,770.000,41,F2,0.6,1,-0.12
23130,771.000,48,C3,0.39,1,-0.12
23100,770.000,65,F4,0.22,0,-0.24
23105,770.167,72,C5,0.22,0,-0.24
23110,770.333,69,A4,0.22,0,-0.24
23115,770.500,72,C5,0.22,0,-0.24
23120,770.667,65,F4,0.22,0,-0.24
23125,770.833,72,C5,0.22,0,-0.24
23130,771.000,69,A4,0.22,0,-0.24
23135,771.167,72,C5,0.22,0,-0.24
23140,771.333,65,F4,0.22,0,-0.24
23145,771.500,72,C5,0.22,0,-0.24
23150,771.667,69,A4,0.22,0,-0.24
23155,771.833,72,C5,0.22,0,-0.24
23100,770.000,0,C-1,0.1,2,0
23115,770.500,0,C-1,0.1,3,0
23130,771.000,0,C-1,0.1,2,0
23145,771.500,0,C-1,0.1,3,0
23160,772.000,74,D5,0.67,0,0.16
23175,772.500,76,E5,0.48,0,0.16
23190,773.000,74,D5,0.67,0,0.16
23205,773.500,79,G5,0.48,0,0.16
23160,772.000,43,G2,0.6,1,-0.12
23190,773.000,50,D3,0.39,1,-0.12
23160,772.000,67,G4,0.22,0,-0.24
23165,772.167,74,D5,0.22,0,-0.24
23170,772.333,71,B4,0.22,0,-0.24
23175,772.500,74,D5,0.22,0,-0.24
23180,772.667,67,G4,0.22,0,-0.24
23185,772.833,74,D5,0.22,0,-0.24
23190,773.000,71,B4,0.22,0,-0.24
23195,773.167,74,D5,0.22,0,-0.24
23200,773.333,67,G4,0.22,0,-0.24
23205,773.500,74,D5,0.22,0,-0.24
23210,773.667,71,B4,0.22,0,-0.24
23215,773.833,74,D5,0.22,0,-0.24
23160,772.000,0,C-1,0.1,2,0
23175,772.500,0,C-1,0.1,3,0
23190,773.000,0,C-1,0.1,2,0
23205,773.500,0,C-1,0.1,3,0
23220,774.000,76,E5,0.67,0,0.16
23220,774.000,88,E6,0.16,0,0.4
23235,774.500,74,D5,0.48,0,0.16
23235,774.500,86,D6,0.16,0,0.4
23250,775.000,72,C5,0.67,0,0.16
23250,775.000,84,C6,0.16,0,0.4
23265,775.500,72,C5,0.48,0,0.16
23265,775.500,84,C6,0.16,0,0.4
23220,774.000,36,C2,0.6,1,-0.12
23250,775.000,43,G2,0.39,1,-0.12
23220,774.000,60,C4,0.22,0,-0.24
23225,774.167,67,G4,0.22,0,-0.24
23230,774.333,64,E4,0.22,0,-0.24
23235,774.500,67,G4,0.22,0,-0.24
23240,774.667,60,C4,0.22,0,-0.24
23245,774.833,67,G4,0.22,0,-0.24
23250,775.000,64,E4,0.22,0,-0.24
23255,775.167,67,G4,0.22,0,-0.24
23260,775.333,60,C4,0.22,0,-0.24
23265,775.500,67,G4,0.22,0,-0.24
23270,775.667,64,E4,0.22,0,-0.24
23275,775.833,67,G4,0.22,0,-0.24
23220,774.000,0,C-1,0.1,2,0
23235,774.500,0,C-1,0.1,3,0
23250,775.000,0,C-1,0.1,2,0
23265,775.500,0,C-1,0.1,3,0
23280,776.000,79,G5,0.67,0,0.16
23295,776.500,76,E5,0.48,0,0.16
23310,777.000,74,D5,0.67,0,0.16
23325,777.500,72,C5,0.48,0,0.16
23280,776.000,36,C2,0.6,1,-0.12
23310,777.000,43,G2,0.39,1,-0.12
23280,776.000,60,C4,0.22,0,-0.24
23285,776.167,67,G4,0.22,0,-0.24
23290,776.333,64,E4,0.22,0,-0.24
23295,776.500,67,G4,0.22,0,-0.24
23300,776.667,60,C4,0.22,0,-0.24
23305,776.833,67,G4,0.22,0,-0.24
23310,777.000,64,E4,0.22,0,-0.24
23315,777.167,67,G4,0.22,0,-0.24
23320,777.333,60,C4,0.22,0,-0.24
23325,777.500,67,G4,0.22,0,-0.24
23330,777.667,64,E4,0.22,0,-0.24
23335,777.833,67,G4,0.22,0,-0.24
23280,776.000,0,C-1,0.1,2,0
23295,776.500,0,C-1,0.1,3,0
23310,777.000,0,C-1,0.1,2,0
23325,777.500,0,C-1,0.1,3,0
23340,778.000,77,F5,0.67,0,0.16
23355,778.500,79,G5,0.48,0,0.16
23370,779.000,81,A5,0.67,0,0.16
23385,779.500,77,F5,0.48,0,0.16
23340,778.000,41,F2,0.6,1,-0.12
23370,779.000,48,C3,0.39,1,-0.12
23340,778.000,65,F4,0.22,0,-0.24
23345,778.167,72,C5,0.22,0,-0.24
23350,778.333,69,A4,0.22,0,-0.24
23355,778.500,72,C5,0.22,0,-0.24
23360,778.667,65,F4,0.22,0,-0.24
23365,778.833,72,C5,0.22,0,-0.24
23370,779.000,69,A4,0.22,0,-0.24
23375,779.167,72,C5,0.22,0,-0.24
23380,779.333,65,F4,0.22,0,-0.24
23385,779.500,72,C5,0.22,0,-0.24
23390,779.667,69,A4,0.22,0,-0.24
23395,779.833,72,C5,0.22,0,-0.24
23340,778.000,0,C-1,0.1,2,0
23355,778.500,0,C-1,0.1,3,0
23370,779.000,0,C-1,0.1,2,0
23385,779.500,0,C-1,0.1,3,0
23400,780.000,79,G5,0.67,0,0.16
23415,780.500,77,F5,0.48,0,0.16
23430,781.000,74,D5,0.67,0,0.16
23445,781.500,79,G5,0.48,0,0.16
23400,780.000,43,G2,0.6,1,-0.12
23430,781.000,50,D3,0.39,1,-0.12
23400,780.000,67,G4,0.22,0,-0.24
23405,780.167,74,D5,0.22,0,-0.24
23410,780.333,71,B4,0.22,0,-0.24
23415,780.500,74,D5,0.22,0,-0.24
23420,780.667,67,G4,0.22,0,-0.24
23425,780.833,74,D5,0.22,0,-0.24
23430,781.000,71,B4,0.22,0,-0.24
23435,781.167,74,D5,0.22,0,-0.24
23440,781.333,67,G4,0.22,0,-0.24
23445,781.500,74,D5,0.22,0,-0.24
23450,781.667,71,B4,0.22,0,-0.24
23455,781.833,74,D5,0.22,0,-0.24
23400,780.000,0,C-1,0.1,2,0
23415,780.500,0,C-1,0.1,3,0
23430,781.000,0,C-1,0.1,2,0
23445,781.500,0,C-1,0.1,3,0
23460,782.000,76,E5,0.67,0,0.16
23460,782.000,88,E6,0.16,0,0.4
23475,782.500,74,D5,0.48,0,0.16
23475,782.500,86,D6,0.16,0,0.4
23490,783.000,72,C5,0.67,0,0.16
23490,783.000,84,C6,0.16,0,0.4
23505,783.500,72,C5,0.48,0,0.16
23505,783.500,84,C6,0.16,0,0.4
23460,782.000,36,C2,0.6,1,-0.12
23490,783.000,43,G2,0.39,1,-0.12
23460,782.000,60,C4,0.22,0,-0.24
23465,782.167,67,G4,0.22,0,-0.24
23470,782.333,64,E4,0.22,0,-0.24
23475,782.500,67,G4,0.22,0,-0.24
23480,782.667,60,C4,0.22,0,-0.24
23485,782.833,67,G4,0.22,0,-0.24
23490,783.000,64,E4,0.22,0,-0.24
23495,783.167,67,G4,0.22,0,-0.24
23500,783.333,60,C4,0.22,0,-0.24
23505,783.500,67,G4,0.22,0,-0.24
23510,783.667,64,E4,0.22,0,-0.24
23515,783.833,67,G4,0.22,0,-0.24
23460,782.000,0,C-1,0.1,2,0
23475,782.500,0,C-1,0.1,3,0
23490,783.000,0,C-1,0.1,2,0
23505,783.500,0,C-1,0.1,3,0
23520,784.000,76,E5,0.67,0,0.16
23535,784.500,74,D5,0.48,0,0.16
23550,785.000,72,C5,0.67,0,0.16
23565,785.500,76,E5,0.48,0,0.16
23520,784.000,36,C2,0.6,1,-0.12
23550,785.000,43,G2,0.39,1,-0.12
23520,784.000,60,C4,0.22,0,-0.24
23525,784.167,67,G4,0.22,0,-0.24
23530,784.333,64,E4,0.22,0,-0.24
23535,784.500,67,G4,0.22,0,-0.24
23540,784.667,60,C4,0.22,0,-0.24
23545,784.833,67,G4,0.22,0,-0.24
23550,785.000,64,E4,0.22,0,-0.24
23555,785.167,67,G4,0.22,0,-0.24
23560,785.333,60,C4,0.22,0,-0.24
23565,785.500,67,G4,0.22,0,-0.24
23570,785.667,64,E4,0.22,0,-0.24
23575,785.833,67,G4,0.22,0,-0.24
23520,784.000,0,C-1,0.1,2,0
23535,784.500,0,C-1,0.1,3,0
23550,785.000,0,C-1,0.1,2,0
23565,785.500,0,C-1,0.1,3,0
23580,786.000,77,F5,0.67,0,0.16
23595,786.500,76,E5,0.48,0,0.16
23610,787.000,74,D5,0.67,0,0.16
23625,787.500,72,C5,0.48,0,0.16
23580,786.000,41,F2,0.6,1,-0.12
23610,787.000,48,C3,0.39,1,-0.12
23580,786.000,65,F4,0.22,0,-0.24
23585,786.167,72,C5,0.22,0,-0.24
23590,786.333,69,A4,0.22,0,-0.24
23595,786.500,72,C5,0.22,0,-0.24
23600,786.667,65,F4,0.22,0,-0.24
23605,786.833,72,C5,0.22,0,-0.24
23610,787.000,69,A4,0.22,0,-0.24
23615,787.167,72,C5,0.22,0,-0.24
23620,787.333,65,F4,0.22,0,-0.24
23625,787.500,72,C5,0.22,0,-0.24
23630,787.667,69,A4,0.22,0,-0.24
23635,787.833,72,C5,0.22,0,-0.24
23580,786.000,0,C-1,0.1,2,0
23595,786.500,0,C-1,0.1,3,0
23610,787.000,0,C-1,0.1,2,0
23625,787.500,0,C-1,0.1,3,0
23640,788.000,74,D5,0.67,0,0.16
23655,788.500,76,E5,0.48,0,0.16
23670,789.000,74,D5,0.67,0,0.16
23685,789.500,79,G5,0.48,0,0.16
23640,788.000,43,G2,0.6,1,-0.12
23670,789.000,50,D3,0.39,1,-0.12
23640,788.000,67,G4,0.22,0,-0.24
23645,788.167,74,D5,0.22,0,-0.24
23650,788.333,71,B4,0.22,0,-0.24
23655,788.500,74,D5,0.22,0,-0.24
23660,788.667,67,G4,0.22,0,-0.24
23665,788.833,74,D5,0.22,0,-0.24
23670,789.000,71,B4,0.22,0,-0.24
23675,789.167,74,D5,0.22,0,-0.24
23680,789.333,67,G4,0.22,0,-0.24
23685,789.500,74,D5,0.22,0,-0.24
23690,789.667,71,B4,0.22,0,-0.24
23695,789.833,74,D5,0.22,0,-0.24
23640,788.000,0,C-1,0.1,2,0
23655,788.500,0,C-1,0.1,3,0
23670,789.000,0,C-1,0.1,2,0
23685,789.500,0,C-1,0.1,3,0
23700,790.000,76,E5,0.67,0,0.16
23700,790.000,88,E6,0.16,0,0.4
23715,790.500,74,D5,0.48,0,0.16
23715,790.500,86,D6,0.16,0,0.4
23730,791.000,72,C5,0.67,0,0.16
23730,791.000,84,C6,0.16,0,0.4
23745,791.500,72,C5,0.48,0,0.16
23745,791.500,84,C6,0.16,0,0.4
23700,790.000,36,C2,0.6,1,-0.12
23730,791.000,43,G2,0.39,1,-0.12
23700,790.000,60,C4,0.22,0,-0.24
23705,790.167,67,G4,0.22,0,-0.24
23710,790.333,64,E4,0.22,0,-0.24
23715,790.500,67,G4,0.22,0,-0.24
23720,790.667,60,C4,0.22,0,-0.24
23725,790.833,67,G4,0.22,0,-0.24
23730,791.000,64,E4,0.22,0,-0.24
23735,791.167,67,G4,0.22,0,-0.24
23740,791.333,60,C4,0.22,0,-0.24
23745,791.500,67,G4,0.22,0,-0.24
23750,791.667,64,E4,0.22,0,-0.24
23755,791.833,67,G4,0.22,0,-0.24
23700,790.000,0,C-1,0.1,2,0
23715,790.500,0,C-1,0.1,3,0
23730,791.000,0,C-1,0.1,2,0
23745,791.500,0,C-1,0.1,3,0
23760,792.000,79,G5,0.67,0,0.16
23775,792.500,76,E5,0.48,0,0.16
23790,793.000,74,D5,0.67,0,0.16
23805,793.500,72,C5,0.48,0,0.16
23760,792.000,36,C2,0.6,1,-0.12
23790,793.000,43,G2,0.39,1,-0.12
23760,792.000,60,C4,0.22,0,-0.24
23765,792.167,67,G4,0.22,0,-0.24
23770,792.333,64,E4,0.22,0,-0.24
23775,792.500,67,G4,0.22,0,-0.24
23780,792.667,60,C4,0.22,0,-0.24
23785,792.833,67,G4,0.22,0,-0.24
23790,793.000,64,E4,0.22,0,-0.24
23795,793.167,67,G4,0.22,0,-0.24
23800,793.333,60,C4,0.22,0,-0.24
23805,793.500,67,G4,0.22,0,-0.24
23810,793.667,64,E4,0.22,0,-0.24
23815,793.833,67,G4,0.22,0,-0.24
23760,792.000,0,C-1,0.1,2,0
23775,792.500,0,C-1,0.1,3,0
23790,793.000,0,C-1,0.1,2,0
23805,793.500,0,C-1,0.1,3,0
23820,794.000,77,F5,0.67,0,0.16
23835,794.500,79,G5,0.48,0,0.16
23850,795.000,81,A5,0.67,0,0.16
23865,795.500,77,F5,0.48,0,0.16
23820,794.000,41,F2,0.6,1,-0.12
23850,795.000,48,C3,0.39,1,-0.12
23820,794.000,65,F4,0.22,0,-0.24
23825,794.167,72,C5,0.22,0,-0.24
23830,794.333,69,A4,0.22,0,-0.24
23835,794.500,72,C5,0.22,0,-0.24
23840,794.667,65,F4,0.22,0,-0.24
23845,794.833,72,C5,0.22,0,-0.24
23850,795.000,69,A4,0.22,0,-0.24
23855,795.167,72,C5,0.22,0,-0.24
23860,795.333,65,F4,0.22,0,-0.24
23865,795.500,72,C5,0.22,0,-0.24
23870,795.667,69,A4,0.22,0,-0.24
23875,795.833,72,C5,0.22,0,-0.24
23820,794.000,0,C-1,0.1,2,0
23835,794.500,0,C-1,0.1,3,0
23850,795.000,0,C-1,0.1,2,0
23865,795.500,0,C-1,0.1,3,0
23880,796.000,79,G5,0.67,0,0.16
23895,796.500,77,F5,0.48,0,0.16
23910,797.000,74,D5,0.67,0,0.16
23925,797.500,79,G5,0.48,0,0.16
23880,796.000,43,G2,0.6,1,-0.12
23910,797.000,50,D3,0.39,1,-0.12
23880,796.000,67,G4,0.22,0,-0.24
23885,796.167,74,D5,0.22,0,-0.24
23890,796.333,71,B4,0.22,0,-0.24
23895,796.500,74,D5,0.22,0,-0.24
23900,796.667,67,G4,0.22,0,-0.24
23905,796.833,74,D5,0.22,0,-0.24
23910,797.000,71,B4,0.22,0,-0.24
23915,797.167,74,D5,0.22,0,-0.24
23920,797.333,67,G4,0.22,0,-0.24
23925,797.500,74,D5,0.22,0,-0.24
23930,797.667,71,B4,0.22,0,-0.24
23935,797.833,74,D5,0.22,0,-0.24
23880,796.000,0,C-1,0.1,2,0
23895,796.500,0,C-1,0.1,3,0
23910,797.000,0,C-1,0.1,2,0
23925,797.500,0,C-1,0.1,3,0
23940,798.000,76,E5,0.67,0,0.16
23940,798.000,88,E6,0.16,0,0.4
23955,798.500,74,D5,0.48,0,0.16
23955,798.500,86,D6,0.16,0,0.4
23970,799.000,72,C5,0.67,0,0.16
23970,799.000,84,C6,0.16,0,0.4
23985,799.500,72,C5,0.48,0,0.16
23985,799.500,84,C6,0.16,0,0.4
23940,798.000,36,C2,0.6,1,-0.12
23970,799.000,43,G2,0.39,1,-0.12
23940,798.000,60,C4,0.22,0,-0.24
23945,798.167,67,G4,0.22,0,-0.24
23950,798.333,64,E4,0.22,0,-0.24
23955,798.500,67,G4,0.22,0,-0.24
23960,798.667,60,C4,0.22,0,-0.24
23965,798.833,67,G4,0.22,0,-0.24
23970,799.000,64,E4,0.22,0,-0.24
23975,799.167,67,G4,0.22,0,-0.24
23980,799.333,60,C4,0.22,0,-0.24
23985,799.500,67,G4,0.22,0,-0.24
23990,799.667,64,E4,0.22,0,-0.24
23995,799.833,67,G4,0.22,0,-0.24
23940,798.000,0,C-1,0.1,2,0
23955,798.500,0,C-1,0.1,3,0
23970,799.000,0,C-1,0.1,2,0
23985,799.500,0,C-1,0.1,3,0
24000,800.000,76,E5,0.67,0,0.16
24015,800.500,74,D5,0.48,0,0.16
24030,801.000,72,C5,0.67,0,0.16
24045,801.500,76,E5,0.48,0,0.16
24000,800.000,36,C2,0.6,1,-0.12
24030,801.000,43,G2,0.39,1,-0.12
24000,800.000,60,C4,0.22,0,-0.24
24005,800.167,67,G4,0.22,0,-0.24
24010,800.333,64,E4,0.22,0,-0.24
24015,800.500,67,G4,0.22,0,-0.24
24020,800.667,60,C4,0.22,0,-0.24
24025,800.833,67,G4,0.22,0,-0.24
24030,801.000,64,E4,0.22,0,-0.24
24035,801.167,67,G4,0.22,0,-0.24
24040,801.333,60,C4,0.22,0,-0.24
24045,801.500,67,G4,0.22,0,-0.24
24050,801.667,64,E4,0.22,0,-0.24
24055,801.833,67,G4,0.22,0,-0.24
24000,800.000,0,C-1,0.1,2,0
24015,800.500,0,C-1,0.1,3,0
24030,801.000,0,C-1,0.1,2,0
24045,801.500,0,C-1,0.1,3,0
24060,802.000,77,F5,0.67,0,0.16
24075,802.500,76,E5,0.48,0,0.16
24090,803.000,74,D5,0.67,0,0.16
24105,803.500,72,C5,0.48,0,0.16
24060,802.000,41,F2,0.6,1,-0.12
24090,803.000,48,C3,0.39,1,-0.12
24060,802.000,65,F4,0.22,0,-0.24
24065,802.167,72,C5,0.22,0,-0.24
24070,802.333,69,A4,0.22,0,-0.24
24075,802.500,72,C5,0.22,0,-0.24
24080,802.667,65,F4,0.22,0,-0.24
24085,802.833,72,C5,0.22,0,-0.24
24090,803.000,69,A4,0.22,0,-0.24
24095,803.167,72,C5,0.22,0,-0.24
24100,803.333,65,F4,0.22,0,-0.24
24105,803.500,72,C5,0.22,0,-0.24
24110,803.667,69,A4,0.22,0,-0.24
24115,803.833,72,C5,0.22,0,-0.24
24060,802.000,0,C-1,0.1,2,0
24075,802.500,0,C-1,0.1,3,0
24090,803.000,0,C-1,0.1,2,0
24105,803.500,0,C-1,0.1,3,0
24120,804.000,74,D5,0.67,0,0.16
24135,804.500,76,E5,0.48,0,0.16
24150,805.000,74,D5,0.67,0,0.16
24165,805.500,79,G5,0.48,0,0.16
24120,804.000,43,G2,0.6,1,-0.12
24150,805.000,50,D3,0.39,1,-0.12
24120,804.000,67,G4,0.22,0,-0.24
24125,804.167,74,D5,0.22,0,-0.24
24130,804.333,71,B4,0.22,0,-0.24
24135,804.500,74,D5,0.22,0,-0.24
24140,804.667,67,G4,0.22,0,-0.24
24145,804.833,74,D5,0.22,0,-0.24
24150,805.000,71,B4,0.22,0,-0.24
24155,805.167,74,D5,0.22,0,-0.24
24160,805.333,67,G4,0.22,0,-0.24
24165,805.500,74,D5,0.22,0,-0.24
24170,805.667,71,B4,0.22,0,-0.24
24175,805.833,74,D5,0.22,0,-0.24
24120,804.000,0,C-1,0.1,2,0
24135,804.500,0,C-1,0.1,3,0
24150,805.000,0,C-1,0.1,2,0
24165,805.500,0,C-1,0.1,3,0
24180,806.000,76,E5,0.67,0,0.16
24180,806.000,88,E6,0.16,0,0.4
24195,806.500,74,D5,0.48,0,0.16
24195,806.500,86,D6,0.16,0,0.4
24210,807.000,72,C5,0.67,0,0.16
24210,807.000,84,C6,0.16,0,0.4
24225,807.500,72,C5,0.48,0,0.16
24225,807.500,84,C6,0.16,0,0.4
24180,806.000,36,C2,0.6,1,-0.12
24210,807.000,43,G2,0.39,1,-0.12
24180,806.000,60,C4,0.22,0,-0.24
24185,806.167,67,G4,0.22,0,-0.24
24190,806.333,64,E4,0.22,0,-0.24
24195,806.500,67,G4,0.22,0,-0.24
24200,806.667,60,C4,0.22,0,-0.24
24205,806.833,67,G4,0.22,0,-0.24
24210,807.000,64,E4,0.22,0,-0.24
24215,807.167,67,G4,0.22,0,-0.24
24220,807.333,60,C4,0.22,0,-0.24
24225,807.500,67,G4,0.22,0,-0.24
24230,807.667,64,E4,0.22,0,-0.24
24235,807.833,67,G4,0.22,0,-0.24
24180,806.000,0,C-1,0.1,2,0
24195,806.500,0,C-1,0.1,3,0
24210,807.000,0,C-1,0.1,2,0
24225,807.500,0,C-1,0.1,3,0
24240,808.000,79,G5,0.67,0,0.16
24255,808.500,76,E5,0.48,0,0.16
24270,809.000,74,D5,0.67,0,0.16
24285,809.500,72,C5,0.48,0,0.16
24240,808.000,36,C2,0.6,1,-0.12
24270,809.000,43,G2,0.39,1,-0.12
24240,808.000,60,C4,0.22,0,-0.24
24245,808.167,67,G4,0.22,0,-0.24
24250,808.333,64,E4,0.22,0,-0.24
24255,808.500,67,G4,0.22,0,-0.24
24260,808.667,60,C4,0.22,0,-0.24
24265,808.833,67,G4,0.22,0,-0.24
24270,809.000,64,E4,0.22,0,-0.24
24275,809.167,67,G4,0.22,0,-0.24
24280,809.333,60,C4,0.22,0,-0.24
24285,809.500,67,G4,0.22,0,-0.24
24290,809.667,64,E4,0.22,0,-0.24
24295,809.833,67,G4,0.22,0,-0.24
24240,808.000,0,C-1,0.1,2,0
24255,808.500,0,C-1,0.1,3,0
24270,809.000,0,C-1,0.1,2,0
24285,809.500,0,C-1,0.1,3,0
24300,810.000,77,F5,0.67,0,0.16
24315,810.500,79,G5,0.48,0,0.16
24330,811.000,81,A5,0.67,0,0.16
24345,811.500,77,F5,0.48,0,0.16
24300,810.000,41,F2,0.6,1,-0.12
24330,811.000,48,C3,0.39,1,-0.12
24300,810.000,65,F4,0.22,0,-0.24
24305,810.167,72,C5,0.22,0,-0.24
24310,810.333,69,A4,0.22,0,-0.24
24315,810.500,72,C5,0.22,0,-0.24
24320,810.667,65,F4,0.22,0,-0.24
24325,810.833,72,C5,0.22,0,-0.24
24330,811.000,69,A4,0.22,0,-0.24
24335,811.167,72,C5,0.22,0,-0.24
24340,811.333,65,F4,0.22,0,-0.24
24345,811.500,72,C5,0.22,0,-0.24
24350,811.667,69,A4,0.22,0,-0.24
24355,811.833,72,C5,0.22,0,-0.24
24300,810.000,0,C-1,0.1,2,0
24315,810.500,0,C-1,0.1,3,0
24330,811.000,0,C-1,0.1,2,0
24345,811.500,0,C-1,0.1,3,0
24360,812.000,79,G5,0.67,0,0.16
24375,812.500,77,F5,0.48,0,0.16
24390,813.000,74,D5,0.67,0,0.16
24405,813.500,79,G5,0.48,0,0.16
24360,812.000,43,G2,0.6,1,-0.12
24390,813.000,50,D3,0.39,1,-0.12
24360,812.000,67,G4,0.22,0,-0.24
24365,812.167,74,D5,0.22,0,-0.24
24370,812.333,71,B4,0.22,0,-0.24
24375,812.500,74,D5,0.22,0,-0.24
24380,812.667,67,G4,0.22,0,-0.24
24385,812.833,74,D5,0.22,0,-0.24
24390,813.000,71,B4,0.22,0,-0.24
24395,813.167,74,D5,0.22,0,-0.24
24400,813.333,67,G4,0.22,0,-0.24
24405,813.500,74,D5,0.22,0,-0.24
24410,813.667,71,B4,0.22,0,-0.24
24415,813.833,74,D5,0.22,0,-0.24
24360,812.000,0,C-1,0.1,2,0
24375,812.500,0,C-1,0.1,3,0
24390,813.000,0,C-1,0.1,2,0
24405,813.500,0,C-1,0.1,3,0
24420,814.000,76,E5,0.67,0,0.16
24420,814.000,88,E6,0.16,0,0.4
24435,814.500,74,D5,0.48,0,0.16
24435,814.500,86,D6,0.16,0,0.4
24450,815.000,72,C5,0.67,0,0.16
24450,815.000,84,C6,0.16,0,0.4
24465,815.500,72,C5,0.48,0,0.16
24465,815.500,84,C6,0.16,0,0.4
24420,814.000,36,C2,0.6,1,-0.12
24450,815.000,43,G2,0.39,1,-0.12
24420,814.000,60,C4,0.22,0,-0.24
24425,814.167,67,G4,0.22,0,-0.24
24430,814.333,64,E4,0.22,0,-0.24
24435,814.500,67,G4,0.22,0,-0.24
24440,814.667,60,C4,0.22,0,-0.24
24445,814.833,67,G4,0.22,0,-0.24
24450,815.000,64,E4,0.22,0,-0.24
24455,815.167,67,G4,0.22,0,-0.24
24460,815.333,60,C4,0.22,0,-0.24
24465,815.500,67,G4,0.22,0,-0.24
24470,815.667,64,E4,0.22,0,-0.24
24475,815.833,67,G4,0.22,0,-0.24
24420,814.000,0,C-1,0.1,2,0
24435,814.500,0,C-1,0.1,3,0
24450,815.000,0,C-1,0.1,2,0
24465,815.500,0,C-1,0.1,3,0
24480,816.000,76,E5,0.67,0,0.16
24495,816.500,74,D5,0.48,0,0.16
24510,817.000,72,C5,0.67,0,0.16
24480,816.000,36,C2,0.6,1,-0.12
24510,817.000,43,G2,0.39,1,-0.12
24480,816.000,60,C4,0.22,0,-0.24
24485,816.167,67,G4,0.22,0,-0.24
24490,816.333,64,E4,0.22,0,-0.24
24495,816.500,67,G4,0.22,0,-0.24
24500,816.667,60,C4,0.22,0,-0.24
24505,816.833,67,G4,0.22,0,-0.24
24510,817.000,64,E4,0.22,0,-0.24
24515,817.167,67,G4,0.22,0,-0.24
24520,817.333,60,C4,0.22,0,-0.24
24480,816.000,0,C-1,0.1,2,0
24495,816.500,0,C-1,0.1,3,0
24510,817.000,0,C-1,0.1,2,0
24435,814.500,72,C5,0.8,4,0
24435,814.500,60,C4,0.4,4,0